source;campaign_id;adset_id;ad_id;date;spend;impressions;clicks;installs;registrations;timestamp
google;goog_camp_001;goog_adset_001;goog_ad_001;02.01.2024;3.625;90;0;0;0;2024-01-02 03:08:00 UTC
google;goog_camp_001;goog_adset_001;goog_ad_001;02.01.2024;7.25;180;1;0;0;2024-01-02 13:35:29 UTC
google;goog_camp_001;goog_adset_001;goog_ad_001;02.01.2024;10.875;271;2;0;0;2024-01-03 00:14:59 UTC
google;goog_camp_001;goog_adset_001;goog_ad_001;03.01.2024;12.9314;322;2;0;0;2024-01-03 00:41:00 UTC
google;goog_camp_001;goog_adset_001;goog_ad_001;03.01.2024;14.9878;374;2;0;0;2024-01-03 05:23:47 UTC
google;goog_camp_001;goog_adset_001;goog_ad_001;03.01.2024;17.0442;425;3;0;0;2024-01-03 10:00:35 UTC
google;goog_camp_001;goog_adset_001;goog_ad_001;03.01.2024;19.1006;477;3;0;0;2024-01-03 14:44:23 UTC
google;goog_camp_001;goog_adset_001;goog_ad_001;03.01.2024;21.157;528;3;0;0;2024-01-03 19:30:11 UTC
google;goog_camp_001;goog_adset_001;goog_ad_001;03.01.2024;23.2134;580;4;1;1;2024-01-04 00:06:59 UTC
google;goog_camp_001;goog_adset_001;goog_ad_001;04.01.2024;31.2242;780;5;1;1;2024-01-04 01:30:00 UTC
google;goog_camp_001;goog_adset_001;goog_ad_001;04.01.2024;39.2349;980;7;2;2;2024-01-04 12:42:59 UTC
google;goog_camp_001;goog_adset_001;goog_ad_001;04.01.2024;47.2457;1181;9;3;3;2024-01-05 00:07:59 UTC
google;goog_camp_001;goog_adset_001;goog_ad_001;05.01.2024;53.0238;1325;10;3;3;2024-01-05 03:23:00 UTC
google;goog_camp_001;goog_adset_001;goog_ad_001;05.01.2024;58.8018;1469;11;3;3;2024-01-05 08:29:29 UTC
google;goog_camp_001;goog_adset_001;goog_ad_001;05.01.2024;64.5799;1614;12;4;4;2024-01-05 13:46:59 UTC
google;goog_camp_001;goog_adset_001;goog_ad_001;05.01.2024;70.3579;1758;13;4;4;2024-01-05 19:03:29 UTC
google;goog_camp_001;goog_adset_001;goog_ad_001;05.01.2024;76.136;1903;15;5;5;2024-01-06 00:10:59 UTC
google;goog_camp_001;goog_adset_001;goog_ad_001;06.01.2024;81.805;2044;16;5;5;2024-01-06 03:23:00 UTC
google;goog_camp_001;goog_adset_001;goog_ad_001;06.01.2024;87.474;2186;17;5;5;2024-01-06 08:25:59 UTC
google;goog_camp_001;goog_adset_001;goog_ad_001;06.01.2024;93.143;2328;18;6;6;2024-01-06 13:45:59 UTC
google;goog_camp_001;goog_adset_001;goog_ad_001;06.01.2024;98.812;2470;19;6;6;2024-01-06 18:58:59 UTC
google;goog_camp_001;goog_adset_001;goog_ad_001;06.01.2024;104.481;2612;20;7;7;2024-01-07 00:06:59 UTC
google;goog_camp_001;goog_adset_001;goog_ad_001;07.01.2024;109.2387;2730;21;7;7;2024-01-07 02:58:00 UTC
google;goog_camp_001;goog_adset_001;goog_ad_001;07.01.2024;113.9964;2849;22;7;7;2024-01-07 07:16:59 UTC
google;goog_camp_001;goog_adset_001;goog_ad_001;07.01.2024;118.754;2968;23;8;8;2024-01-07 11:31:59 UTC
google;goog_camp_001;goog_adset_001;goog_ad_001;07.01.2024;123.5117;3087;24;8;8;2024-01-07 15:34:59 UTC
google;goog_camp_001;goog_adset_001;goog_ad_001;07.01.2024;128.2694;3206;25;8;8;2024-01-07 19:55:59 UTC
google;goog_camp_001;goog_adset_001;goog_ad_001;07.01.2024;133.0271;3325;26;9;9;2024-01-08 00:03:59 UTC
google;goog_camp_001;goog_adset_001;goog_ad_001;08.01.2024;134.292;3356;26;9;9;2024-01-08 00:50:00 UTC
google;goog_camp_001;goog_adset_001;goog_ad_001;08.01.2024;135.5568;3388;26;9;9;2024-01-08 06:34:29 UTC
google;goog_camp_001;goog_adset_001;goog_ad_001;08.01.2024;136.8217;3419;26;9;9;2024-01-08 12:23:59 UTC
google;goog_camp_001;goog_adset_001;goog_ad_001;08.01.2024;138.0865;3451;26;9;9;2024-01-08 18:14:29 UTC
google;goog_camp_001;goog_adset_001;goog_ad_001;08.01.2024;139.3514;3483;27;10;9;2024-01-09 00:02:59 UTC
google;goog_camp_001;goog_adset_001;goog_ad_001;09.01.2024;141.0833;3526;27;10;9;2024-01-09 00:57:00 UTC
google;goog_camp_001;goog_adset_001;goog_ad_001;09.01.2024;142.8151;3569;27;10;9;2024-01-09 05:35:59 UTC
google;goog_camp_001;goog_adset_001;goog_ad_001;09.01.2024;144.547;3613;28;10;9;2024-01-09 10:10:59 UTC
google;goog_camp_001;goog_adset_001;goog_ad_001;09.01.2024;146.2789;3656;28;10;9;2024-01-09 14:47:59 UTC
google;goog_camp_001;goog_adset_001;goog_ad_001;09.01.2024;148.0107;3699;28;10;9;2024-01-09 19:25:59 UTC
google;goog_camp_001;goog_adset_001;goog_ad_001;09.01.2024;149.7426;3743;29;11;10;2024-01-10 00:08:59 UTC
google;goog_camp_001;goog_adset_001;goog_ad_001;10.01.2024;156.6328;3915;30;11;10;2024-01-10 00:37:00 UTC
google;goog_camp_001;goog_adset_001;goog_ad_001;10.01.2024;163.5229;4087;32;11;11;2024-01-10 12:15:59 UTC
google;goog_camp_001;goog_adset_001;goog_ad_001;10.01.2024;170.4131;4260;34;12;12;2024-01-11 00:05:59 UTC
google;goog_camp_001;goog_adset_001;goog_ad_001;11.01.2024;180.8652;4521;36;12;12;2024-01-11 02:06:00 UTC
google;goog_camp_001;goog_adset_001;goog_ad_001;11.01.2024;191.3173;4782;38;13;13;2024-01-11 09:29:39 UTC
google;goog_camp_001;goog_adset_001;goog_ad_001;11.01.2024;201.7695;5043;40;14;14;2024-01-11 16:46:19 UTC
google;goog_camp_001;goog_adset_001;goog_ad_001;11.01.2024;212.2216;5305;42;15;15;2024-01-12 00:00:59 UTC
google;goog_camp_001;goog_adset_001;goog_ad_001;12.01.2024;240.1656;6003;47;17;17;2024-01-12 02:29:00 UTC
google;goog_camp_001;goog_adset_001;goog_ad_001;12.01.2024;268.1095;6702;53;19;19;2024-01-12 13:23:29 UTC
google;goog_camp_001;goog_adset_001;goog_ad_001;12.01.2024;296.0535;7401;59;21;21;2024-01-13 00:03:59 UTC
google;goog_camp_001;goog_adset_001;goog_ad_001;13.01.2024;304.4466;7610;60;21;21;2024-01-13 01:36:00 UTC
google;goog_camp_001;goog_adset_001;goog_ad_001;13.01.2024;312.8398;7820;62;22;21;2024-01-13 12:51:29 UTC
google;goog_camp_001;goog_adset_001;goog_ad_001;13.01.2024;321.2329;8030;64;23;22;2024-01-14 00:12:59 UTC
google;goog_camp_001;goog_adset_001;goog_ad_001;14.01.2024;327.9359;8197;65;23;22;2024-01-14 01:04:00 UTC
google;goog_camp_001;goog_adset_001;goog_ad_001;14.01.2024;334.6389;8365;66;24;23;2024-01-14 06:45:44 UTC
google;goog_camp_001;goog_adset_001;goog_ad_001;14.01.2024;341.3419;8532;67;24;23;2024-01-14 12:29:29 UTC
google;goog_camp_001;goog_adset_001;goog_ad_001;14.01.2024;348.0449;8700;68;25;24;2024-01-14 18:27:14 UTC
google;goog_camp_001;goog_adset_001;goog_ad_001;14.01.2024;354.7479;8868;70;26;25;2024-01-15 00:02:59 UTC
google;goog_camp_001;goog_adset_001;goog_ad_001;15.01.2024;356.6229;8915;70;26;25;2024-01-15 01:07:00 UTC
google;goog_camp_001;goog_adset_001;goog_ad_001;15.01.2024;358.498;8962;71;26;25;2024-01-15 12:42:29 UTC
google;goog_camp_001;goog_adset_001;goog_ad_001;15.01.2024;360.373;9009;72;26;25;2024-01-16 00:07:59 UTC
google;goog_camp_001;goog_adset_001;goog_ad_001;16.01.2024;371.337;9283;74;27;25;2024-01-16 01:00:00 UTC
google;goog_camp_001;goog_adset_001;goog_ad_001;16.01.2024;382.3011;9557;76;28;26;2024-01-16 12:34:59 UTC
google;goog_camp_001;goog_adset_001;goog_ad_001;16.01.2024;393.2651;9831;78;29;27;2024-01-17 00:12:59 UTC
google;goog_camp_001;goog_adset_001;goog_ad_001;17.01.2024;416.5089;10412;82;30;28;2024-01-17 00:34:00 UTC
google;goog_camp_001;goog_adset_001;goog_ad_001;17.01.2024;439.7526;10993;87;32;30;2024-01-17 12:18:59 UTC
google;goog_camp_001;goog_adset_001;goog_ad_001;17.01.2024;462.9964;11574;92;34;32;2024-01-18 00:10:59 UTC
google;goog_camp_001;goog_adset_001;goog_ad_001;18.01.2024;466.4489;11660;92;34;32;2024-01-18 02:04:00 UTC
google;goog_camp_001;goog_adset_001;goog_ad_001;18.01.2024;469.9013;11746;93;34;32;2024-01-18 13:01:59 UTC
google;goog_camp_001;goog_adset_001;goog_ad_001;18.01.2024;473.3538;11833;94;35;33;2024-01-19 00:11:59 UTC
google;goog_camp_001;goog_adset_001;goog_ad_001;19.01.2024;475.8907;11896;94;35;33;2024-01-19 03:57:00 UTC
google;goog_camp_001;goog_adset_001;goog_ad_001;19.01.2024;478.4276;11959;95;35;33;2024-01-19 08:58:59 UTC
google;goog_camp_001;goog_adset_001;goog_ad_001;19.01.2024;480.9644;12023;95;35;33;2024-01-19 14:05:59 UTC
google;goog_camp_001;goog_adset_001;goog_ad_001;19.01.2024;483.5013;12086;96;35;33;2024-01-19 19:10:59 UTC
google;goog_camp_001;goog_adset_001;goog_ad_001;19.01.2024;486.0382;12150;97;35;34;2024-01-20 00:01:59 UTC
google;goog_camp_001;goog_adset_001;goog_ad_001;20.01.2024;495.195;12379;98;35;34;2024-01-20 02:35:00 UTC
google;goog_camp_001;goog_adset_001;goog_ad_001;20.01.2024;504.3518;12608;100;36;35;2024-01-20 09:36:59 UTC
google;goog_camp_001;goog_adset_001;goog_ad_001;20.01.2024;513.5087;12837;102;37;36;2024-01-20 16:48:59 UTC
google;goog_camp_001;goog_adset_001;goog_ad_001;20.01.2024;522.6655;13066;104;38;37;2024-01-21 00:13:59 UTC
google;goog_camp_001;goog_adset_001;goog_ad_001;21.01.2024;527.7835;13194;105;38;37;2024-01-21 03:39:00 UTC
google;goog_camp_001;goog_adset_001;goog_ad_001;21.01.2024;532.9016;13322;106;39;37;2024-01-21 10:30:19 UTC
google;goog_camp_001;goog_adset_001;goog_ad_001;21.01.2024;538.0196;13450;107;39;37;2024-01-21 17:09:39 UTC
google;goog_camp_001;goog_adset_001;goog_ad_001;21.01.2024;543.1376;13578;108;40;38;2024-01-22 00:03:59 UTC
google;goog_camp_001;goog_adset_001;goog_ad_001;22.01.2024;543.5668;13588;108;40;38;2024-01-22 02:27:00 UTC
google;goog_camp_001;goog_adset_001;goog_ad_001;22.01.2024;543.996;13599;108;40;38;2024-01-22 06:41:23 UTC
google;goog_camp_001;goog_adset_001;goog_ad_001;22.01.2024;544.4252;13610;108;40;38;2024-01-22 11:00:47 UTC
google;goog_camp_001;goog_adset_001;goog_ad_001;22.01.2024;544.8544;13620;108;40;38;2024-01-22 15:24:11 UTC
google;goog_camp_001;goog_adset_001;goog_ad_001;22.01.2024;545.2836;13631;108;40;38;2024-01-22 19:45:35 UTC
google;goog_camp_001;goog_adset_001;goog_ad_001;22.01.2024;545.7128;13642;109;40;38;2024-01-23 00:11:59 UTC
google;goog_camp_001;goog_adset_001;goog_ad_001;23.01.2024;547.9364;13697;109;40;38;2024-01-23 02:51:00 UTC
google;goog_camp_001;goog_adset_001;goog_ad_001;23.01.2024;550.16;13753;109;40;38;2024-01-23 06:59:59 UTC
google;goog_camp_001;goog_adset_001;goog_ad_001;23.01.2024;552.3836;13809;110;40;38;2024-01-23 11:14:59 UTC
google;goog_camp_001;goog_adset_001;goog_ad_001;23.01.2024;554.6073;13864;110;40;38;2024-01-23 15:40:59 UTC
google;goog_camp_001;goog_adset_001;goog_ad_001;23.01.2024;556.8309;13920;110;40;38;2024-01-23 19:56:59 UTC
google;goog_camp_001;goog_adset_001;goog_ad_001;23.01.2024;559.0545;13976;111;41;39;2024-01-24 00:08:59 UTC
google;goog_camp_001;goog_adset_001;goog_ad_001;24.01.2024;567.7095;14192;112;41;39;2024-01-24 01:21:00 UTC
google;goog_camp_001;goog_adset_001;goog_ad_001;24.01.2024;576.3645;14408;114;42;40;2024-01-24 05:49:23 UTC
google;goog_camp_001;goog_adset_001;goog_ad_001;24.01.2024;585.0195;14625;116;43;41;2024-01-24 10:23:47 UTC
google;goog_camp_001;goog_adset_001;goog_ad_001;24.01.2024;593.6745;14841;118;43;41;2024-01-24 15:06:11 UTC
google;goog_camp_001;goog_adset_001;goog_ad_001;24.01.2024;602.3295;15057;120;44;42;2024-01-24 19:32:35 UTC
google;goog_camp_001;goog_adset_001;goog_ad_001;24.01.2024;610.9845;15274;122;45;43;2024-01-25 00:14:59 UTC
google;goog_camp_001;goog_adset_001;goog_ad_001;25.01.2024;613.6581;15340;122;45;43;2024-01-25 02:09:00 UTC
google;goog_camp_001;goog_adset_001;goog_ad_001;25.01.2024;616.3318;15407;123;45;43;2024-01-25 06:27:47 UTC
google;goog_camp_001;goog_adset_001;goog_ad_001;25.01.2024;619.0054;15474;123;45;43;2024-01-25 11:01:35 UTC
google;goog_camp_001;goog_adset_001;goog_ad_001;25.01.2024;621.679;15541;124;45;43;2024-01-25 15:13:23 UTC
google;goog_camp_001;goog_adset_001;goog_ad_001;25.01.2024;624.3527;15608;124;45;43;2024-01-25 19:48:11 UTC
google;goog_camp_001;goog_adset_001;goog_ad_001;25.01.2024;627.0263;15675;125;46;44;2024-01-26 00:12:59 UTC
google;goog_camp_001;goog_adset_001;goog_ad_001;26.01.2024;632.37;15808;126;46;44;2024-01-26 00:27:00 UTC
google;goog_camp_001;goog_adset_001;goog_ad_001;26.01.2024;637.7137;15942;127;46;44;2024-01-26 12:17:29 UTC
google;goog_camp_001;goog_adset_001;goog_ad_001;26.01.2024;643.0574;16076;128;47;45;2024-01-27 00:12:59 UTC
google;goog_camp_001;goog_adset_001;goog_ad_001;27.01.2024;651.8183;16295;129;47;45;2024-01-27 03:10:00 UTC
google;goog_camp_001;goog_adset_001;goog_ad_001;27.01.2024;660.5792;16514;131;48;46;2024-01-27 10:14:59 UTC
google;goog_camp_001;goog_adset_001;goog_ad_001;27.01.2024;669.3401;16733;133;49;47;2024-01-27 17:01:59 UTC
google;goog_camp_001;goog_adset_001;goog_ad_001;27.01.2024;678.101;16952;135;50;48;2024-01-28 00:10:59 UTC
google;goog_camp_001;goog_adset_001;goog_ad_001;28.01.2024;684.5611;17113;136;50;48;2024-01-28 00:52:00 UTC
google;goog_camp_001;goog_adset_001;goog_ad_001;28.01.2024;691.0212;17275;137;51;48;2024-01-28 08:39:39 UTC
google;goog_camp_001;goog_adset_001;goog_ad_001;28.01.2024;697.4812;17436;138;51;48;2024-01-28 16:24:19 UTC
google;goog_camp_001;goog_adset_001;goog_ad_001;28.01.2024;703.9413;17598;140;52;49;2024-01-29 00:14:59 UTC
google;goog_camp_001;goog_adset_001;goog_ad_001;29.01.2024;707.0115;17674;140;52;49;2024-01-29 03:40:00 UTC
google;goog_camp_001;goog_adset_001;goog_ad_001;29.01.2024;710.0817;17751;141;52;49;2024-01-29 08:44:44 UTC
google;goog_camp_001;goog_adset_001;goog_ad_001;29.01.2024;713.152;17828;141;52;50;2024-01-29 13:54:29 UTC
google;goog_camp_001;goog_adset_001;goog_ad_001;29.01.2024;716.2222;17905;142;52;50;2024-01-29 19:00:14 UTC
google;goog_camp_001;goog_adset_001;goog_ad_001;29.01.2024;719.2924;17982;143;53;51;2024-01-30 00:13:59 UTC
google;goog_camp_001;goog_adset_001;goog_ad_001;30.01.2024;721.6884;18041;143;53;51;2024-01-30 03:04:00 UTC
google;goog_camp_001;goog_adset_001;goog_ad_001;30.01.2024;724.0844;18101;144;53;51;2024-01-30 08:14:29 UTC
google;goog_camp_001;goog_adset_001;goog_ad_001;30.01.2024;726.4805;18161;144;53;51;2024-01-30 13:42:59 UTC
google;goog_camp_001;goog_adset_001;goog_ad_001;30.01.2024;728.8765;18221;145;53;51;2024-01-30 18:49:29 UTC
google;goog_camp_001;goog_adset_001;goog_ad_001;30.01.2024;731.2725;18281;146;54;51;2024-01-31 00:14:59 UTC
google;goog_camp_001;goog_adset_001;goog_ad_001;31.01.2024;758.701;18966;151;56;53;2024-01-31 03:39:00 UTC
google;goog_camp_001;goog_adset_001;goog_ad_001;31.01.2024;786.1296;19652;157;58;55;2024-01-31 10:22:39 UTC
google;goog_camp_001;goog_adset_001;goog_ad_001;31.01.2024;813.5581;20338;162;60;57;2024-01-31 17:24:19 UTC
google;goog_camp_001;goog_adset_001;goog_ad_001;31.01.2024;840.9866;21024;168;62;59;2024-02-01 00:08:59 UTC
google;goog_camp_001;goog_adset_001;goog_ad_001;01.02.2024;848.7059;21217;169;62;59;2024-02-01 03:09:00 UTC
google;goog_camp_001;goog_adset_001;goog_ad_001;01.02.2024;856.4252;21410;171;63;60;2024-02-01 07:21:47 UTC
google;goog_camp_001;goog_adset_001;goog_ad_001;01.02.2024;864.1444;21603;172;63;60;2024-02-01 11:32:35 UTC
google;goog_camp_001;goog_adset_001;goog_ad_001;01.02.2024;871.8637;21796;174;64;61;2024-02-01 15:41:23 UTC
google;goog_camp_001;goog_adset_001;goog_ad_001;01.02.2024;879.583;21989;175;64;61;2024-02-01 20:00:11 UTC
google;goog_camp_001;goog_adset_001;goog_ad_001;01.02.2024;887.3023;22182;177;65;62;2024-02-02 00:03:59 UTC
google;goog_camp_001;goog_adset_001;goog_ad_001;02.02.2024;893.01;22324;178;65;62;2024-02-02 00:11:00 UTC
google;goog_camp_001;goog_adset_001;goog_ad_001;02.02.2024;898.7177;22467;179;65;63;2024-02-02 06:07:29 UTC
google;goog_camp_001;goog_adset_001;goog_ad_001;02.02.2024;904.4254;22610;180;66;63;2024-02-02 12:07:59 UTC
google;goog_camp_001;goog_adset_001;goog_ad_001;02.02.2024;910.1331;22753;181;66;64;2024-02-02 18:12:29 UTC
google;goog_camp_001;goog_adset_001;goog_ad_001;02.02.2024;915.8408;22896;183;67;65;2024-02-03 00:11:59 UTC
google;goog_camp_001;goog_adset_001;goog_ad_001;03.02.2024;923.3017;23082;184;67;65;2024-02-03 02:15:00 UTC
google;goog_camp_001;goog_adset_001;goog_ad_001;03.02.2024;930.7626;23269;186;68;66;2024-02-03 09:37:39 UTC
google;goog_camp_001;goog_adset_001;goog_ad_001;03.02.2024;938.2236;23455;187;68;66;2024-02-03 16:53:19 UTC
google;goog_camp_001;goog_adset_001;goog_ad_001;03.02.2024;945.6845;23642;189;69;67;2024-02-04 00:04:59 UTC
google;goog_camp_001;goog_adset_001;goog_ad_001;04.02.2024;949.3218;23732;189;69;67;2024-02-04 01:02:00 UTC
google;goog_camp_001;goog_adset_001;goog_ad_001;04.02.2024;952.9591;23823;190;69;67;2024-02-04 07:00:44 UTC
google;goog_camp_001;goog_adset_001;goog_ad_001;04.02.2024;956.5963;23914;190;70;67;2024-02-04 12:43:29 UTC
google;goog_camp_001;goog_adset_001;goog_ad_001;04.02.2024;960.2336;24005;191;70;67;2024-02-04 18:24:14 UTC
google;goog_camp_001;goog_adset_001;goog_ad_001;04.02.2024;963.8709;24096;192;71;68;2024-02-05 00:09:59 UTC
google;goog_camp_001;goog_adset_001;goog_ad_001;05.02.2024;968.9943;24224;193;71;68;2024-02-05 02:06:00 UTC
google;goog_camp_001;goog_adset_001;goog_ad_001;05.02.2024;974.1177;24352;194;71;68;2024-02-05 07:29:44 UTC
google;goog_camp_001;goog_adset_001;goog_ad_001;05.02.2024;979.2411;24480;195;72;69;2024-02-05 13:08:29 UTC
google;goog_camp_001;goog_adset_001;goog_ad_001;05.02.2024;984.3645;24608;196;72;69;2024-02-05 18:35:14 UTC
google;goog_camp_001;goog_adset_001;goog_ad_001;05.02.2024;989.4879;24737;197;73;70;2024-02-06 00:08:59 UTC
google;goog_camp_001;goog_adset_001;goog_ad_001;06.02.2024;995.0576;24876;198;73;70;2024-02-06 00:59:00 UTC
google;goog_camp_001;goog_adset_001;goog_ad_001;06.02.2024;1000.6274;25015;199;73;70;2024-02-06 12:31:29 UTC
google;goog_camp_001;goog_adset_001;goog_ad_001;06.02.2024;1006.1971;25154;201;74;71;2024-02-07 00:10:59 UTC
google;goog_camp_001;goog_adset_001;goog_ad_001;07.02.2024;1008.1036;25201;201;74;71;2024-02-07 00:16:00 UTC
google;goog_camp_001;goog_adset_001;goog_ad_001;07.02.2024;1010.0101;25249;201;74;71;2024-02-07 06:13:14 UTC
google;goog_camp_001;goog_adset_001;goog_ad_001;07.02.2024;1011.9167;25297;202;74;71;2024-02-07 12:03:29 UTC
google;goog_camp_001;goog_adset_001;goog_ad_001;07.02.2024;1013.8232;25345;202;74;71;2024-02-07 18:08:44 UTC
google;goog_camp_001;goog_adset_001;goog_ad_001;07.02.2024;1015.7297;25393;203;75;72;2024-02-08 00:04:59 UTC
google;goog_camp_001;goog_adset_001;goog_ad_001;08.02.2024;1024.5125;25612;204;75;72;2024-02-08 03:25:00 UTC
google;goog_camp_001;goog_adset_001;goog_ad_001;08.02.2024;1033.2953;25831;206;76;72;2024-02-08 13:53:29 UTC
google;goog_camp_001;goog_adset_001;goog_ad_001;08.02.2024;1042.0781;26051;208;77;73;2024-02-09 00:11:59 UTC
google;goog_camp_001;goog_adset_001;goog_ad_001;09.02.2024;1045.974;26148;208;77;73;2024-02-09 02:24:00 UTC
google;goog_camp_001;goog_adset_001;goog_ad_001;09.02.2024;1049.8698;26246;209;77;74;2024-02-09 09:43:39 UTC
google;goog_camp_001;goog_adset_001;goog_ad_001;09.02.2024;1053.7656;26343;210;77;74;2024-02-09 16:59:19 UTC
google;goog_camp_001;goog_adset_001;goog_ad_001;09.02.2024;1057.6615;26441;211;78;75;2024-02-10 00:13:59 UTC
google;goog_camp_001;goog_adset_001;goog_ad_001;10.02.2024;1064.4968;26612;212;78;75;2024-02-10 03:45:00 UTC
google;goog_camp_001;goog_adset_001;goog_ad_001;10.02.2024;1071.3321;26783;214;79;76;2024-02-10 10:25:59 UTC
google;goog_camp_001;goog_adset_001;goog_ad_001;10.02.2024;1078.1674;26954;215;79;76;2024-02-10 17:12:59 UTC
google;goog_camp_001;goog_adset_001;goog_ad_001;10.02.2024;1085.0027;27125;217;80;77;2024-02-11 00:05:59 UTC
google;goog_camp_001;goog_adset_001;goog_ad_001;11.02.2024;1092.7694;27319;218;80;77;2024-02-11 02:31:00 UTC
google;goog_camp_001;goog_adset_001;goog_ad_001;11.02.2024;1100.5362;27513;220;81;78;2024-02-11 09:42:19 UTC
google;goog_camp_001;goog_adset_001;goog_ad_001;11.02.2024;1108.303;27707;221;81;78;2024-02-11 17:01:39 UTC
google;goog_camp_001;goog_adset_001;goog_ad_001;11.02.2024;1116.0697;27901;223;82;79;2024-02-12 00:06:59 UTC
google;goog_camp_001;goog_adset_001;goog_ad_001;12.02.2024;1120.7992;28019;223;82;79;2024-02-12 00:06:00 UTC
google;goog_camp_001;goog_adset_001;goog_ad_001;12.02.2024;1125.5287;28137;224;82;79;2024-02-12 04:58:59 UTC
google;goog_camp_001;goog_adset_001;goog_ad_001;12.02.2024;1130.2582;28256;225;83;80;2024-02-12 09:53:59 UTC
google;goog_camp_001;goog_adset_001;goog_ad_001;12.02.2024;1134.9876;28374;226;83;80;2024-02-12 14:28:59 UTC
google;goog_camp_001;goog_adset_001;goog_ad_001;12.02.2024;1139.7171;28492;227;83;80;2024-02-12 19:20:59 UTC
google;goog_camp_001;goog_adset_001;goog_ad_001;12.02.2024;1144.4466;28611;228;84;81;2024-02-13 00:03:59 UTC
google;goog_camp_001;goog_adset_001;goog_ad_001;13.02.2024;1145.92;28647;228;84;81;2024-02-13 00:34:00 UTC
google;goog_camp_001;goog_adset_001;goog_ad_001;13.02.2024;1147.3934;28684;228;84;81;2024-02-13 05:15:23 UTC
google;goog_camp_001;goog_adset_001;goog_ad_001;13.02.2024;1148.8668;28721;229;84;81;2024-02-13 09:56:47 UTC
google;goog_camp_001;goog_adset_001;goog_ad_001;13.02.2024;1150.3403;28758;229;84;81;2024-02-13 14:43:11 UTC
google;goog_camp_001;goog_adset_001;goog_ad_001;13.02.2024;1151.8137;28795;229;84;81;2024-02-13 19:25:35 UTC
google;goog_camp_001;goog_adset_001;goog_ad_001;13.02.2024;1153.2871;28832;230;85;81;2024-02-14 00:08:59 UTC
google;goog_camp_001;goog_adset_001;goog_ad_001;14.02.2024;1155.6636;28891;230;85;81;2024-02-14 02:45:00 UTC
google;goog_camp_001;goog_adset_001;goog_ad_001;14.02.2024;1158.0401;28950;231;85;81;2024-02-14 07:04:35 UTC
google;goog_camp_001;goog_adset_001;goog_ad_001;14.02.2024;1160.4166;29010;231;85;81;2024-02-14 11:17:11 UTC
google;goog_camp_001;goog_adset_001;goog_ad_001;14.02.2024;1162.7931;29069;232;85;81;2024-02-14 15:34:47 UTC
google;goog_camp_001;goog_adset_001;goog_ad_001;14.02.2024;1165.1696;29128;232;85;81;2024-02-14 19:55:23 UTC
google;goog_camp_001;goog_adset_001;goog_ad_001;14.02.2024;1167.5461;29188;233;86;82;2024-02-15 00:14:59 UTC
google;goog_camp_001;goog_adset_001;goog_ad_001;15.02.2024;1170.1839;29254;233;86;82;2024-02-15 03:55:00 UTC
google;goog_camp_001;goog_adset_001;goog_ad_001;15.02.2024;1172.8217;29320;234;86;82;2024-02-15 07:56:35 UTC
google;goog_camp_001;goog_adset_001;goog_ad_001;15.02.2024;1175.4596;29386;234;86;83;2024-02-15 12:04:11 UTC
google;goog_camp_001;goog_adset_001;goog_ad_001;15.02.2024;1178.0974;29452;235;86;83;2024-02-15 15:59:47 UTC
google;goog_camp_001;goog_adset_001;goog_ad_001;15.02.2024;1180.7352;29518;235;86;83;2024-02-15 20:06:23 UTC
google;goog_camp_001;goog_adset_001;goog_ad_001;15.02.2024;1183.373;29584;236;87;84;2024-02-16 00:11:59 UTC
google;goog_camp_001;goog_adset_001;goog_ad_001;16.02.2024;1189.9385;29748;237;87;84;2024-02-16 01:54:00 UTC
google;goog_camp_001;goog_adset_001;goog_ad_001;16.02.2024;1196.5039;29912;238;88;84;2024-02-16 06:25:59 UTC
google;goog_camp_001;goog_adset_001;goog_ad_001;16.02.2024;1203.0694;30076;240;88;85;2024-02-16 10:47:59 UTC
google;goog_camp_001;goog_adset_001;goog_ad_001;16.02.2024;1209.6348;30240;241;89;85;2024-02-16 15:07:59 UTC
google;goog_camp_001;goog_adset_001;goog_ad_001;16.02.2024;1216.2002;30404;242;89;85;2024-02-16 19:44:59 UTC
google;goog_camp_001;goog_adset_001;goog_ad_001;16.02.2024;1222.7657;30569;244;90;86;2024-02-17 00:03:59 UTC
google;goog_camp_001;goog_adset_001;goog_ad_001;17.02.2024;1229.1009;30727;245;90;86;2024-02-17 03:14:00 UTC
google;goog_camp_001;goog_adset_001;goog_ad_001;17.02.2024;1235.436;30885;246;91;87;2024-02-17 07:16:35 UTC
google;goog_camp_001;goog_adset_001;goog_ad_001;17.02.2024;1241.7712;31044;248;91;87;2024-02-17 11:34:11 UTC
google;goog_camp_001;goog_adset_001;goog_ad_001;17.02.2024;1248.1064;31202;249;92;88;2024-02-17 15:42:47 UTC
google;goog_camp_001;goog_adset_001;goog_ad_001;17.02.2024;1254.4415;31360;250;92;88;2024-02-17 20:03:23 UTC
google;goog_camp_001;goog_adset_001;goog_ad_001;17.02.2024;1260.7767;31519;252;93;89;2024-02-18 00:01:59 UTC
google;goog_camp_001;goog_adset_001;goog_ad_001;18.02.2024;1262.5999;31564;252;93;89;2024-02-18 00:13:00 UTC
google;goog_camp_001;goog_adset_001;goog_ad_001;18.02.2024;1264.423;31610;252;93;89;2024-02-18 05:03:35 UTC
google;goog_camp_001;goog_adset_001;goog_ad_001;18.02.2024;1266.2462;31655;253;93;89;2024-02-18 09:45:11 UTC
google;goog_camp_001;goog_adset_001;goog_ad_001;18.02.2024;1268.0694;31701;253;93;89;2024-02-18 14:27:47 UTC
google;goog_camp_001;goog_adset_001;goog_ad_001;18.02.2024;1269.8925;31746;253;93;89;2024-02-18 19:22:23 UTC
google;goog_camp_001;goog_adset_001;goog_ad_001;18.02.2024;1271.7157;31792;254;94;90;2024-02-19 00:02:59 UTC
google;goog_camp_001;goog_adset_001;goog_ad_001;19.02.2024;1273.7742;31843;254;94;90;2024-02-19 02:25:00 UTC
google;goog_camp_001;goog_adset_001;goog_ad_001;19.02.2024;1275.8326;31895;254;94;90;2024-02-19 13:14:29 UTC
google;goog_camp_001;goog_adset_001;goog_ad_001;19.02.2024;1277.8911;31947;255;94;90;2024-02-20 00:04:59 UTC
google;goog_camp_001;goog_adset_001;goog_ad_001;20.02.2024;1292.2897;32307;257;95;91;2024-02-20 00:53:00 UTC
google;goog_camp_001;goog_adset_001;goog_ad_001;20.02.2024;1306.6883;32667;260;96;92;2024-02-20 05:30:59 UTC
google;goog_camp_001;goog_adset_001;goog_ad_001;20.02.2024;1321.0869;33027;263;97;93;2024-02-20 10:18:59 UTC
google;goog_camp_001;goog_adset_001;goog_ad_001;20.02.2024;1335.4856;33387;266;98;94;2024-02-20 14:53:59 UTC
google;goog_camp_001;goog_adset_001;goog_ad_001;20.02.2024;1349.8842;33747;269;99;95;2024-02-20 19:28:59 UTC
google;goog_camp_001;goog_adset_001;goog_ad_001;20.02.2024;1364.2828;34107;272;100;96;2024-02-21 00:00:59 UTC
google;goog_camp_001;goog_adset_001;goog_ad_001;21.02.2024;1369.8004;34244;273;100;96;2024-02-21 02:16:00 UTC
google;goog_camp_001;goog_adset_001;goog_ad_001;21.02.2024;1375.3179;34382;274;100;96;2024-02-21 07:53:44 UTC
google;goog_camp_001;goog_adset_001;goog_ad_001;21.02.2024;1380.8355;34520;275;101;97;2024-02-21 13:18:29 UTC
google;goog_camp_001;goog_adset_001;goog_ad_001;21.02.2024;1386.353;34658;276;101;97;2024-02-21 18:41:14 UTC
google;goog_camp_001;goog_adset_001;goog_ad_001;21.02.2024;1391.8706;34796;278;102;98;2024-02-22 00:00:59 UTC
google;goog_camp_001;goog_adset_001;goog_ad_001;22.02.2024;1393.6604;34840;278;102;98;2024-02-22 02:18:00 UTC
google;goog_camp_001;goog_adset_001;goog_ad_001;22.02.2024;1395.4501;34885;278;102;98;2024-02-22 13:02:59 UTC
google;goog_camp_001;goog_adset_001;goog_ad_001;22.02.2024;1397.2399;34930;279;103;99;2024-02-23 00:06:59 UTC
google;goog_camp_001;goog_adset_001;goog_ad_001;23.02.2024;1399.3251;34982;279;103;99;2024-02-23 02:44:00 UTC
google;goog_camp_001;goog_adset_001;goog_ad_001;23.02.2024;1401.4102;35034;279;103;99;2024-02-23 07:07:47 UTC
google;goog_camp_001;goog_adset_001;goog_ad_001;23.02.2024;1403.4954;35086;280;103;99;2024-02-23 11:15:35 UTC
google;goog_camp_001;goog_adset_001;goog_ad_001;23.02.2024;1405.5806;35138;280;103;99;2024-02-23 15:39:23 UTC
google;goog_camp_001;goog_adset_001;goog_ad_001;23.02.2024;1407.6657;35190;280;103;99;2024-02-23 19:50:11 UTC
google;goog_camp_001;goog_adset_001;goog_ad_001;23.02.2024;1409.7509;35243;281;104;100;2024-02-24 00:07:59 UTC
google;goog_camp_001;goog_adset_001;goog_ad_001;24.02.2024;1419.8793;35496;283;104;100;2024-02-24 01:43:00 UTC
google;goog_camp_001;goog_adset_001;goog_ad_001;24.02.2024;1430.0078;35749;285;105;101;2024-02-24 09:09:19 UTC
google;goog_camp_001;goog_adset_001;goog_ad_001;24.02.2024;1440.1362;36002;287;106;101;2024-02-24 16:43:39 UTC
google;goog_camp_001;goog_adset_001;goog_ad_001;24.02.2024;1450.2646;36256;290;107;102;2024-02-25 00:07:59 UTC
google;goog_camp_001;goog_adset_001;goog_ad_001;25.02.2024;1462.466;36561;292;107;103;2024-02-25 02:07:00 UTC
google;goog_camp_001;goog_adset_001;goog_ad_001;25.02.2024;1474.6675;36866;294;108;104;2024-02-25 06:25:59 UTC
google;goog_camp_001;goog_adset_001;goog_ad_001;25.02.2024;1486.869;37171;297;109;105;2024-02-25 10:46:59 UTC
google;goog_camp_001;goog_adset_001;goog_ad_001;25.02.2024;1499.0704;37476;299;110;106;2024-02-25 15:22:59 UTC
google;goog_camp_001;goog_adset_001;goog_ad_001;25.02.2024;1511.2718;37781;301;111;107;2024-02-25 19:44:59 UTC
google;goog_camp_001;goog_adset_001;goog_ad_001;25.02.2024;1523.4733;38086;304;112;108;2024-02-26 00:10:59 UTC
google;goog_camp_001;goog_adset_001;goog_ad_001;26.02.2024;1534.3875;38358;306;112;108;2024-02-26 03:29:00 UTC
google;goog_camp_001;goog_adset_001;goog_ad_001;26.02.2024;1545.3018;38631;308;113;109;2024-02-26 07:30:11 UTC
google;goog_camp_001;goog_adset_001;goog_ad_001;26.02.2024;1556.216;38904;310;114;110;2024-02-26 11:38:23 UTC
google;goog_camp_001;goog_adset_001;goog_ad_001;26.02.2024;1567.1302;39177;312;115;110;2024-02-26 15:50:35 UTC
google;goog_camp_001;goog_adset_001;goog_ad_001;26.02.2024;1578.0445;39450;314;116;111;2024-02-26 19:51:47 UTC
google;goog_camp_001;goog_adset_001;goog_ad_001;26.02.2024;1588.9587;39723;317;117;112;2024-02-27 00:10:59 UTC
google;goog_camp_001;goog_adset_001;goog_ad_001;27.02.2024;1593.4192;39834;318;117;112;2024-02-27 02:43:00 UTC
google;goog_camp_001;goog_adset_001;goog_ad_001;27.02.2024;1597.8797;39946;319;117;112;2024-02-27 07:10:47 UTC
google;goog_camp_001;goog_adset_001;goog_ad_001;27.02.2024;1602.3402;40058;320;118;113;2024-02-27 11:15:35 UTC
google;goog_camp_001;goog_adset_001;goog_ad_001;27.02.2024;1606.8007;40169;321;118;113;2024-02-27 15:40:23 UTC
google;goog_camp_001;goog_adset_001;goog_ad_001;27.02.2024;1611.2612;40281;322;118;113;2024-02-27 19:45:11 UTC
google;goog_camp_001;goog_adset_001;goog_ad_001;27.02.2024;1615.7217;40393;323;119;114;2024-02-28 00:09:59 UTC
google;goog_camp_001;goog_adset_001;goog_ad_001;28.02.2024;1619.7471;40493;323;119;114;2024-02-28 00:50:00 UTC
google;goog_camp_001;goog_adset_001;goog_ad_001;28.02.2024;1623.7726;40594;324;119;114;2024-02-28 06:32:44 UTC
google;goog_camp_001;goog_adset_001;goog_ad_001;28.02.2024;1627.798;40694;325;120;115;2024-02-28 12:24:29 UTC
google;goog_camp_001;goog_adset_001;goog_ad_001;28.02.2024;1631.8235;40795;326;120;115;2024-02-28 18:20:14 UTC
google;goog_camp_001;goog_adset_001;goog_ad_001;28.02.2024;1635.8489;40896;327;121;116;2024-02-29 00:08:59 UTC
google;goog_camp_001;goog_adset_001;goog_ad_001;29.02.2024;1638.5409;40963;327;121;116;2024-02-29 01:56:00 UTC
google;goog_camp_001;goog_adset_001;goog_ad_001;29.02.2024;1641.2329;41030;327;121;116;2024-02-29 13:02:59 UTC
google;goog_camp_001;goog_adset_001;goog_ad_001;29.02.2024;1643.9249;41098;328;121;116;2024-03-01 00:14:59 UTC
google;goog_camp_001;goog_adset_001;goog_ad_001;01.03.2024;1651.0705;41276;329;121;116;2024-03-01 00:57:00 UTC
google;goog_camp_001;goog_adset_001;goog_ad_001;01.03.2024;1658.2161;41455;331;122;117;2024-03-01 12:29:59 UTC
google;goog_camp_001;goog_adset_001;goog_ad_001;01.03.2024;1665.3617;41634;333;123;118;2024-03-02 00:02:59 UTC
google;goog_camp_001;goog_adset_001;goog_ad_001;02.03.2024;1668.4026;41710;333;123;118;2024-03-02 02:54:00 UTC
google;goog_camp_001;goog_adset_001;goog_ad_001;02.03.2024;1671.4436;41786;333;123;118;2024-03-02 13:28:59 UTC
google;goog_camp_001;goog_adset_001;goog_ad_001;02.03.2024;1674.4845;41862;334;123;118;2024-03-03 00:13:59 UTC
google;goog_camp_001;goog_adset_001;goog_ad_001;03.03.2024;1676.8802;41921;334;123;118;2024-03-03 01:00:00 UTC
google;goog_camp_001;goog_adset_001;goog_ad_001;03.03.2024;1679.2758;41981;335;123;118;2024-03-03 05:38:47 UTC
google;goog_camp_001;goog_adset_001;goog_ad_001;03.03.2024;1681.6715;42041;335;123;118;2024-03-03 10:12:35 UTC
google;goog_camp_001;goog_adset_001;goog_ad_001;03.03.2024;1684.0672;42101;336;123;118;2024-03-03 14:51:23 UTC
google;goog_camp_001;goog_adset_001;goog_ad_001;03.03.2024;1686.4628;42161;336;123;118;2024-03-03 19:32:11 UTC
google;goog_camp_001;goog_adset_001;goog_ad_001;03.03.2024;1688.8585;42221;337;124;119;2024-03-04 00:00:59 UTC
google;goog_camp_001;goog_adset_001;goog_ad_001;04.03.2024;1694.9586;42373;338;124;119;2024-03-04 00:28:00 UTC
google;goog_camp_001;goog_adset_001;goog_ad_001;04.03.2024;1701.0588;42526;339;125;120;2024-03-04 05:07:47 UTC
google;goog_camp_001;goog_adset_001;goog_ad_001;04.03.2024;1707.159;42678;341;125;120;2024-03-04 09:55:35 UTC
google;goog_camp_001;goog_adset_001;goog_ad_001;04.03.2024;1713.2591;42831;342;126;121;2024-03-04 14:33:23 UTC
google;goog_camp_001;goog_adset_001;goog_ad_001;04.03.2024;1719.3592;42983;343;126;121;2024-03-04 19:30:11 UTC
google;goog_camp_001;goog_adset_001;goog_ad_001;04.03.2024;1725.4594;43136;345;127;122;2024-03-05 00:08:59 UTC
google;goog_camp_001;goog_adset_001;goog_ad_001;05.03.2024;1728.788;43219;345;127;122;2024-03-05 03:18:00 UTC
google;goog_camp_001;goog_adset_001;goog_ad_001;05.03.2024;1732.1166;43302;346;127;122;2024-03-05 08:28:59 UTC
google;goog_camp_001;goog_adset_001;goog_ad_001;05.03.2024;1735.4451;43385;346;127;122;2024-03-05 13:39:59 UTC
google;goog_camp_001;goog_adset_001;goog_ad_001;05.03.2024;1738.7737;43468;347;127;122;2024-03-05 18:57:59 UTC
google;goog_camp_001;goog_adset_001;goog_ad_001;05.03.2024;1742.1023;43552;348;128;123;2024-03-06 00:02:59 UTC
google;goog_camp_001;goog_adset_001;goog_ad_001;06.03.2024;1745.2555;43630;348;128;123;2024-03-06 01:16:00 UTC
google;goog_camp_001;goog_adset_001;goog_ad_001;06.03.2024;1748.4087;43709;349;128;123;2024-03-06 07:06:14 UTC
google;goog_camp_001;goog_adset_001;goog_ad_001;06.03.2024;1751.562;43788;349;129;123;2024-03-06 12:37:29 UTC
google;goog_camp_001;goog_adset_001;goog_ad_001;06.03.2024;1754.7152;43867;350;129;123;2024-03-06 18:20:44 UTC
google;goog_camp_001;goog_adset_001;goog_ad_001;06.03.2024;1757.8684;43946;351;130;124;2024-03-07 00:04:59 UTC
google;goog_camp_001;goog_adset_001;goog_ad_001;07.03.2024;1761.0858;44026;351;130;124;2024-03-07 01:13:00 UTC
google;goog_camp_001;goog_adset_001;goog_ad_001;07.03.2024;1764.3031;44107;352;130;124;2024-03-07 05:44:23 UTC
google;goog_camp_001;goog_adset_001;goog_ad_001;07.03.2024;1767.5204;44187;353;130;125;2024-03-07 10:16:47 UTC
google;goog_camp_001;goog_adset_001;goog_ad_001;07.03.2024;1770.7378;44268;353;130;125;2024-03-07 14:50:11 UTC
google;goog_camp_001;goog_adset_001;goog_ad_001;07.03.2024;1773.9552;44348;354;130;125;2024-03-07 19:36:35 UTC
google;goog_camp_001;goog_adset_001;goog_ad_001;07.03.2024;1777.1725;44429;355;131;126;2024-03-08 00:00:59 UTC
google;goog_camp_001;goog_adset_001;goog_ad_001;08.03.2024;1796.0974;44902;358;132;127;2024-03-08 03:12:00 UTC
google;goog_camp_001;goog_adset_001;goog_ad_001;08.03.2024;1815.0224;45375;362;133;128;2024-03-08 08:22:29 UTC
google;goog_camp_001;goog_adset_001;goog_ad_001;08.03.2024;1833.9473;45848;366;135;129;2024-03-08 13:39:59 UTC
google;goog_camp_001;goog_adset_001;goog_ad_001;08.03.2024;1852.8723;46321;370;136;130;2024-03-08 19:01:29 UTC
google;goog_camp_001;goog_adset_001;goog_ad_001;08.03.2024;1871.7972;46794;374;138;132;2024-03-09 00:05:59 UTC
google;goog_camp_001;goog_adset_001;goog_ad_001;09.03.2024;1873.2518;46830;374;138;132;2024-03-09 04:07:00 UTC
google;goog_camp_001;goog_adset_001;goog_ad_001;09.03.2024;1874.7064;46866;374;138;132;2024-03-09 08:55:59 UTC
google;goog_camp_001;goog_adset_001;goog_ad_001;09.03.2024;1876.1611;46903;374;138;132;2024-03-09 13:56:59 UTC
google;goog_camp_001;goog_adset_001;goog_ad_001;09.03.2024;1877.6157;46939;374;138;132;2024-03-09 19:01:59 UTC
google;goog_camp_001;goog_adset_001;goog_ad_001;09.03.2024;1879.0703;46976;375;139;133;2024-03-10 00:03:59 UTC
google;goog_camp_001;goog_adset_001;goog_ad_001;10.03.2024;1885.2609;47130;376;139;133;2024-03-10 03:45:00 UTC
google;goog_camp_001;goog_adset_001;goog_ad_001;10.03.2024;1891.4515;47285;377;139;134;2024-03-10 10:30:19 UTC
google;goog_camp_001;goog_adset_001;goog_ad_001;10.03.2024;1897.6421;47440;378;139;134;2024-03-10 17:17:39 UTC
google;goog_camp_001;goog_adset_001;goog_ad_001;10.03.2024;1903.8327;47595;380;140;135;2024-03-11 00:01:59 UTC
google;goog_camp_001;goog_adset_001;goog_ad_001;11.03.2024;1916.1762;47903;382;141;135;2024-03-11 00:28:00 UTC
google;goog_camp_001;goog_adset_001;goog_ad_001;11.03.2024;1928.5197;48212;385;142;136;2024-03-11 06:23:59 UTC
google;goog_camp_001;goog_adset_001;goog_ad_001;11.03.2024;1940.8632;48520;387;143;137;2024-03-11 12:16:59 UTC
google;goog_camp_001;goog_adset_001;goog_ad_001;11.03.2024;1953.2067;48829;390;144;138;2024-03-11 18:06:59 UTC
google;goog_camp_001;goog_adset_001;goog_ad_001;11.03.2024;1965.5502;49138;393;145;139;2024-03-12 00:07:59 UTC
google;goog_camp_001;goog_adset_001;goog_ad_001;12.03.2024;1971.9702;49298;394;145;139;2024-03-12 03:44:00 UTC
google;goog_camp_001;goog_adset_001;goog_ad_001;12.03.2024;1978.3902;49459;395;145;139;2024-03-12 14:04:59 UTC
google;goog_camp_001;goog_adset_001;goog_ad_001;12.03.2024;1984.8102;49620;396;146;140;2024-03-13 00:14:59 UTC
google;goog_camp_001;goog_adset_001;goog_ad_001;13.03.2024;2000.0585;50001;399;147;141;2024-03-13 02:45:00 UTC
google;goog_camp_001;goog_adset_001;goog_ad_001;13.03.2024;2015.3067;50382;402;148;142;2024-03-13 13:28:29 UTC
google;goog_camp_001;goog_adset_001;goog_ad_001;13.03.2024;2030.555;50763;406;150;144;2024-03-14 00:01:59 UTC
google;goog_camp_001;goog_adset_001;goog_ad_001;14.03.2024;2031.9938;50799;406;150;144;2024-03-14 01:29:00 UTC
google;goog_camp_001;goog_adset_001;goog_ad_001;14.03.2024;2033.4325;50835;406;150;144;2024-03-14 08:59:39 UTC
google;goog_camp_001;goog_adset_001;goog_ad_001;14.03.2024;2034.8712;50871;406;150;144;2024-03-14 16:34:19 UTC
google;goog_camp_001;goog_adset_001;goog_ad_001;14.03.2024;2036.31;50907;407;150;144;2024-03-15 00:01:59 UTC
google;goog_camp_001;goog_adset_001;goog_ad_001;15.03.2024;2040.5802;51013;407;150;144;2024-03-15 01:32:00 UTC
google;goog_camp_001;goog_adset_001;goog_ad_001;15.03.2024;2044.8504;51120;408;150;144;2024-03-15 08:58:19 UTC
google;goog_camp_001;goog_adset_001;goog_ad_001;15.03.2024;2049.1207;51227;409;150;144;2024-03-15 16:40:39 UTC
google;goog_camp_001;goog_adset_001;goog_ad_001;15.03.2024;2053.3909;51334;410;151;145;2024-03-16 00:03:59 UTC
google;goog_camp_001;goog_adset_001;goog_ad_001;16.03.2024;2055.0621;51375;410;151;145;2024-03-16 03:03:00 UTC
google;goog_camp_001;goog_adset_001;goog_ad_001;16.03.2024;2056.7333;51417;410;151;145;2024-03-16 07:27:35 UTC
google;goog_camp_001;goog_adset_001;goog_ad_001;16.03.2024;2058.4044;51459;411;151;145;2024-03-16 11:33:11 UTC
google;goog_camp_001;goog_adset_001;goog_ad_001;16.03.2024;2060.0756;51501;411;151;145;2024-03-16 15:50:47 UTC
google;goog_camp_001;goog_adset_001;goog_ad_001;16.03.2024;2061.7468;51543;411;151;145;2024-03-16 19:58:23 UTC
google;goog_camp_001;goog_adset_001;goog_ad_001;16.03.2024;2063.418;51585;412;152;146;2024-03-17 00:04:59 UTC
google;goog_camp_001;goog_adset_001;goog_ad_001;17.03.2024;2068.1938;51704;413;152;146;2024-03-17 00:18:00 UTC
google;goog_camp_001;goog_adset_001;goog_ad_001;17.03.2024;2072.9695;51824;414;153;146;2024-03-17 08:16:59 UTC
google;goog_camp_001;goog_adset_001;goog_ad_001;17.03.2024;2077.7453;51943;415;153;146;2024-03-17 16:08:59 UTC
google;goog_camp_001;goog_adset_001;goog_ad_001;17.03.2024;2082.5211;52063;416;154;147;2024-03-18 00:04:59 UTC
google;goog_camp_001;goog_adset_001;goog_ad_001;18.03.2024;2086.4043;52160;416;154;147;2024-03-18 03:36:00 UTC
google;goog_camp_001;goog_adset_001;goog_ad_001;18.03.2024;2090.2875;52257;417;154;147;2024-03-18 08:42:29 UTC
google;goog_camp_001;goog_adset_001;goog_ad_001;18.03.2024;2094.1708;52354;418;154;148;2024-03-18 13:44:59 UTC
google;goog_camp_001;goog_adset_001;goog_ad_001;18.03.2024;2098.054;52451;419;154;148;2024-03-18 19:00:29 UTC
google;goog_camp_001;goog_adset_001;goog_ad_001;18.03.2024;2101.9372;52548;420;155;149;2024-03-19 00:13:59 UTC
google;goog_camp_001;goog_adset_001;goog_ad_001;19.03.2024;2106.1353;52653;420;155;149;2024-03-19 00:22:00 UTC
google;goog_camp_001;goog_adset_001;goog_ad_001;19.03.2024;2110.3334;52758;421;155;149;2024-03-19 06:16:29 UTC
google;goog_camp_001;goog_adset_001;goog_ad_001;19.03.2024;2114.5316;52863;422;156;149;2024-03-19 12:14:59 UTC
google;goog_camp_001;goog_adset_001;goog_ad_001;19.03.2024;2118.7297;52968;423;156;149;2024-03-19 18:04:29 UTC
google;goog_camp_001;goog_adset_001;goog_ad_001;19.03.2024;2122.9278;53073;424;157;150;2024-03-20 00:04:59 UTC
google;goog_camp_001;goog_adset_001;goog_ad_001;20.03.2024;2135.0507;53376;426;157;151;2024-03-20 03:46:00 UTC
google;goog_camp_001;goog_adset_001;goog_ad_001;20.03.2024;2147.1736;53679;428;158;152;2024-03-20 14:05:59 UTC
google;goog_camp_001;goog_adset_001;goog_ad_001;20.03.2024;2159.2965;53982;431;159;153;2024-03-21 00:02:59 UTC
google;goog_camp_001;goog_adset_001;goog_ad_001;21.03.2024;2159.5937;53989;431;159;153;2024-03-21 03:23:00 UTC
google;goog_camp_001;goog_adset_001;goog_ad_001;21.03.2024;2159.8908;53996;431;159;153;2024-03-21 08:33:44 UTC
google;goog_camp_001;goog_adset_001;goog_ad_001;21.03.2024;2160.188;54004;431;159;153;2024-03-21 13:49:29 UTC
google;goog_camp_001;goog_adset_001;goog_ad_001;21.03.2024;2160.4851;54011;431;159;153;2024-03-21 18:54:14 UTC
google;goog_camp_001;goog_adset_001;goog_ad_001;21.03.2024;2160.7823;54019;432;159;153;2024-03-22 00:14:59 UTC
google;goog_camp_001;goog_adset_001;goog_ad_001;22.03.2024;2163.1906;54079;432;159;153;2024-03-22 03:00:00 UTC
google;goog_camp_001;goog_adset_001;goog_ad_001;22.03.2024;2165.5988;54139;432;159;153;2024-03-22 08:13:59 UTC
google;goog_camp_001;goog_adset_001;goog_ad_001;22.03.2024;2168.0071;54199;433;159;153;2024-03-22 13:28:59 UTC
google;goog_camp_001;goog_adset_001;goog_ad_001;22.03.2024;2170.4153;54259;433;159;153;2024-03-22 18:45:59 UTC
google;goog_camp_001;goog_adset_001;goog_ad_001;22.03.2024;2172.8236;54320;434;160;154;2024-03-23 00:10:59 UTC
google;goog_camp_001;goog_adset_001;goog_ad_001;23.03.2024;2177.5321;54437;435;160;154;2024-03-23 02:21:00 UTC
google;goog_camp_001;goog_adset_001;goog_ad_001;23.03.2024;2182.2406;54555;436;160;154;2024-03-23 07:49:44 UTC
google;goog_camp_001;goog_adset_001;goog_ad_001;23.03.2024;2186.9492;54673;437;161;154;2024-03-23 13:12:29 UTC
google;goog_camp_001;goog_adset_001;goog_ad_001;23.03.2024;2191.6577;54791;438;161;154;2024-03-23 18:34:14 UTC
google;goog_camp_001;goog_adset_001;goog_ad_001;23.03.2024;2196.3662;54909;439;162;155;2024-03-24 00:14:59 UTC
google;goog_camp_001;goog_adset_001;goog_ad_001;24.03.2024;2197.0536;54926;439;162;155;2024-03-24 00:46:00 UTC
google;goog_camp_001;goog_adset_001;goog_ad_001;24.03.2024;2197.741;54943;439;162;155;2024-03-24 08:26:19 UTC
google;goog_camp_001;goog_adset_001;goog_ad_001;24.03.2024;2198.4285;54960;439;162;155;2024-03-24 16:27:39 UTC
google;goog_camp_001;goog_adset_001;goog_ad_001;24.03.2024;2199.1159;54977;439;162;156;2024-03-25 00:00:59 UTC
google;goog_camp_001;goog_adset_001;goog_ad_001;25.03.2024;2206.9497;55173;440;162;156;2024-03-25 03:50:00 UTC
google;goog_camp_001;goog_adset_001;goog_ad_001;25.03.2024;2214.7835;55369;442;163;157;2024-03-25 10:35:19 UTC
google;goog_camp_001;goog_adset_001;goog_ad_001;25.03.2024;2222.6173;55565;444;164;157;2024-03-25 17:23:39 UTC
google;goog_camp_001;goog_adset_001;goog_ad_001;25.03.2024;2230.4511;55761;446;165;158;2024-03-26 00:07:59 UTC
google;goog_camp_001;goog_adset_001;goog_ad_001;26.03.2024;2232.4256;55810;446;165;158;2024-03-26 01:05:00 UTC
google;goog_camp_001;goog_adset_001;goog_ad_001;26.03.2024;2234.4002;55859;446;165;158;2024-03-26 05:38:59 UTC
google;goog_camp_001;goog_adset_001;goog_ad_001;26.03.2024;2236.3747;55909;447;165;158;2024-03-26 10:16:59 UTC
google;goog_camp_001;goog_adset_001;goog_ad_001;26.03.2024;2238.3492;55958;447;165;158;2024-03-26 14:45:59 UTC
google;goog_camp_001;goog_adset_001;goog_ad_001;26.03.2024;2240.3238;56007;447;165;158;2024-03-26 19:30:59 UTC
google;goog_camp_001;goog_adset_001;goog_ad_001;26.03.2024;2242.2983;56057;448;165;159;2024-03-27 00:00:59 UTC
google;goog_camp_001;goog_adset_001;goog_ad_001;27.03.2024;2245.1883;56129;448;165;159;2024-03-27 00:36:00 UTC
google;goog_camp_001;goog_adset_001;goog_ad_001;27.03.2024;2248.0783;56201;449;165;159;2024-03-27 05:12:35 UTC
google;goog_camp_001;goog_adset_001;goog_ad_001;27.03.2024;2250.9683;56273;449;166;159;2024-03-27 10:03:11 UTC
google;goog_camp_001;goog_adset_001;goog_ad_001;27.03.2024;2253.8583;56345;450;166;159;2024-03-27 14:42:47 UTC
google;goog_camp_001;goog_adset_001;goog_ad_001;27.03.2024;2256.7483;56417;450;166;159;2024-03-27 19:22:23 UTC
google;goog_camp_001;goog_adset_001;goog_ad_001;27.03.2024;2259.6383;56490;451;167;160;2024-03-28 00:06:59 UTC
google;goog_camp_001;goog_adset_001;goog_ad_001;28.03.2024;2269.0144;56724;453;167;160;2024-03-28 00:15:00 UTC
google;goog_camp_001;goog_adset_001;goog_ad_001;28.03.2024;2278.3904;56959;455;168;161;2024-03-28 08:10:39 UTC
google;goog_camp_001;goog_adset_001;goog_ad_001;28.03.2024;2287.7665;57193;457;168;162;2024-03-28 16:17:19 UTC
google;goog_camp_001;goog_adset_001;goog_ad_001;28.03.2024;2297.1426;57428;459;169;163;2024-03-29 00:03:59 UTC
google;goog_camp_001;goog_adset_001;goog_ad_001;29.03.2024;2304.9993;57624;460;169;163;2024-03-29 00:26:00 UTC
google;goog_camp_001;goog_adset_001;goog_ad_001;29.03.2024;2312.856;57821;462;170;164;2024-03-29 05:00:11 UTC
google;goog_camp_001;goog_adset_001;goog_ad_001;29.03.2024;2320.7128;58017;463;171;164;2024-03-29 09:57:23 UTC
google;goog_camp_001;goog_adset_001;goog_ad_001;29.03.2024;2328.5695;58214;465;171;165;2024-03-29 14:34:35 UTC
google;goog_camp_001;goog_adset_001;goog_ad_001;29.03.2024;2336.4262;58410;466;172;165;2024-03-29 19:25:47 UTC
google;goog_camp_001;goog_adset_001;goog_ad_001;29.03.2024;2344.2829;58607;468;173;166;2024-03-30 00:14:59 UTC
google;goog_camp_001;goog_adset_001;goog_ad_001;30.03.2024;2350.684;58767;469;173;166;2024-03-30 01:19:00 UTC
google;goog_camp_001;goog_adset_001;goog_ad_001;30.03.2024;2357.0851;58927;470;173;166;2024-03-30 06:58:44 UTC
google;goog_camp_001;goog_adset_001;goog_ad_001;30.03.2024;2363.4862;59087;472;174;167;2024-03-30 12:43:29 UTC
google;goog_camp_001;goog_adset_001;goog_ad_001;30.03.2024;2369.8873;59247;473;174;167;2024-03-30 18:21:14 UTC
google;goog_camp_001;goog_adset_001;goog_ad_001;30.03.2024;2376.2884;59407;475;175;168;2024-03-31 00:12:59 UTC
google;goog_camp_001;goog_adset_001;goog_ad_001;31.03.2024;2378.0564;59451;475;175;168;2024-03-31 01:37:00 UTC
google;goog_camp_001;goog_adset_001;goog_ad_001;31.03.2024;2379.8243;59495;475;175;168;2024-03-31 09:01:39 UTC
google;goog_camp_001;goog_adset_001;goog_ad_001;31.03.2024;2381.5922;59539;475;175;168;2024-03-31 16:35:19 UTC
google;goog_camp_001;goog_adset_001;goog_ad_001;31.03.2024;2383.3602;59584;476;176;169;2024-04-01 00:07:59 UTC
google;goog_camp_001;goog_adset_001;goog_ad_001;01.04.2024;2391.0851;59777;477;176;169;2024-04-01 00:26:00 UTC
google;goog_camp_001;goog_adset_001;goog_ad_001;01.04.2024;2398.81;59970;479;177;170;2024-04-01 08:18:59 UTC
google;goog_camp_001;goog_adset_001;goog_ad_001;01.04.2024;2406.5349;60163;480;177;170;2024-04-01 16:10:59 UTC
google;goog_camp_001;goog_adset_001;goog_ad_001;01.04.2024;2414.2598;60356;482;178;171;2024-04-02 00:01:59 UTC
google;goog_camp_001;goog_adset_001;goog_ad_001;02.04.2024;2420.7326;60517;483;178;171;2024-04-02 03:19:00 UTC
google;goog_camp_001;goog_adset_001;goog_ad_001;02.04.2024;2427.2053;60679;484;179;171;2024-04-02 08:26:29 UTC
google;goog_camp_001;goog_adset_001;goog_ad_001;02.04.2024;2433.6781;60841;486;179;172;2024-04-02 13:45:59 UTC
google;goog_camp_001;goog_adset_001;goog_ad_001;02.04.2024;2440.1508;61003;487;180;172;2024-04-02 18:59:29 UTC
google;goog_camp_001;goog_adset_001;goog_ad_001;02.04.2024;2446.6236;61165;489;181;173;2024-04-03 00:09:59 UTC
google;goog_camp_001;goog_adset_001;goog_ad_001;03.04.2024;2453.6381;61340;490;181;173;2024-04-03 00:40:00 UTC
google;goog_camp_001;goog_adset_001;goog_ad_001;03.04.2024;2460.6525;61516;491;182;174;2024-04-03 08:36:39 UTC
google;goog_camp_001;goog_adset_001;goog_ad_001;03.04.2024;2467.667;61691;492;182;174;2024-04-03 16:14:19 UTC
google;goog_camp_001;goog_adset_001;goog_ad_001;03.04.2024;2474.6815;61867;494;183;175;2024-04-04 00:02:59 UTC
google;goog_camp_001;goog_adset_001;goog_ad_001;04.04.2024;2485.1391;62128;496;183;175;2024-04-04 02:05:00 UTC
google;goog_camp_001;goog_adset_001;goog_ad_001;04.04.2024;2495.5967;62389;498;184;176;2024-04-04 07:38:59 UTC
google;goog_camp_001;goog_adset_001;goog_ad_001;04.04.2024;2506.0543;62651;500;184;177;2024-04-04 13:10:59 UTC
google;goog_camp_001;goog_adset_001;goog_ad_001;04.04.2024;2516.5119;62912;502;185;178;2024-04-04 18:33:59 UTC
google;goog_camp_001;goog_adset_001;goog_ad_001;04.04.2024;2526.9695;63174;505;186;179;2024-04-05 00:03:59 UTC
google;goog_camp_001;goog_adset_001;goog_ad_001;05.04.2024;2534.1051;63352;506;186;179;2024-04-05 02:52:00 UTC
google;goog_camp_001;goog_adset_001;goog_ad_001;05.04.2024;2541.2406;63530;507;187;179;2024-04-05 13:36:29 UTC
google;goog_camp_001;goog_adset_001;goog_ad_001;05.04.2024;2548.3762;63709;509;188;180;2024-04-06 00:07:59 UTC
google;goog_camp_001;goog_adset_001;goog_ad_001;06.04.2024;2565.3642;64133;512;189;181;2024-04-06 03:52:00 UTC
google;goog_camp_001;goog_adset_001;goog_ad_001;06.04.2024;2582.3522;64558;515;190;182;2024-04-06 14:01:29 UTC
google;goog_camp_001;goog_adset_001;goog_ad_001;06.04.2024;2599.3402;64983;519;192;184;2024-04-07 00:00:59 UTC
google;goog_camp_001;goog_adset_001;goog_ad_001;07.04.2024;2609.492;65236;521;192;184;2024-04-07 04:01:00 UTC
google;goog_camp_001;goog_adset_001;goog_ad_001;07.04.2024;2619.6438;65490;523;193;185;2024-04-07 09:00:29 UTC
google;goog_camp_001;goog_adset_001;goog_ad_001;07.04.2024;2629.7957;65744;525;194;186;2024-04-07 13:58:59 UTC
google;goog_camp_001;goog_adset_001;goog_ad_001;07.04.2024;2639.9475;65998;527;195;187;2024-04-07 19:09:29 UTC
google;goog_camp_001;goog_adset_001;goog_ad_001;07.04.2024;2650.0993;66252;530;196;188;2024-04-08 00:08:59 UTC
google;goog_camp_001;goog_adset_001;goog_ad_001;08.04.2024;2655.5993;66389;531;196;188;2024-04-08 03:32:00 UTC
google;goog_camp_001;goog_adset_001;goog_ad_001;08.04.2024;2661.0993;66527;532;196;188;2024-04-08 07:43:23 UTC
google;goog_camp_001;goog_adset_001;goog_ad_001;08.04.2024;2666.5993;66664;533;197;189;2024-04-08 11:38:47 UTC
google;goog_camp_001;goog_adset_001;goog_ad_001;08.04.2024;2672.0993;66802;534;197;189;2024-04-08 16:00:11 UTC
google;goog_camp_001;goog_adset_001;goog_ad_001;08.04.2024;2677.5993;66939;535;197;189;2024-04-08 20:04:35 UTC
google;goog_camp_001;goog_adset_001;goog_ad_001;08.04.2024;2683.0993;67077;536;198;190;2024-04-09 00:03:59 UTC
google;goog_camp_001;goog_adset_001;goog_ad_001;09.04.2024;2691.4488;67285;537;198;190;2024-04-09 03:05:00 UTC
google;goog_camp_001;goog_adset_001;goog_ad_001;09.04.2024;2699.7983;67494;539;199;191;2024-04-09 13:37:59 UTC
google;goog_camp_001;goog_adset_001;goog_ad_001;09.04.2024;2708.1478;67703;541;200;192;2024-04-10 00:07:59 UTC
google;goog_camp_001;goog_adset_001;goog_ad_001;10.04.2024;2713.7824;67844;542;200;192;2024-04-10 00:29:00 UTC
google;goog_camp_001;goog_adset_001;goog_ad_001;10.04.2024;2719.417;67985;543;200;192;2024-04-10 06:24:44 UTC
google;goog_camp_001;goog_adset_001;goog_ad_001;10.04.2024;2725.0515;68126;544;201;193;2024-04-10 12:14:29 UTC
google;goog_camp_001;goog_adset_001;goog_ad_001;10.04.2024;2730.6861;68267;545;201;193;2024-04-10 18:21:14 UTC
google;goog_camp_001;goog_adset_001;goog_ad_001;10.04.2024;2736.3207;68408;547;202;194;2024-04-11 00:09:59 UTC
google;goog_camp_001;goog_adset_001;goog_ad_001;11.04.2024;2756.257;68906;551;203;195;2024-04-11 01:51:00 UTC
google;goog_camp_001;goog_adset_001;goog_ad_001;11.04.2024;2776.1933;69404;555;204;196;2024-04-11 12:53:59 UTC
google;goog_camp_001;goog_adset_001;goog_ad_001;11.04.2024;2796.1296;69903;559;206;198;2024-04-12 00:14:59 UTC
google;goog_camp_001;goog_adset_001;goog_ad_001;12.04.2024;2806.5726;70164;561;207;198;2024-04-12 01:16:00 UTC
google;goog_camp_001;goog_adset_001;goog_ad_001;12.04.2024;2817.0157;70425;563;208;199;2024-04-12 08:51:39 UTC
google;goog_camp_001;goog_adset_001;goog_ad_001;12.04.2024;2827.4587;70686;565;209;200;2024-04-12 16:25:19 UTC
google;goog_camp_001;goog_adset_001;goog_ad_001;12.04.2024;2837.9017;70947;567;210;201;2024-04-13 00:10:59 UTC
google;goog_camp_001;goog_adset_001;goog_ad_001;13.04.2024;2840.5414;71013;567;210;201;2024-04-13 00:37:00 UTC
google;goog_camp_001;goog_adset_001;goog_ad_001;13.04.2024;2843.1811;71079;568;210;201;2024-04-13 12:27:59 UTC
google;goog_camp_001;goog_adset_001;goog_ad_001;13.04.2024;2845.8208;71145;569;210;202;2024-04-14 00:00:59 UTC
google;goog_camp_001;goog_adset_001;goog_ad_001;14.04.2024;2851.2048;71279;570;210;202;2024-04-14 02:17:00 UTC
google;goog_camp_001;goog_adset_001;goog_ad_001;14.04.2024;2856.5888;71414;571;210;202;2024-04-14 07:49:14 UTC
google;goog_camp_001;goog_adset_001;goog_ad_001;14.04.2024;2861.9727;71548;572;211;202;2024-04-14 13:11:29 UTC
google;goog_camp_001;goog_adset_001;goog_ad_001;14.04.2024;2867.3567;71683;573;211;202;2024-04-14 18:39:44 UTC
google;goog_camp_001;goog_adset_001;goog_ad_001;14.04.2024;2872.7407;71818;574;212;203;2024-04-15 00:13:59 UTC
google;goog_camp_001;goog_adset_001;goog_ad_001;15.04.2024;2875.9302;71897;574;212;203;2024-04-15 02:46:00 UTC
google;goog_camp_001;goog_adset_001;goog_ad_001;15.04.2024;2879.1196;71977;575;212;203;2024-04-15 13:20:29 UTC
google;goog_camp_001;goog_adset_001;goog_ad_001;15.04.2024;2882.3091;72057;576;213;204;2024-04-16 00:01:59 UTC
google;goog_camp_001;goog_adset_001;goog_ad_001;16.04.2024;2884.2335;72105;576;213;204;2024-04-16 00:48:00 UTC
google;goog_camp_001;goog_adset_001;goog_ad_001;16.04.2024;2886.1579;72153;576;213;204;2024-04-16 05:29:59 UTC
google;goog_camp_001;goog_adset_001;goog_ad_001;16.04.2024;2888.0822;72201;577;213;204;2024-04-16 10:01:59 UTC
google;goog_camp_001;goog_adset_001;goog_ad_001;16.04.2024;2890.0066;72249;577;213;204;2024-04-16 14:41:59 UTC
google;goog_camp_001;goog_adset_001;goog_ad_001;16.04.2024;2891.931;72297;577;213;204;2024-04-16 19:20:59 UTC
google;goog_camp_001;goog_adset_001;goog_ad_001;16.04.2024;2893.8554;72346;578;214;205;2024-04-17 00:14:59 UTC
google;goog_camp_001;goog_adset_001;goog_ad_001;17.04.2024;2898.8044;72469;579;214;205;2024-04-17 03:35:00 UTC
google;goog_camp_001;goog_adset_001;goog_ad_001;17.04.2024;2903.7534;72593;580;214;205;2024-04-17 13:53:59 UTC
google;goog_camp_001;goog_adset_001;goog_ad_001;17.04.2024;2908.7024;72717;581;215;206;2024-04-18 00:11:59 UTC
google;goog_camp_001;goog_adset_001;goog_ad_001;18.04.2024;2910.4327;72760;581;215;206;2024-04-18 01:18:00 UTC
google;goog_camp_001;goog_adset_001;goog_ad_001;18.04.2024;2912.1629;72803;581;215;206;2024-04-18 12:44:29 UTC
google;goog_camp_001;goog_adset_001;goog_ad_001;18.04.2024;2913.8932;72847;582;215;206;2024-04-19 00:07:59 UTC
google;goog_camp_001;goog_adset_001;goog_ad_001;19.04.2024;2916.8963;72922;582;215;206;2024-04-19 02:50:00 UTC
google;goog_camp_001;goog_adset_001;goog_ad_001;19.04.2024;2919.8993;72997;583;215;206;2024-04-19 13:26:29 UTC
google;goog_camp_001;goog_adset_001;goog_ad_001;19.04.2024;2922.9024;73072;584;216;207;2024-04-20 00:01:59 UTC
google;goog_camp_001;goog_adset_001;goog_ad_001;20.04.2024;2940.9619;73523;587;217;208;2024-04-20 00:36:00 UTC
google;goog_camp_001;goog_adset_001;goog_ad_001;20.04.2024;2959.0214;73975;591;218;209;2024-04-20 12:22:29 UTC
google;goog_camp_001;goog_adset_001;goog_ad_001;20.04.2024;2977.0809;74427;595;220;211;2024-04-21 00:13:59 UTC
google;goog_camp_001;goog_adset_001;goog_ad_001;21.04.2024;2978.995;74474;595;220;211;2024-04-21 03:16:00 UTC
google;goog_camp_001;goog_adset_001;goog_ad_001;21.04.2024;2980.9091;74522;595;220;211;2024-04-21 07:29:47 UTC
google;goog_camp_001;goog_adset_001;goog_ad_001;21.04.2024;2982.8232;74570;596;220;211;2024-04-21 11:34:35 UTC
google;goog_camp_001;goog_adset_001;goog_ad_001;21.04.2024;2984.7373;74618;596;220;211;2024-04-21 15:42:23 UTC
google;goog_camp_001;goog_adset_001;goog_ad_001;21.04.2024;2986.6514;74666;596;220;211;2024-04-21 20:03:11 UTC
google;goog_camp_001;goog_adset_001;goog_ad_001;21.04.2024;2988.5655;74714;597;221;212;2024-04-22 00:09:59 UTC
google;goog_camp_001;goog_adset_001;goog_ad_001;22.04.2024;3000.7354;75018;599;221;212;2024-04-22 03:32:00 UTC
google;goog_camp_001;goog_adset_001;goog_ad_001;22.04.2024;3012.9054;75322;602;222;213;2024-04-22 13:54:59 UTC
google;goog_camp_001;goog_adset_001;goog_ad_001;22.04.2024;3025.0753;75626;605;223;214;2024-04-23 00:06:59 UTC
google;goog_camp_001;goog_adset_001;goog_ad_001;23.04.2024;3032.6977;75816;606;223;214;2024-04-23 02:52:00 UTC
google;goog_camp_001;goog_adset_001;goog_ad_001;23.04.2024;3040.32;76007;607;224;215;2024-04-23 13:33:29 UTC
google;goog_camp_001;goog_adset_001;goog_ad_001;23.04.2024;3047.9424;76198;609;225;216;2024-04-24 00:00:59 UTC
google;goog_camp_001;goog_adset_001;goog_ad_001;24.04.2024;3052.9366;76322;610;225;216;2024-04-24 02:41:00 UTC
google;goog_camp_001;goog_adset_001;goog_ad_001;24.04.2024;3057.9308;76447;611;225;216;2024-04-24 06:55:35 UTC
google;goog_camp_001;goog_adset_001;goog_ad_001;24.04.2024;3062.9249;76572;612;226;217;2024-04-24 11:12:11 UTC
google;goog_camp_001;goog_adset_001;goog_ad_001;24.04.2024;3067.9191;76697;613;226;217;2024-04-24 15:27:47 UTC
google;goog_camp_001;goog_adset_001;goog_ad_001;24.04.2024;3072.9133;76822;614;226;217;2024-04-24 19:53:23 UTC
google;goog_camp_001;goog_adset_001;goog_ad_001;24.04.2024;3077.9075;76947;615;227;218;2024-04-25 00:11:59 UTC
google;goog_camp_001;goog_adset_001;goog_ad_001;25.04.2024;3088.1966;77204;617;228;218;2024-04-25 02:07:00 UTC
google;goog_camp_001;goog_adset_001;goog_ad_001;25.04.2024;3098.4856;77461;619;229;219;2024-04-25 13:01:29 UTC
google;goog_camp_001;goog_adset_001;goog_ad_001;25.04.2024;3108.7747;77719;621;230;220;2024-04-26 00:10:59 UTC
google;goog_camp_001;goog_adset_001;goog_ad_001;26.04.2024;3110.5035;77762;621;230;220;2024-04-26 02:34:00 UTC
google;goog_camp_001;goog_adset_001;goog_ad_001;26.04.2024;3112.2324;77805;621;230;220;2024-04-26 08:01:29 UTC
google;goog_camp_001;goog_adset_001;goog_ad_001;26.04.2024;3113.9612;77848;622;230;220;2024-04-26 13:22:59 UTC
google;goog_camp_001;goog_adset_001;goog_ad_001;26.04.2024;3115.6901;77891;622;230;220;2024-04-26 18:44:29 UTC
google;goog_camp_001;goog_adset_001;goog_ad_001;26.04.2024;3117.4189;77935;623;230;221;2024-04-27 00:02:59 UTC
google;goog_camp_001;goog_adset_001;goog_ad_001;27.04.2024;3126.5096;78162;624;230;221;2024-04-27 01:52:00 UTC
google;goog_camp_001;goog_adset_001;goog_ad_001;27.04.2024;3135.6004;78389;626;231;222;2024-04-27 09:14:59 UTC
google;goog_camp_001;goog_adset_001;goog_ad_001;27.04.2024;3144.6911;78616;628;232;222;2024-04-27 16:39:59 UTC
google;goog_camp_001;goog_adset_001;goog_ad_001;27.04.2024;3153.7818;78844;630;233;223;2024-04-28 00:04:59 UTC
google;goog_camp_001;goog_adset_001;goog_ad_001;28.04.2024;3154.842;78870;630;233;223;2024-04-28 02:29:00 UTC
google;goog_camp_001;goog_adset_001;goog_ad_001;28.04.2024;3155.9022;78897;630;233;223;2024-04-28 06:54:11 UTC
google;goog_camp_001;goog_adset_001;goog_ad_001;28.04.2024;3156.9624;78923;631;233;223;2024-04-28 11:08:23 UTC
google;goog_camp_001;goog_adset_001;goog_ad_001;28.04.2024;3158.0227;78950;631;233;223;2024-04-28 15:32:35 UTC
google;goog_camp_001;goog_adset_001;goog_ad_001;28.04.2024;3159.0829;78976;631;233;223;2024-04-28 19:42:47 UTC
google;goog_camp_001;goog_adset_001;goog_ad_001;28.04.2024;3160.1431;79003;632;233;224;2024-04-29 00:02:59 UTC
google;goog_camp_001;goog_adset_001;goog_ad_001;29.04.2024;3161.9885;79049;632;233;224;2024-04-29 02:44:00 UTC
google;goog_camp_001;goog_adset_001;goog_ad_001;29.04.2024;3163.8339;79095;632;233;224;2024-04-29 06:59:23 UTC
google;goog_camp_001;goog_adset_001;goog_ad_001;29.04.2024;3165.6793;79141;633;233;224;2024-04-29 11:16:47 UTC
google;goog_camp_001;goog_adset_001;goog_ad_001;29.04.2024;3167.5247;79187;633;233;224;2024-04-29 15:28:11 UTC
google;goog_camp_001;goog_adset_001;goog_ad_001;29.04.2024;3169.3701;79233;633;233;224;2024-04-29 19:52:35 UTC
google;goog_camp_001;goog_adset_001;goog_ad_001;29.04.2024;3171.2155;79280;634;234;225;2024-04-30 00:09:59 UTC
google;goog_camp_001;goog_adset_001;goog_ad_001;30.04.2024;3178.8538;79471;635;234;225;2024-04-30 00:24:00 UTC
google;goog_camp_001;goog_adset_001;goog_ad_001;30.04.2024;3186.4922;79662;637;235;226;2024-04-30 08:23:59 UTC
google;goog_camp_001;goog_adset_001;goog_ad_001;30.04.2024;3194.1305;79853;638;235;226;2024-04-30 16:18:59 UTC
google;goog_camp_001;goog_adset_001;goog_ad_001;30.04.2024;3201.7688;80044;640;236;227;2024-05-01 00:08:59 UTC
google;goog_camp_001;goog_adset_001;goog_ad_001;01.05.2024;3204.4759;80111;640;236;227;2024-05-01 03:26:00 UTC
google;goog_camp_001;goog_adset_001;goog_ad_001;01.05.2024;3207.1831;80179;640;236;227;2024-05-01 13:44:59 UTC
google;goog_camp_001;goog_adset_001;goog_ad_001;01.05.2024;3209.8902;80247;641;237;227;2024-05-02 00:10:59 UTC
google;goog_camp_001;goog_adset_001;goog_ad_001;02.05.2024;3210.4925;80262;641;237;227;2024-05-02 00:25:00 UTC
google;goog_camp_001;goog_adset_001;goog_ad_001;02.05.2024;3211.0948;80277;641;237;227;2024-05-02 08:24:59 UTC
google;goog_camp_001;goog_adset_001;goog_ad_001;02.05.2024;3211.697;80292;641;237;227;2024-05-02 16:14:59 UTC
google;goog_camp_001;goog_adset_001;goog_ad_001;02.05.2024;3212.2993;80307;642;237;228;2024-05-03 00:11:59 UTC
google;goog_camp_001;goog_adset_001;goog_ad_001;03.05.2024;3216.6355;80415;642;237;228;2024-05-03 03:04:00 UTC
google;goog_camp_001;goog_adset_001;goog_ad_001;03.05.2024;3220.9717;80523;643;237;228;2024-05-03 07:17:11 UTC
google;goog_camp_001;goog_adset_001;goog_ad_001;03.05.2024;3225.308;80632;644;238;228;2024-05-03 11:26:23 UTC
google;goog_camp_001;goog_adset_001;goog_ad_001;03.05.2024;3229.6442;80740;645;238;228;2024-05-03 15:43:35 UTC
google;goog_camp_001;goog_adset_001;goog_ad_001;03.05.2024;3233.9804;80848;646;238;228;2024-05-03 19:51:47 UTC
google;goog_camp_001;goog_adset_001;goog_ad_001;03.05.2024;3238.3166;80957;647;239;229;2024-05-04 00:06:59 UTC
google;goog_camp_001;goog_adset_001;goog_ad_001;04.05.2024;3239.1665;80978;647;239;229;2024-05-04 01:14:00 UTC
google;goog_camp_001;goog_adset_001;goog_ad_001;04.05.2024;3240.0163;80999;647;239;229;2024-05-04 07:04:29 UTC
google;goog_camp_001;goog_adset_001;goog_ad_001;04.05.2024;3240.8662;81021;647;239;229;2024-05-04 12:45:59 UTC
google;goog_camp_001;goog_adset_001;goog_ad_001;04.05.2024;3241.716;81042;647;239;229;2024-05-04 18:31:29 UTC
google;goog_camp_001;goog_adset_001;goog_ad_001;04.05.2024;3242.5659;81064;648;239;230;2024-05-05 00:00:59 UTC
google;goog_camp_001;goog_adset_001;goog_ad_001;05.05.2024;3247.9984;81199;649;239;230;2024-05-05 01:59:00 UTC
google;goog_camp_001;goog_adset_001;goog_ad_001;05.05.2024;3253.431;81335;650;240;230;2024-05-05 06:33:23 UTC
google;goog_camp_001;goog_adset_001;goog_ad_001;05.05.2024;3258.8636;81471;651;240;231;2024-05-05 10:50:47 UTC
google;goog_camp_001;goog_adset_001;goog_ad_001;05.05.2024;3264.2961;81607;652;241;231;2024-05-05 15:23:11 UTC
google;goog_camp_001;goog_adset_001;goog_ad_001;05.05.2024;3269.7286;81743;653;241;231;2024-05-05 19:39:35 UTC
google;goog_camp_001;goog_adset_001;goog_ad_001;05.05.2024;3275.1612;81879;655;242;232;2024-05-06 00:07:59 UTC
google;goog_camp_001;goog_adset_001;goog_ad_001;06.05.2024;3279.0949;81977;655;242;232;2024-05-06 01:42:00 UTC
google;goog_camp_001;goog_adset_001;goog_ad_001;06.05.2024;3283.0286;82075;656;242;232;2024-05-06 09:12:59 UTC
google;goog_camp_001;goog_adset_001;goog_ad_001;06.05.2024;3286.9623;82173;657;242;232;2024-05-06 16:43:59 UTC
google;goog_camp_001;goog_adset_001;goog_ad_001;06.05.2024;3290.896;82272;658;243;233;2024-05-07 00:05:59 UTC
google;goog_camp_001;goog_adset_001;goog_ad_001;07.05.2024;3295.1874;82379;658;243;233;2024-05-07 01:28:00 UTC
google;goog_camp_001;goog_adset_001;goog_ad_001;07.05.2024;3299.4788;82486;659;243;233;2024-05-07 06:09:59 UTC
google;goog_camp_001;goog_adset_001;goog_ad_001;07.05.2024;3303.7702;82594;660;244;234;2024-05-07 10:27:59 UTC
google;goog_camp_001;goog_adset_001;goog_ad_001;07.05.2024;3308.0617;82701;661;244;234;2024-05-07 15:03:59 UTC
google;goog_camp_001;goog_adset_001;goog_ad_001;07.05.2024;3312.3531;82808;662;244;234;2024-05-07 19:29:59 UTC
google;goog_camp_001;goog_adset_001;goog_ad_001;07.05.2024;3316.6445;82916;663;245;235;2024-05-08 00:01:59 UTC
google;goog_camp_001;goog_adset_001;goog_ad_001;08.05.2024;3321.7251;83043;664;245;235;2024-05-08 00:37:00 UTC
google;goog_camp_001;goog_adset_001;goog_ad_001;08.05.2024;3326.8057;83170;665;245;235;2024-05-08 06:29:14 UTC
google;goog_camp_001;goog_adset_001;goog_ad_001;08.05.2024;3331.8864;83297;666;246;236;2024-05-08 12:22:29 UTC
google;goog_camp_001;goog_adset_001;goog_ad_001;08.05.2024;3336.967;83424;667;246;236;2024-05-08 18:16:44 UTC
google;goog_camp_001;goog_adset_001;goog_ad_001;08.05.2024;3342.0476;83551;668;247;237;2024-05-09 00:03:59 UTC
google;goog_camp_001;goog_adset_001;goog_ad_001;09.05.2024;3348.906;83722;669;247;237;2024-05-09 00:05:00 UTC
google;goog_camp_001;goog_adset_001;goog_ad_001;09.05.2024;3355.7644;83893;670;247;237;2024-05-09 06:04:44 UTC
google;goog_camp_001;goog_adset_001;goog_ad_001;09.05.2024;3362.6227;84065;672;248;238;2024-05-09 12:05:29 UTC
google;goog_camp_001;goog_adset_001;goog_ad_001;09.05.2024;3369.4811;84236;673;248;238;2024-05-09 18:03:14 UTC
google;goog_camp_001;goog_adset_001;goog_ad_001;09.05.2024;3376.3395;84408;675;249;239;2024-05-10 00:03:59 UTC
google;goog_camp_001;goog_adset_001;goog_ad_001;10.05.2024;3382.5763;84564;676;249;239;2024-05-10 01:35:00 UTC
google;goog_camp_001;goog_adset_001;goog_ad_001;10.05.2024;3388.8131;84720;677;250;239;2024-05-10 07:09:44 UTC
google;goog_camp_001;goog_adset_001;goog_ad_001;10.05.2024;3395.0498;84876;678;250;240;2024-05-10 12:44:29 UTC
google;goog_camp_001;goog_adset_001;goog_ad_001;10.05.2024;3401.2866;85032;679;251;240;2024-05-10 18:23:14 UTC
google;goog_camp_001;goog_adset_001;goog_ad_001;10.05.2024;3407.5234;85188;681;252;241;2024-05-11 00:03:59 UTC
google;goog_camp_001;goog_adset_001;goog_ad_001;11.05.2024;3410.2075;85255;681;252;241;2024-05-11 01:58:00 UTC
google;goog_camp_001;goog_adset_001;goog_ad_001;11.05.2024;3412.8917;85322;682;252;241;2024-05-11 13:11:29 UTC
google;goog_camp_001;goog_adset_001;goog_ad_001;11.05.2024;3415.5758;85389;683;252;242;2024-05-12 00:01:59 UTC
google;goog_camp_001;goog_adset_001;goog_ad_001;12.05.2024;3421.0803;85526;684;252;242;2024-05-12 01:35:00 UTC
google;goog_camp_001;goog_adset_001;goog_ad_001;12.05.2024;3426.5848;85664;685;252;242;2024-05-12 12:54:59 UTC
google;goog_camp_001;goog_adset_001;goog_ad_001;12.05.2024;3432.0893;85802;686;253;243;2024-05-13 00:14:59 UTC
google;goog_camp_001;goog_adset_001;goog_ad_001;13.05.2024;3440.6648;86016;687;253;243;2024-05-13 03:03:00 UTC
google;goog_camp_001;goog_adset_001;goog_ad_001;13.05.2024;3449.2403;86230;689;254;244;2024-05-13 13:34:29 UTC
google;goog_camp_001;goog_adset_001;goog_ad_001;13.05.2024;3457.8158;86445;691;255;245;2024-05-14 00:07:59 UTC
google;goog_camp_001;goog_adset_001;goog_ad_001;14.05.2024;3470.7086;86767;693;256;246;2024-05-14 02:57:00 UTC
google;goog_camp_001;goog_adset_001;goog_ad_001;14.05.2024;3483.6015;87089;696;257;247;2024-05-14 10:04:59 UTC
google;goog_camp_001;goog_adset_001;goog_ad_001;14.05.2024;3496.4944;87411;698;258;248;2024-05-14 16:59:59 UTC
google;goog_camp_001;goog_adset_001;goog_ad_001;14.05.2024;3509.3872;87734;701;259;249;2024-05-15 00:08:59 UTC
google;goog_camp_001;goog_adset_001;goog_ad_001;15.05.2024;3514.618;87864;702;259;249;2024-05-15 00:10:00 UTC
google;goog_camp_001;goog_adset_001;goog_ad_001;15.05.2024;3519.8488;87995;703;260;249;2024-05-15 05:08:35 UTC
google;goog_camp_001;goog_adset_001;goog_ad_001;15.05.2024;3525.0796;88126;704;260;250;2024-05-15 09:55:11 UTC
google;goog_camp_001;goog_adset_001;goog_ad_001;15.05.2024;3530.3103;88257;705;261;250;2024-05-15 14:29:47 UTC
google;goog_camp_001;goog_adset_001;goog_ad_001;15.05.2024;3535.5411;88388;706;261;250;2024-05-15 19:26:23 UTC
google;goog_camp_001;goog_adset_001;goog_ad_001;15.05.2024;3540.7719;88519;708;262;251;2024-05-16 00:03:59 UTC
google;goog_camp_001;goog_adset_001;goog_ad_001;16.05.2024;3552.9322;88823;710;262;251;2024-05-16 03:50:00 UTC
google;goog_camp_001;goog_adset_001;goog_ad_001;16.05.2024;3565.0924;89127;712;263;252;2024-05-16 10:35:19 UTC
google;goog_camp_001;goog_adset_001;goog_ad_001;16.05.2024;3577.2526;89431;714;264;253;2024-05-16 17:24:39 UTC
google;goog_camp_001;goog_adset_001;goog_ad_001;16.05.2024;3589.4129;89735;717;265;254;2024-05-17 00:06:59 UTC
google;goog_camp_001;goog_adset_001;goog_ad_001;17.05.2024;3596.0904;89902;718;265;254;2024-05-17 00:58:00 UTC
google;goog_camp_001;goog_adset_001;goog_ad_001;17.05.2024;3602.768;90069;720;266;255;2024-05-17 08:41:59 UTC
google;goog_camp_001;goog_adset_001;goog_ad_001;17.05.2024;3609.4456;90236;721;266;255;2024-05-17 16:19:59 UTC
google;goog_camp_001;goog_adset_001;goog_ad_001;17.05.2024;3616.1231;90403;723;267;256;2024-05-18 00:13:59 UTC
google;goog_camp_001;goog_adset_001;goog_ad_001;18.05.2024;3624.5764;90614;724;267;256;2024-05-18 01:24:00 UTC
google;goog_camp_001;goog_adset_001;goog_ad_001;18.05.2024;3633.0298;90825;726;268;257;2024-05-18 07:00:59 UTC
google;goog_camp_001;goog_adset_001;goog_ad_001;18.05.2024;3641.4831;91036;727;268;257;2024-05-18 12:50:59 UTC
google;goog_camp_001;goog_adset_001;goog_ad_001;18.05.2024;3649.9365;91247;729;269;258;2024-05-18 18:32:59 UTC
google;goog_camp_001;goog_adset_001;goog_ad_001;18.05.2024;3658.3898;91459;731;270;259;2024-05-19 00:04:59 UTC
google;goog_camp_001;goog_adset_001;goog_ad_001;19.05.2024;3664.4414;91610;732;270;259;2024-05-19 03:25:00 UTC
google;goog_camp_001;goog_adset_001;goog_ad_001;19.05.2024;3670.493;91761;733;271;260;2024-05-19 10:10:39 UTC
google;goog_camp_001;goog_adset_001;goog_ad_001;19.05.2024;3676.5445;91912;734;271;260;2024-05-19 17:17:19 UTC
google;goog_camp_001;goog_adset_001;goog_ad_001;19.05.2024;3682.5961;92064;736;272;261;2024-05-20 00:07:59 UTC
google;goog_camp_001;goog_adset_001;goog_ad_001;20.05.2024;3696.2978;92406;738;273;262;2024-05-20 01:39:00 UTC
google;goog_camp_001;goog_adset_001;goog_ad_001;20.05.2024;3709.9996;92749;741;274;263;2024-05-20 12:58:59 UTC
google;goog_camp_001;goog_adset_001;goog_ad_001;20.05.2024;3723.7013;93092;744;275;264;2024-05-21 00:14:59 UTC
google;goog_camp_001;goog_adset_001;goog_ad_001;21.05.2024;3726.7195;93167;744;275;264;2024-05-21 03:41:00 UTC
google;goog_camp_001;goog_adset_001;goog_ad_001;21.05.2024;3729.7378;93242;745;275;264;2024-05-21 08:42:44 UTC
google;goog_camp_001;goog_adset_001;goog_ad_001;21.05.2024;3732.756;93318;745;275;264;2024-05-21 13:52:29 UTC
google;goog_camp_001;goog_adset_001;goog_ad_001;21.05.2024;3735.7743;93393;746;275;264;2024-05-21 19:05:14 UTC
google;goog_camp_001;goog_adset_001;goog_ad_001;21.05.2024;3738.7925;93469;747;276;265;2024-05-22 00:05:59 UTC
google;goog_camp_001;goog_adset_001;goog_ad_001;22.05.2024;3748.0458;93700;748;276;265;2024-05-22 03:35:00 UTC
google;goog_camp_001;goog_adset_001;goog_ad_001;22.05.2024;3757.299;93931;750;277;266;2024-05-22 07:45:59 UTC
google;goog_camp_001;goog_adset_001;goog_ad_001;22.05.2024;3766.5522;94163;752;278;267;2024-05-22 11:48:59 UTC
google;goog_camp_001;goog_adset_001;goog_ad_001;22.05.2024;3775.8055;94394;754;278;267;2024-05-22 15:58:59 UTC
google;goog_camp_001;goog_adset_001;goog_ad_001;22.05.2024;3785.0588;94625;756;279;268;2024-05-22 20:08:59 UTC
google;goog_camp_001;goog_adset_001;goog_ad_001;22.05.2024;3794.312;94857;758;280;269;2024-05-23 00:12:59 UTC
google;goog_camp_001;goog_adset_001;goog_ad_001;23.05.2024;3803.9433;95098;760;280;269;2024-05-23 01:29:00 UTC
google;goog_camp_001;goog_adset_001;goog_ad_001;23.05.2024;3813.5745;95339;762;281;270;2024-05-23 12:40:59 UTC
google;goog_camp_001;goog_adset_001;goog_ad_001;23.05.2024;3823.2058;95580;764;282;271;2024-05-24 00:07:59 UTC
google;goog_camp_001;goog_adset_001;goog_ad_001;24.05.2024;3824.5134;95612;764;282;271;2024-05-24 03:18:00 UTC
google;goog_camp_001;goog_adset_001;goog_ad_001;24.05.2024;3825.821;95645;764;282;271;2024-05-24 10:15:39 UTC
google;goog_camp_001;goog_adset_001;goog_ad_001;24.05.2024;3827.1287;95677;764;282;271;2024-05-24 17:19:19 UTC
google;goog_camp_001;goog_adset_001;goog_ad_001;24.05.2024;3828.4363;95710;765;283;271;2024-05-25 00:06:59 UTC
google;goog_camp_001;goog_adset_001;goog_ad_001;25.05.2024;3835.0242;95874;766;283;271;2024-05-25 02:25:00 UTC
google;goog_camp_001;goog_adset_001;goog_ad_001;25.05.2024;3841.612;96039;767;284;272;2024-05-25 09:32:39 UTC
google;goog_camp_001;goog_adset_001;goog_ad_001;25.05.2024;3848.1999;96204;768;284;272;2024-05-25 16:48:19 UTC
google;goog_camp_001;goog_adset_001;goog_ad_001;25.05.2024;3854.7878;96369;770;285;273;2024-05-26 00:12:59 UTC
google;goog_camp_001;goog_adset_001;goog_ad_001;26.05.2024;3865.2734;96631;772;285;273;2024-05-26 02:37:00 UTC
google;goog_camp_001;goog_adset_001;goog_ad_001;26.05.2024;3875.7589;96893;774;286;274;2024-05-26 13:19:59 UTC
google;goog_camp_001;goog_adset_001;goog_ad_001;26.05.2024;3886.2445;97156;777;287;275;2024-05-27 00:03:59 UTC
google;goog_camp_001;goog_adset_001;goog_ad_001;27.05.2024;3898.6531;97466;779;288;276;2024-05-27 03:42:00 UTC
google;goog_camp_001;goog_adset_001;goog_ad_001;27.05.2024;3911.0617;97776;781;289;277;2024-05-27 13:51:59 UTC
google;goog_camp_001;goog_adset_001;goog_ad_001;27.05.2024;3923.4703;98086;784;290;278;2024-05-28 00:06:59 UTC
google;goog_camp_001;goog_adset_001;goog_ad_001;28.05.2024;3934.8656;98371;786;290;278;2024-05-28 03:34:00 UTC
google;goog_camp_001;goog_adset_001;goog_ad_001;28.05.2024;3946.261;98656;788;291;279;2024-05-28 07:39:35 UTC
google;goog_camp_001;goog_adset_001;goog_ad_001;28.05.2024;3957.6564;98941;791;292;280;2024-05-28 11:53:11 UTC
google;goog_camp_001;goog_adset_001;goog_ad_001;28.05.2024;3969.0517;99226;793;293;281;2024-05-28 15:54:47 UTC
google;goog_camp_001;goog_adset_001;goog_ad_001;28.05.2024;3980.447;99511;795;294;282;2024-05-28 19:59:23 UTC
google;goog_camp_001;goog_adset_001;goog_ad_001;28.05.2024;3991.8424;99796;798;295;283;2024-05-29 00:04:59 UTC
google;goog_camp_001;goog_adset_001;goog_ad_001;29.05.2024;3994.0412;99850;798;295;283;2024-05-29 00:19:00 UTC
google;goog_camp_001;goog_adset_001;goog_ad_001;29.05.2024;3996.24;99905;799;295;283;2024-05-29 05:00:47 UTC
google;goog_camp_001;goog_adset_001;goog_ad_001;29.05.2024;3998.4388;99960;799;295;283;2024-05-29 09:47:35 UTC
google;goog_camp_001;goog_adset_001;goog_ad_001;29.05.2024;4000.6375;100015;800;295;283;2024-05-29 14:39:23 UTC
google;goog_camp_001;goog_adset_001;goog_ad_001;29.05.2024;4002.8363;100070;800;295;283;2024-05-29 19:16:11 UTC
google;goog_camp_001;goog_adset_001;goog_ad_001;29.05.2024;4005.0351;100125;801;296;284;2024-05-30 00:05:59 UTC
google;goog_camp_001;goog_adset_001;goog_ad_001;30.05.2024;4027.9249;100697;805;297;285;2024-05-30 03:02:00 UTC
google;goog_camp_001;goog_adset_001;goog_ad_001;30.05.2024;4050.8146;101269;809;299;287;2024-05-30 13:35:29 UTC
google;goog_camp_001;goog_adset_001;goog_ad_001;30.05.2024;4073.7044;101842;814;301;289;2024-05-31 00:08:59 UTC
google;goog_camp_001;goog_adset_001;goog_ad_001;31.05.2024;4080.4151;102009;815;301;289;2024-05-31 03:03:00 UTC
google;goog_camp_001;goog_adset_001;goog_ad_001;31.05.2024;4087.1259;102177;816;301;289;2024-05-31 13:31:29 UTC
google;goog_camp_001;goog_adset_001;goog_ad_001;31.05.2024;4093.8366;102345;818;302;290;2024-06-01 00:01:59 UTC
google;goog_camp_001;goog_adset_001;goog_ad_001;01.06.2024;4097.3703;102433;818;302;290;2024-06-01 02:11:00 UTC
google;goog_camp_001;goog_adset_001;goog_ad_001;01.06.2024;4100.9041;102521;819;302;290;2024-06-01 13:04:59 UTC
google;goog_camp_001;goog_adset_001;goog_ad_001;01.06.2024;4104.4378;102610;820;303;291;2024-06-02 00:05:59 UTC
google;goog_camp_001;goog_adset_001;goog_ad_001;02.06.2024;4107.7964;102694;820;303;291;2024-06-02 02:21:00 UTC
google;goog_camp_001;goog_adset_001;goog_ad_001;02.06.2024;4111.155;102778;821;303;291;2024-06-02 09:42:39 UTC
google;goog_camp_001;goog_adset_001;goog_ad_001;02.06.2024;4114.5136;102862;822;303;291;2024-06-02 16:59:19 UTC
google;goog_camp_001;goog_adset_001;goog_ad_001;02.06.2024;4117.8722;102946;823;304;292;2024-06-03 00:12:59 UTC
google;goog_camp_001;goog_adset_001;goog_ad_001;03.06.2024;4123.9044;103096;824;304;292;2024-06-03 01:55:00 UTC
google;goog_camp_001;goog_adset_001;goog_ad_001;03.06.2024;4129.9366;103247;825;304;292;2024-06-03 07:21:44 UTC
google;goog_camp_001;goog_adset_001;goog_ad_001;03.06.2024;4135.9689;103398;826;305;293;2024-06-03 13:06:29 UTC
google;goog_camp_001;goog_adset_001;goog_ad_001;03.06.2024;4142.0011;103549;827;305;293;2024-06-03 18:39:14 UTC
google;goog_camp_001;goog_adset_001;goog_ad_001;03.06.2024;4148.0333;103700;829;306;294;2024-06-04 00:11:59 UTC
google;goog_camp_001;goog_adset_001;goog_ad_001;04.06.2024;4149.8866;103746;829;306;294;2024-06-04 00:54:00 UTC
google;goog_camp_001;goog_adset_001;goog_ad_001;04.06.2024;4151.7398;103792;829;306;294;2024-06-04 06:41:44 UTC
google;goog_camp_001;goog_adset_001;goog_ad_001;04.06.2024;4153.5931;103839;830;306;294;2024-06-04 12:38:29 UTC
google;goog_camp_001;goog_adset_001;goog_ad_001;04.06.2024;4155.4463;103885;830;306;294;2024-06-04 18:18:14 UTC
google;goog_camp_001;goog_adset_001;goog_ad_001;04.06.2024;4157.2996;103932;831;307;295;2024-06-05 00:12:59 UTC
google;goog_camp_001;goog_adset_001;goog_ad_001;05.06.2024;4159.8498;103995;831;307;295;2024-06-05 04:02:00 UTC
google;goog_camp_001;goog_adset_001;goog_ad_001;05.06.2024;4162.4;104059;832;307;295;2024-06-05 08:06:35 UTC
google;goog_camp_001;goog_adset_001;goog_ad_001;05.06.2024;4164.9502;104123;832;307;295;2024-06-05 12:06:11 UTC
google;goog_camp_001;goog_adset_001;goog_ad_001;05.06.2024;4167.5005;104187;833;307;295;2024-06-05 15:57:47 UTC
google;goog_camp_001;goog_adset_001;goog_ad_001;05.06.2024;4170.0507;104251;833;307;295;2024-06-05 20:06:23 UTC
google;goog_camp_001;goog_adset_001;goog_ad_001;05.06.2024;4172.6009;104315;834;308;296;2024-06-06 00:10:59 UTC
google;goog_camp_001;goog_adset_001;goog_ad_001;06.06.2024;4179.0715;104476;835;308;296;2024-06-06 03:18:00 UTC
google;goog_camp_001;goog_adset_001;goog_ad_001;06.06.2024;4185.5421;104638;836;309;297;2024-06-06 10:21:19 UTC
google;goog_camp_001;goog_adset_001;goog_ad_001;06.06.2024;4192.0127;104800;837;309;297;2024-06-06 17:16:39 UTC
google;goog_camp_001;goog_adset_001;goog_ad_001;06.06.2024;4198.4833;104962;839;310;298;2024-06-07 00:03:59 UTC
google;goog_camp_001;goog_adset_001;goog_ad_001;07.06.2024;4207.6894;105192;840;310;298;2024-06-07 01:43:00 UTC
google;goog_camp_001;goog_adset_001;goog_ad_001;07.06.2024;4216.8955;105422;842;311;299;2024-06-07 06:15:23 UTC
google;goog_camp_001;goog_adset_001;goog_ad_001;07.06.2024;4226.1015;105652;844;312;300;2024-06-07 10:40:47 UTC
google;goog_camp_001;goog_adset_001;goog_ad_001;07.06.2024;4235.3076;105882;846;312;300;2024-06-07 15:14:11 UTC
google;goog_camp_001;goog_adset_001;goog_ad_001;07.06.2024;4244.5137;106112;848;313;301;2024-06-07 19:38:35 UTC
google;goog_camp_001;goog_adset_001;goog_ad_001;07.06.2024;4253.7198;106342;850;314;302;2024-06-08 00:11:59 UTC
google;goog_camp_001;goog_adset_001;goog_ad_001;08.06.2024;4259.8026;106494;851;314;302;2024-06-08 02:52:00 UTC
google;goog_camp_001;goog_adset_001;goog_ad_001;08.06.2024;4265.8855;106646;852;315;302;2024-06-08 07:09:59 UTC
google;goog_camp_001;goog_adset_001;goog_ad_001;08.06.2024;4271.9684;106798;854;315;303;2024-06-08 11:31:59 UTC
google;goog_camp_001;goog_adset_001;goog_ad_001;08.06.2024;4278.0512;106950;855;316;303;2024-06-08 15:35:59 UTC
google;goog_camp_001;goog_adset_001;goog_ad_001;08.06.2024;4284.1341;107102;856;316;303;2024-06-08 19:52:59 UTC
google;goog_camp_001;goog_adset_001;goog_ad_001;08.06.2024;4290.2169;107255;858;317;304;2024-06-09 00:12:59 UTC
google;goog_camp_001;goog_adset_001;goog_ad_001;09.06.2024;4293.6767;107341;858;317;304;2024-06-09 01:36:00 UTC
google;goog_camp_001;goog_adset_001;goog_ad_001;09.06.2024;4297.1366;107428;859;317;304;2024-06-09 06:12:23 UTC
google;goog_camp_001;goog_adset_001;goog_ad_001;09.06.2024;4300.5964;107514;860;318;305;2024-06-09 10:37:47 UTC
google;goog_camp_001;goog_adset_001;goog_ad_001;09.06.2024;4304.0562;107601;860;318;305;2024-06-09 15:00:11 UTC
google;goog_camp_001;goog_adset_001;goog_ad_001;09.06.2024;4307.5161;107687;861;318;305;2024-06-09 19:35:35 UTC
google;goog_camp_001;goog_adset_001;goog_ad_001;09.06.2024;4310.9759;107774;862;319;306;2024-06-10 00:02:59 UTC
google;goog_camp_001;goog_adset_001;goog_ad_001;10.06.2024;4318.492;107962;863;319;306;2024-06-10 02:48:00 UTC
google;goog_camp_001;goog_adset_001;goog_ad_001;10.06.2024;4326.0082;108150;865;320;307;2024-06-10 09:59:19 UTC
google;goog_camp_001;goog_adset_001;goog_ad_001;10.06.2024;4333.5243;108338;866;320;307;2024-06-10 17:08:39 UTC
google;goog_camp_001;goog_adset_001;goog_ad_001;10.06.2024;4341.0404;108526;868;321;308;2024-06-11 00:10:59 UTC
google;goog_camp_001;goog_adset_001;goog_ad_001;11.06.2024;4345.8536;108646;869;321;308;2024-06-11 02:21:00 UTC
google;goog_camp_001;goog_adset_001;goog_ad_001;11.06.2024;4350.6668;108766;870;321;308;2024-06-11 07:47:29 UTC
google;goog_camp_001;goog_adset_001;goog_ad_001;11.06.2024;4355.4799;108886;871;322;308;2024-06-11 13:17:59 UTC
google;goog_camp_001;goog_adset_001;goog_ad_001;11.06.2024;4360.2931;109006;872;322;308;2024-06-11 18:46:29 UTC
google;goog_camp_001;goog_adset_001;goog_ad_001;11.06.2024;4365.1063;109127;873;323;309;2024-06-12 00:06:59 UTC
google;goog_camp_001;goog_adset_001;goog_ad_001;12.06.2024;4366.5001;109161;873;323;309;2024-06-12 02:38:00 UTC
google;goog_camp_001;goog_adset_001;goog_ad_001;12.06.2024;4367.8938;109196;873;323;309;2024-06-12 08:07:44 UTC
google;goog_camp_001;goog_adset_001;goog_ad_001;12.06.2024;4369.2876;109231;873;323;309;2024-06-12 13:31:29 UTC
google;goog_camp_001;goog_adset_001;goog_ad_001;12.06.2024;4370.6813;109266;873;323;309;2024-06-12 18:40:14 UTC
google;goog_camp_001;goog_adset_001;goog_ad_001;12.06.2024;4372.0751;109301;874;323;310;2024-06-13 00:14:59 UTC
google;goog_camp_001;goog_adset_001;goog_ad_001;13.06.2024;4387.4787;109686;877;324;311;2024-06-13 01:31:00 UTC
google;goog_camp_001;goog_adset_001;goog_ad_001;13.06.2024;4402.8823;110071;880;325;312;2024-06-13 09:04:59 UTC
google;goog_camp_001;goog_adset_001;goog_ad_001;13.06.2024;4418.2858;110456;883;326;313;2024-06-13 16:39:59 UTC
google;goog_camp_001;goog_adset_001;goog_ad_001;13.06.2024;4433.6894;110842;886;328;314;2024-06-14 00:09:59 UTC
google;goog_camp_001;goog_adset_001;goog_ad_001;14.06.2024;4442.9918;111074;887;328;314;2024-06-14 03:20:00 UTC
google;goog_camp_001;goog_adset_001;goog_ad_001;14.06.2024;4452.2942;111307;889;329;315;2024-06-14 07:24:23 UTC
google;goog_camp_001;goog_adset_001;goog_ad_001;14.06.2024;4461.5966;111539;891;330;316;2024-06-14 11:40:47 UTC
google;goog_camp_001;goog_adset_001;goog_ad_001;14.06.2024;4470.8989;111772;893;330;316;2024-06-14 15:48:11 UTC
google;goog_camp_001;goog_adset_001;goog_ad_001;14.06.2024;4480.2013;112004;895;331;317;2024-06-14 19:54:35 UTC
google;goog_camp_001;goog_adset_001;goog_ad_001;14.06.2024;4489.5037;112237;897;332;318;2024-06-15 00:07:59 UTC
google;goog_camp_001;goog_adset_001;goog_ad_001;15.06.2024;4495.8193;112395;898;332;318;2024-06-15 02:44:00 UTC
google;goog_camp_001;goog_adset_001;goog_ad_001;15.06.2024;4502.1348;112553;899;332;319;2024-06-15 13:28:59 UTC
google;goog_camp_001;goog_adset_001;goog_ad_001;15.06.2024;4508.4504;112711;901;333;320;2024-06-16 00:14:59 UTC
google;goog_camp_001;goog_adset_001;goog_ad_001;16.06.2024;4511.2181;112780;901;333;320;2024-06-16 00:12:00 UTC
google;goog_camp_001;goog_adset_001;goog_ad_001;16.06.2024;4513.9859;112849;902;333;320;2024-06-16 06:18:29 UTC
google;goog_camp_001;goog_adset_001;goog_ad_001;16.06.2024;4516.7536;112918;902;333;320;2024-06-16 12:13:59 UTC
google;goog_camp_001;goog_adset_001;goog_ad_001;16.06.2024;4519.5214;112987;903;333;320;2024-06-16 18:05:29 UTC
google;goog_camp_001;goog_adset_001;goog_ad_001;16.06.2024;4522.2891;113057;904;334;321;2024-06-17 00:00:59 UTC
google;goog_camp_001;goog_adset_001;goog_ad_001;17.06.2024;4523.4769;113086;904;334;321;2024-06-17 00:15:00 UTC
google;goog_camp_001;goog_adset_001;goog_ad_001;17.06.2024;4524.6647;113116;904;334;321;2024-06-17 04:58:47 UTC
google;goog_camp_001;goog_adset_001;goog_ad_001;17.06.2024;4525.8524;113146;904;334;321;2024-06-17 09:57:35 UTC
google;goog_camp_001;goog_adset_001;goog_ad_001;17.06.2024;4527.0402;113175;904;334;321;2024-06-17 14:35:23 UTC
google;goog_camp_001;goog_adset_001;goog_ad_001;17.06.2024;4528.228;113205;904;334;321;2024-06-17 19:19:11 UTC
google;goog_camp_001;goog_adset_001;goog_ad_001;17.06.2024;4529.4158;113235;905;335;321;2024-06-18 00:03:59 UTC
google;goog_camp_001;goog_adset_001;goog_ad_001;18.06.2024;4537.2653;113431;906;335;321;2024-06-18 02:51:00 UTC
google;goog_camp_001;goog_adset_001;goog_ad_001;18.06.2024;4545.1148;113627;908;336;322;2024-06-18 09:49:59 UTC
google;goog_camp_001;goog_adset_001;goog_ad_001;18.06.2024;4552.9644;113823;910;336;322;2024-06-18 17:01:59 UTC
google;goog_camp_001;goog_adset_001;goog_ad_001;18.06.2024;4560.8139;114020;912;337;323;2024-06-19 00:00:59 UTC
google;goog_camp_001;goog_adset_001;goog_ad_001;19.06.2024;4567.1221;114177;913;337;323;2024-06-19 00:16:00 UTC
google;goog_camp_001;goog_adset_001;goog_ad_001;19.06.2024;4573.4303;114335;914;337;324;2024-06-19 06:21:29 UTC
google;goog_camp_001;goog_adset_001;goog_ad_001;19.06.2024;4579.7386;114492;915;338;324;2024-06-19 12:19:59 UTC
google;goog_camp_001;goog_adset_001;goog_ad_001;19.06.2024;4586.0468;114650;916;338;325;2024-06-19 18:09:29 UTC
google;goog_camp_001;goog_adset_001;goog_ad_001;19.06.2024;4592.355;114808;918;339;326;2024-06-20 00:06:59 UTC
google;goog_camp_001;goog_adset_001;goog_ad_001;20.06.2024;4594.8513;114870;918;339;326;2024-06-20 00:17:00 UTC
google;goog_camp_001;goog_adset_001;goog_ad_001;20.06.2024;4597.3476;114933;919;339;326;2024-06-20 08:12:19 UTC
google;goog_camp_001;goog_adset_001;goog_ad_001;20.06.2024;4599.844;114995;919;339;326;2024-06-20 16:10:39 UTC
google;goog_camp_001;goog_adset_001;goog_ad_001;20.06.2024;4602.3403;115058;920;340;326;2024-06-21 00:11:59 UTC
google;goog_camp_001;goog_adset_001;goog_ad_001;21.06.2024;4610.4317;115260;921;340;326;2024-06-21 04:11:00 UTC
google;goog_camp_001;goog_adset_001;goog_ad_001;21.06.2024;4618.5232;115462;923;341;327;2024-06-21 14:02:29 UTC
google;goog_camp_001;goog_adset_001;goog_ad_001;21.06.2024;4626.6146;115665;925;342;328;2024-06-22 00:02:59 UTC
google;goog_camp_001;goog_adset_001;goog_ad_001;22.06.2024;4635.5455;115888;926;342;328;2024-06-22 02:41:00 UTC
google;goog_camp_001;goog_adset_001;goog_ad_001;22.06.2024;4644.4764;116111;928;343;329;2024-06-22 09:49:59 UTC
google;goog_camp_001;goog_adset_001;goog_ad_001;22.06.2024;4653.4073;116334;930;344;330;2024-06-22 16:59:59 UTC
google;goog_camp_001;goog_adset_001;goog_ad_001;22.06.2024;4662.3382;116558;932;345;331;2024-06-23 00:07:59 UTC
google;goog_camp_001;goog_adset_001;goog_ad_001;23.06.2024;4665.6051;116639;932;345;331;2024-06-23 02:41:00 UTC
google;goog_camp_001;goog_adset_001;goog_ad_001;23.06.2024;4668.872;116721;933;345;331;2024-06-23 09:53:39 UTC
google;goog_camp_001;goog_adset_001;goog_ad_001;23.06.2024;4672.1388;116803;934;345;331;2024-06-23 17:04:19 UTC
google;goog_camp_001;goog_adset_001;goog_ad_001;23.06.2024;4675.4057;116885;935;345;331;2024-06-24 00:10:59 UTC
google;goog_camp_001;goog_adset_001;goog_ad_001;24.06.2024;4678.2677;116956;935;345;331;2024-06-24 02:13:00 UTC
google;goog_camp_001;goog_adset_001;goog_ad_001;24.06.2024;4681.1297;117028;936;345;331;2024-06-24 06:36:35 UTC
google;goog_camp_001;goog_adset_001;goog_ad_001;24.06.2024;4683.9918;117099;936;346;332;2024-06-24 11:03:11 UTC
google;goog_camp_001;goog_adset_001;goog_ad_001;24.06.2024;4686.8538;117171;937;346;332;2024-06-24 15:18:47 UTC
google;goog_camp_001;goog_adset_001;goog_ad_001;24.06.2024;4689.7158;117242;937;346;332;2024-06-24 19:52:23 UTC
google;goog_camp_001;goog_adset_001;goog_ad_001;24.06.2024;4692.5778;117314;938;347;333;2024-06-25 00:06:59 UTC
google;goog_camp_001;goog_adset_001;goog_ad_001;25.06.2024;4696.838;117420;938;347;333;2024-06-25 03:08:00 UTC
google;goog_camp_001;goog_adset_001;goog_ad_001;25.06.2024;4701.0982;117527;939;347;333;2024-06-25 10:13:39 UTC
google;goog_camp_001;goog_adset_001;goog_ad_001;25.06.2024;4705.3584;117633;940;347;333;2024-06-25 17:07:19 UTC
google;goog_camp_001;goog_adset_001;goog_ad_001;25.06.2024;4709.6186;117740;941;348;334;2024-06-26 00:07:59 UTC
google;goog_camp_001;goog_adset_001;goog_ad_001;26.06.2024;4711.3785;117784;941;348;334;2024-06-26 00:49:00 UTC
google;goog_camp_001;goog_adset_001;goog_ad_001;26.06.2024;4713.1385;117828;942;348;334;2024-06-26 05:30:35 UTC
google;goog_camp_001;goog_adset_001;goog_ad_001;26.06.2024;4714.8984;117872;942;348;334;2024-06-26 10:15:11 UTC
google;goog_camp_001;goog_adset_001;goog_ad_001;26.06.2024;4716.6583;117916;943;348;334;2024-06-26 14:57:47 UTC
google;goog_camp_001;goog_adset_001;goog_ad_001;26.06.2024;4718.4183;117960;943;348;334;2024-06-26 19:36:23 UTC
google;goog_camp_001;goog_adset_001;goog_ad_001;26.06.2024;4720.1782;118004;944;349;335;2024-06-27 00:07:59 UTC
google;goog_camp_001;goog_adset_001;goog_ad_001;27.06.2024;4723.6681;118091;944;349;335;2024-06-27 02:35:00 UTC
google;goog_camp_001;goog_adset_001;goog_ad_001;27.06.2024;4727.158;118178;945;349;335;2024-06-27 08:02:44 UTC
google;goog_camp_001;goog_adset_001;goog_ad_001;27.06.2024;4730.6478;118265;945;349;335;2024-06-27 13:25:29 UTC
google;goog_camp_001;goog_adset_001;goog_ad_001;27.06.2024;4734.1377;118352;946;349;335;2024-06-27 18:50:14 UTC
google;goog_camp_001;goog_adset_001;goog_ad_001;27.06.2024;4737.6276;118440;947;350;336;2024-06-28 00:02:59 UTC
google;goog_camp_001;goog_adset_001;goog_ad_001;28.06.2024;4738.3508;118458;947;350;336;2024-06-28 01:26:00 UTC
google;goog_camp_001;goog_adset_001;goog_ad_001;28.06.2024;4739.0741;118476;947;350;336;2024-06-28 05:54:47 UTC
google;goog_camp_001;goog_adset_001;goog_ad_001;28.06.2024;4739.7973;118494;947;350;336;2024-06-28 10:30:35 UTC
google;goog_camp_001;goog_adset_001;goog_ad_001;28.06.2024;4740.5205;118512;947;350;336;2024-06-28 14:59:23 UTC
google;goog_camp_001;goog_adset_001;goog_ad_001;28.06.2024;4741.2438;118530;947;350;336;2024-06-28 19:34:11 UTC
google;goog_camp_001;goog_adset_001;goog_ad_001;28.06.2024;4741.967;118549;948;350;336;2024-06-29 00:06:59 UTC
google;goog_camp_001;goog_adset_001;goog_ad_001;29.06.2024;4746.0542;118651;948;350;336;2024-06-29 00:37:00 UTC
google;goog_camp_001;goog_adset_001;goog_ad_001;29.06.2024;4750.1414;118753;949;351;336;2024-06-29 08:17:39 UTC
google;goog_camp_001;goog_adset_001;goog_ad_001;29.06.2024;4754.2287;118855;950;351;336;2024-06-29 16:12:19 UTC
google;goog_camp_001;goog_adset_001;goog_ad_001;29.06.2024;4758.3159;118957;951;352;337;2024-06-30 00:14:59 UTC
google;goog_camp_001;goog_adset_001;goog_ad_001;30.06.2024;4762.4531;119060;951;352;337;2024-06-30 03:07:00 UTC
google;goog_camp_001;goog_adset_001;goog_ad_001;30.06.2024;4766.5902;119164;952;352;338;2024-06-30 10:06:19 UTC
google;goog_camp_001;goog_adset_001;goog_ad_001;30.06.2024;4770.7274;119267;953;352;338;2024-06-30 17:03:39 UTC
google;goog_camp_001;goog_adset_001;goog_ad_001;30.06.2024;4774.8646;119371;954;353;339;2024-07-01 00:10:59 UTC
google;goog_camp_001;goog_adset_001;goog_ad_001;01.07.2024;4781.2411;119530;955;353;339;2024-07-01 02:06:00 UTC
google;goog_camp_001;goog_adset_001;goog_ad_001;01.07.2024;4787.6176;119689;956;353;339;2024-07-01 13:05:59 UTC
google;goog_camp_001;goog_adset_001;goog_ad_001;01.07.2024;4793.9941;119849;958;354;340;2024-07-02 00:12:59 UTC
google;goog_camp_001;goog_adset_001;goog_ad_001;02.07.2024;4803.4911;120086;960;354;340;2024-07-02 02:17:00 UTC
google;goog_camp_001;goog_adset_001;goog_ad_001;02.07.2024;4812.988;120324;962;355;341;2024-07-02 13:03:59 UTC
google;goog_camp_001;goog_adset_001;goog_ad_001;02.07.2024;4822.485;120562;964;356;342;2024-07-03 00:08:59 UTC
google;goog_camp_001;goog_adset_001;goog_ad_001;03.07.2024;4823.8001;120594;964;356;342;2024-07-03 03:31:00 UTC
google;goog_camp_001;goog_adset_001;goog_ad_001;03.07.2024;4825.1153;120627;964;356;342;2024-07-03 08:40:59 UTC
google;goog_camp_001;goog_adset_001;goog_ad_001;03.07.2024;4826.4304;120660;964;356;342;2024-07-03 13:47:59 UTC
google;goog_camp_001;goog_adset_001;goog_ad_001;03.07.2024;4827.7456;120693;964;356;342;2024-07-03 19:00:59 UTC
google;goog_camp_001;goog_adset_001;goog_ad_001;03.07.2024;4829.0607;120726;965;357;342;2024-07-04 00:00:59 UTC
google;goog_camp_001;goog_adset_001;goog_ad_001;04.07.2024;4830.3673;120758;965;357;342;2024-07-04 00:15:00 UTC
google;goog_camp_001;goog_adset_001;goog_ad_001;04.07.2024;4831.674;120791;965;357;342;2024-07-04 05:03:11 UTC
google;goog_camp_001;goog_adset_001;goog_ad_001;04.07.2024;4832.9806;120824;966;357;342;2024-07-04 09:49:23 UTC
google;goog_camp_001;goog_adset_001;goog_ad_001;04.07.2024;4834.2872;120856;966;357;342;2024-07-04 14:37:35 UTC
google;goog_camp_001;goog_adset_001;goog_ad_001;04.07.2024;4835.5939;120889;966;357;342;2024-07-04 19:20:47 UTC
google;goog_camp_001;goog_adset_001;goog_ad_001;04.07.2024;4836.9005;120922;967;357;343;2024-07-05 00:06:59 UTC
google;goog_camp_001;goog_adset_001;goog_ad_001;05.07.2024;4838.9653;120973;967;357;343;2024-07-05 03:58:00 UTC
google;goog_camp_001;goog_adset_001;goog_ad_001;05.07.2024;4841.0301;121025;967;357;343;2024-07-05 09:02:29 UTC
google;goog_camp_001;goog_adset_001;goog_ad_001;05.07.2024;4843.095;121076;968;357;343;2024-07-05 13:57:59 UTC
google;goog_camp_001;goog_adset_001;goog_ad_001;05.07.2024;4845.1598;121128;968;357;343;2024-07-05 18:59:29 UTC
google;goog_camp_001;goog_adset_001;goog_ad_001;05.07.2024;4847.2246;121180;969;358;344;2024-07-06 00:04:59 UTC
google;goog_camp_001;goog_adset_001;goog_ad_001;06.07.2024;4849.1955;121229;969;358;344;2024-07-06 01:31:00 UTC
google;goog_camp_001;goog_adset_001;goog_ad_001;06.07.2024;4851.1664;121278;969;358;344;2024-07-06 12:51:59 UTC
google;goog_camp_001;goog_adset_001;goog_ad_001;06.07.2024;4853.1373;121328;970;359;344;2024-07-07 00:07:59 UTC
google;goog_camp_001;goog_adset_001;goog_ad_001;07.07.2024;4858.2743;121456;971;359;344;2024-07-07 03:06:00 UTC
google;goog_camp_001;goog_adset_001;goog_ad_001;07.07.2024;4863.4112;121584;972;359;344;2024-07-07 07:24:11 UTC
google;goog_camp_001;goog_adset_001;goog_ad_001;07.07.2024;4868.5482;121713;973;360;345;2024-07-07 11:37:23 UTC
google;goog_camp_001;goog_adset_001;goog_ad_001;07.07.2024;4873.6851;121841;974;360;345;2024-07-07 15:41:35 UTC
google;goog_camp_001;goog_adset_001;goog_ad_001;07.07.2024;4878.822;121969;975;360;345;2024-07-07 20:00:47 UTC
google;goog_camp_001;goog_adset_001;goog_ad_001;07.07.2024;4883.959;122098;976;361;346;2024-07-08 00:07:59 UTC
google;goog_camp_001;goog_adset_001;goog_ad_001;08.07.2024;4887.1076;122176;976;361;346;2024-07-08 03:57:00 UTC
google;goog_camp_001;goog_adset_001;goog_ad_001;08.07.2024;4890.2562;122255;977;361;346;2024-07-08 10:48:39 UTC
google;goog_camp_001;goog_adset_001;goog_ad_001;08.07.2024;4893.4049;122334;978;361;346;2024-07-08 17:20:19 UTC
google;goog_camp_001;goog_adset_001;goog_ad_001;08.07.2024;4896.5535;122413;979;362;347;2024-07-09 00:02:59 UTC
google;goog_camp_001;goog_adset_001;goog_ad_001;09.07.2024;4903.0834;122576;980;362;347;2024-07-09 00:16:00 UTC
google;goog_camp_001;goog_adset_001;goog_ad_001;09.07.2024;4909.6134;122739;981;362;348;2024-07-09 12:07:29 UTC
google;goog_camp_001;goog_adset_001;goog_ad_001;09.07.2024;4916.1433;122903;983;363;349;2024-07-10 00:08:59 UTC
google;goog_camp_001;goog_adset_001;goog_ad_001;10.07.2024;4917.7368;122942;983;363;349;2024-07-10 01:15:00 UTC
google;goog_camp_001;goog_adset_001;goog_ad_001;10.07.2024;4919.3303;122982;983;363;349;2024-07-10 05:52:11 UTC
google;goog_camp_001;goog_adset_001;goog_ad_001;10.07.2024;4920.9238;123022;984;363;349;2024-07-10 10:15:23 UTC
google;goog_camp_001;goog_adset_001;goog_ad_001;10.07.2024;4922.5172;123062;984;363;349;2024-07-10 15:00:35 UTC
google;goog_camp_001;goog_adset_001;goog_ad_001;10.07.2024;4924.1107;123102;984;363;349;2024-07-10 19:29:47 UTC
google;goog_camp_001;goog_adset_001;goog_ad_001;10.07.2024;4925.7042;123142;985;364;349;2024-07-11 00:02:59 UTC
google;goog_camp_001;goog_adset_001;goog_ad_001;11.07.2024;4928.2018;123204;985;364;349;2024-07-11 02:15:00 UTC
google;goog_camp_001;goog_adset_001;goog_ad_001;11.07.2024;4930.6994;123267;986;364;349;2024-07-11 06:44:47 UTC
google;goog_camp_001;goog_adset_001;goog_ad_001;11.07.2024;4933.1971;123329;986;364;349;2024-07-11 10:55:35 UTC
google;goog_camp_001;goog_adset_001;goog_ad_001;11.07.2024;4935.6947;123392;987;364;349;2024-07-11 15:31:23 UTC
google;goog_camp_001;goog_adset_001;goog_ad_001;11.07.2024;4938.1923;123454;987;364;349;2024-07-11 19:49:11 UTC
google;goog_camp_001;goog_adset_001;goog_ad_001;11.07.2024;4940.6899;123517;988;365;350;2024-07-12 00:08:59 UTC
google;goog_camp_001;goog_adset_001;goog_ad_001;12.07.2024;4946.9725;123674;989;365;350;2024-07-12 03:45:00 UTC
google;goog_camp_001;goog_adset_001;goog_ad_001;12.07.2024;4953.2551;123831;990;366;351;2024-07-12 10:43:19 UTC
google;goog_camp_001;goog_adset_001;goog_ad_001;12.07.2024;4959.5377;123988;991;366;351;2024-07-12 17:25:39 UTC
google;goog_camp_001;goog_adset_001;goog_ad_001;12.07.2024;4965.8203;124145;993;367;352;2024-07-13 00:12:59 UTC
google;goog_camp_001;goog_adset_001;goog_ad_001;13.07.2024;4974.4936;124362;994;367;352;2024-07-13 03:49:00 UTC
google;goog_camp_001;goog_adset_001;goog_ad_001;13.07.2024;4983.167;124579;996;368;353;2024-07-13 13:59:59 UTC
google;goog_camp_001;goog_adset_001;goog_ad_001;13.07.2024;4991.8403;124796;998;369;354;2024-07-14 00:00:59 UTC
google;goog_camp_001;goog_adset_001;goog_ad_001;14.07.2024;4994.5602;124863;998;369;354;2024-07-14 00:56:00 UTC
google;goog_camp_001;goog_adset_001;goog_ad_001;14.07.2024;4997.2801;124931;998;369;354;2024-07-14 08:03:17 UTC
google;goog_camp_001;goog_adset_001;goog_ad_001;14.07.2024;5000.0;124999;999;369;354;2024-07-14 14:51:34 UTC
google;goog_camp_001;goog_adset_002;goog_ad_002;02.01.2024;5.078;126;1;0;0;2024-01-02 03:02:00 UTC
google;goog_camp_001;goog_adset_002;goog_ad_002;02.01.2024;10.156;253;2;0;0;2024-01-02 10:02:39 UTC
google;goog_camp_001;goog_adset_002;goog_ad_002;02.01.2024;15.2339;380;3;0;0;2024-01-02 17:01:19 UTC
google;goog_camp_001;goog_adset_002;goog_ad_002;02.01.2024;20.3119;507;4;1;1;2024-01-03 00:00:59 UTC
google;goog_camp_001;goog_adset_002;goog_ad_002;03.01.2024;22.0555;550;4;1;1;2024-01-03 00:06:00 UTC
google;goog_camp_001;goog_adset_002;goog_ad_002;03.01.2024;23.7991;594;4;1;1;2024-01-03 05:01:59 UTC
google;goog_camp_001;goog_adset_002;goog_ad_002;03.01.2024;25.5427;638;5;1;1;2024-01-03 09:39:59 UTC
google;goog_camp_001;goog_adset_002;goog_ad_002;03.01.2024;27.2864;681;5;1;1;2024-01-03 14:34:59 UTC
google;goog_camp_001;goog_adset_002;goog_ad_002;03.01.2024;29.03;725;5;1;1;2024-01-03 19:22:59 UTC
google;goog_camp_001;goog_adset_002;goog_ad_002;03.01.2024;30.7736;769;6;2;2;2024-01-04 00:01:59 UTC
google;goog_camp_001;goog_adset_002;goog_ad_002;04.01.2024;35.7077;892;7;2;2;2024-01-04 01:05:00 UTC
google;goog_camp_001;goog_adset_002;goog_ad_002;04.01.2024;40.6418;1015;8;2;2;2024-01-04 08:47:59 UTC
google;goog_camp_001;goog_adset_002;goog_ad_002;04.01.2024;45.5758;1138;9;2;2;2024-01-04 16:27:59 UTC
google;goog_camp_001;goog_adset_002;goog_ad_002;04.01.2024;50.5099;1262;10;3;3;2024-01-05 00:02:59 UTC
google;goog_camp_001;goog_adset_002;goog_ad_002;05.01.2024;53.6689;1341;10;3;3;2024-01-05 00:35:00 UTC
google;goog_camp_001;goog_adset_002;goog_ad_002;05.01.2024;56.828;1420;11;3;3;2024-01-05 08:19:19 UTC
google;goog_camp_001;goog_adset_002;goog_ad_002;05.01.2024;59.987;1499;11;3;3;2024-01-05 16:22:39 UTC
google;goog_camp_001;goog_adset_002;goog_ad_002;05.01.2024;63.146;1578;12;4;4;2024-01-06 00:05:59 UTC
google;goog_camp_001;goog_adset_002;goog_ad_002;06.01.2024;76.9796;1923;14;5;5;2024-01-06 01:43:00 UTC
google;goog_camp_001;goog_adset_002;goog_ad_002;06.01.2024;90.8131;2269;17;6;6;2024-01-06 07:29:14 UTC
google;goog_camp_001;goog_adset_002;goog_ad_002;06.01.2024;104.6467;2615;20;7;7;2024-01-06 12:58:29 UTC
google;goog_camp_001;goog_adset_002;goog_ad_002;06.01.2024;118.4802;2961;23;8;8;2024-01-06 18:31:44 UTC
google;goog_camp_001;goog_adset_002;goog_ad_002;06.01.2024;132.3138;3307;26;9;9;2024-01-07 00:06:59 UTC
google;goog_camp_001;goog_adset_002;goog_ad_002;07.01.2024;145.0963;3626;28;10;10;2024-01-07 01:15:00 UTC
google;goog_camp_001;goog_adset_002;goog_ad_002;07.01.2024;157.8787;3946;31;11;11;2024-01-07 12:42:29 UTC
google;goog_camp_001;goog_adset_002;goog_ad_002;07.01.2024;170.6612;4266;34;12;12;2024-01-08 00:05:59 UTC
google;goog_camp_001;goog_adset_002;goog_ad_002;08.01.2024;177.8931;4446;35;12;12;2024-01-08 00:36:00 UTC
google;goog_camp_001;goog_adset_002;goog_ad_002;08.01.2024;185.125;4627;36;13;13;2024-01-08 08:22:39 UTC
google;goog_camp_001;goog_adset_002;goog_ad_002;08.01.2024;192.357;4808;37;13;13;2024-01-08 16:09:19 UTC
google;goog_camp_001;goog_adset_002;goog_ad_002;08.01.2024;199.5889;4989;39;14;14;2024-01-09 00:06:59 UTC
google;goog_camp_001;goog_adset_002;goog_ad_002;09.01.2024;203.9113;5097;40;14;14;2024-01-09 03:16:00 UTC
google;goog_camp_001;goog_adset_002;goog_ad_002;09.01.2024;208.2337;5205;41;15;14;2024-01-09 10:20:19 UTC
google;goog_camp_001;goog_adset_002;goog_ad_002;09.01.2024;212.5561;5313;42;15;14;2024-01-09 17:18:39 UTC
google;goog_camp_001;goog_adset_002;goog_ad_002;09.01.2024;216.8785;5421;43;16;15;2024-01-10 00:04:59 UTC
google;goog_camp_001;goog_adset_002;goog_ad_002;10.01.2024;224.7012;5616;44;16;15;2024-01-10 00:19:00 UTC
google;goog_camp_001;goog_adset_002;goog_ad_002;10.01.2024;232.5239;5812;46;16;16;2024-01-10 06:06:59 UTC
google;goog_camp_001;goog_adset_002;goog_ad_002;10.01.2024;240.3465;6007;47;17;16;2024-01-10 12:08:59 UTC
google;goog_camp_001;goog_adset_002;goog_ad_002;10.01.2024;248.1692;6203;49;17;17;2024-01-10 18:05:59 UTC
google;goog_camp_001;goog_adset_002;goog_ad_002;10.01.2024;255.9919;6399;51;18;18;2024-01-11 00:12:59 UTC
google;goog_camp_001;goog_adset_002;goog_ad_002;11.01.2024;259.4533;6485;51;18;18;2024-01-11 00:54:00 UTC
google;goog_camp_001;goog_adset_002;goog_ad_002;11.01.2024;262.9147;6572;52;18;18;2024-01-11 05:36:59 UTC
google;goog_camp_001;goog_adset_002;goog_ad_002;11.01.2024;266.376;6659;53;19;18;2024-01-11 10:17:59 UTC
google;goog_camp_001;goog_adset_002;goog_ad_002;11.01.2024;269.8374;6745;53;19;18;2024-01-11 14:55:59 UTC
google;goog_camp_001;goog_adset_002;goog_ad_002;11.01.2024;273.2988;6832;54;19;18;2024-01-11 19:30:59 UTC
google;goog_camp_001;goog_adset_002;goog_ad_002;11.01.2024;276.7602;6919;55;20;19;2024-01-12 00:02:59 UTC
google;goog_camp_001;goog_adset_002;goog_ad_002;12.01.2024;289.6803;7242;57;21;20;2024-01-12 00:44:00 UTC
google;goog_camp_001;goog_adset_002;goog_ad_002;12.01.2024;302.6004;7565;60;22;21;2024-01-12 06:39:29 UTC
google;goog_camp_001;goog_adset_002;goog_ad_002;12.01.2024;315.5206;7888;62;23;22;2024-01-12 12:30:59 UTC
google;goog_camp_001;goog_adset_002;goog_ad_002;12.01.2024;328.4407;8211;65;24;23;2024-01-12 18:16:29 UTC
google;goog_camp_001;goog_adset_002;goog_ad_002;12.01.2024;341.3608;8534;68;25;24;2024-01-13 00:10:59 UTC
google;goog_camp_001;goog_adset_002;goog_ad_002;13.01.2024;351.815;8795;70;25;24;2024-01-13 02:22:00 UTC
google;goog_camp_001;goog_adset_002;goog_ad_002;13.01.2024;362.2692;9056;72;26;25;2024-01-13 09:40:19 UTC
google;goog_camp_001;goog_adset_002;goog_ad_002;13.01.2024;372.7235;9317;74;27;26;2024-01-13 16:58:39 UTC
google;goog_camp_001;goog_adset_002;goog_ad_002;13.01.2024;383.1777;9579;76;28;27;2024-01-14 00:11:59 UTC
google;goog_camp_001;goog_adset_002;goog_ad_002;14.01.2024;386.3888;9659;76;28;27;2024-01-14 03:10:00 UTC
google;goog_camp_001;goog_adset_002;goog_ad_002;14.01.2024;389.5999;9739;77;28;27;2024-01-14 08:18:59 UTC
google;goog_camp_001;goog_adset_002;goog_ad_002;14.01.2024;392.8111;9819;77;28;27;2024-01-14 13:41:59 UTC
google;goog_camp_001;goog_adset_002;goog_ad_002;14.01.2024;396.0222;9899;78;28;27;2024-01-14 19:00:59 UTC
google;goog_camp_001;goog_adset_002;goog_ad_002;14.01.2024;399.2333;9980;79;29;28;2024-01-15 00:09:59 UTC
google;goog_camp_001;goog_adset_002;goog_ad_002;15.01.2024;409.2027;10229;81;29;28;2024-01-15 03:43:00 UTC
google;goog_camp_001;goog_adset_002;goog_ad_002;15.01.2024;419.1721;10478;83;30;29;2024-01-15 07:49:35 UTC
google;goog_camp_001;goog_adset_002;goog_ad_002;15.01.2024;429.1416;10728;85;31;30;2024-01-15 11:47:11 UTC
google;goog_camp_001;goog_adset_002;goog_ad_002;15.01.2024;439.111;10977;87;31;30;2024-01-15 15:57:47 UTC
google;goog_camp_001;goog_adset_002;goog_ad_002;15.01.2024;449.0804;11226;89;32;31;2024-01-15 20:04:23 UTC
google;goog_camp_001;goog_adset_002;goog_ad_002;15.01.2024;459.0498;11476;91;33;32;2024-01-16 00:11:59 UTC
google;goog_camp_001;goog_adset_002;goog_ad_002;16.01.2024;464.8366;11620;92;33;32;2024-01-16 01:11:00 UTC
google;goog_camp_001;goog_adset_002;goog_ad_002;16.01.2024;470.6233;11765;93;34;32;2024-01-16 12:43:29 UTC
google;goog_camp_001;goog_adset_002;goog_ad_002;16.01.2024;476.4101;11910;95;35;33;2024-01-17 00:14:59 UTC
google;goog_camp_001;goog_adset_002;goog_ad_002;17.01.2024;500.3447;12508;99;36;34;2024-01-17 02:27:00 UTC
google;goog_camp_001;goog_adset_002;goog_ad_002;17.01.2024;524.2793;13106;104;38;36;2024-01-17 13:14:29 UTC
google;goog_camp_001;goog_adset_002;goog_ad_002;17.01.2024;548.2139;13705;109;40;38;2024-01-18 00:12:59 UTC
google;goog_camp_001;goog_adset_002;goog_ad_002;18.01.2024;563.6946;14092;112;41;39;2024-01-18 00:06:00 UTC
google;goog_camp_001;goog_adset_002;goog_ad_002;18.01.2024;579.1754;14479;115;42;40;2024-01-18 08:07:59 UTC
google;goog_camp_001;goog_adset_002;goog_ad_002;18.01.2024;594.6561;14866;118;43;41;2024-01-18 16:08:59 UTC
google;goog_camp_001;goog_adset_002;goog_ad_002;18.01.2024;610.1368;15253;122;45;43;2024-01-19 00:04:59 UTC
google;goog_camp_001;goog_adset_002;goog_ad_002;19.01.2024;616.8809;15421;123;45;43;2024-01-19 01:28:00 UTC
google;goog_camp_001;goog_adset_002;goog_ad_002;19.01.2024;623.625;15590;124;46;44;2024-01-19 09:06:59 UTC
google;goog_camp_001;goog_adset_002;goog_ad_002;19.01.2024;630.3692;15758;125;46;44;2024-01-19 16:28:59 UTC
google;goog_camp_001;goog_adset_002;goog_ad_002;19.01.2024;637.1133;15927;127;47;45;2024-01-20 00:03:59 UTC
google;goog_camp_001;goog_adset_002;goog_ad_002;20.01.2024;637.9253;15947;127;47;45;2024-01-20 02:13:00 UTC
google;goog_camp_001;goog_adset_002;goog_ad_002;20.01.2024;638.7374;15967;127;47;45;2024-01-20 06:36:23 UTC
google;goog_camp_001;goog_adset_002;goog_ad_002;20.01.2024;639.5494;15988;127;47;45;2024-01-20 11:03:47 UTC
google;goog_camp_001;goog_adset_002;goog_ad_002;20.01.2024;640.3614;16008;127;47;45;2024-01-20 15:28:11 UTC
google;goog_camp_001;goog_adset_002;goog_ad_002;20.01.2024;641.1735;16028;127;47;45;2024-01-20 19:50:35 UTC
google;goog_camp_001;goog_adset_002;goog_ad_002;20.01.2024;641.9855;16049;128;47;45;2024-01-21 00:00:59 UTC
google;goog_camp_001;goog_adset_002;goog_ad_002;21.01.2024;646.2313;16155;128;47;45;2024-01-21 02:49:00 UTC
google;goog_camp_001;goog_adset_002;goog_ad_002;21.01.2024;650.477;16261;129;47;45;2024-01-21 07:06:23 UTC
google;goog_camp_001;goog_adset_002;goog_ad_002;21.01.2024;654.7228;16367;130;48;46;2024-01-21 11:30:47 UTC
google;goog_camp_001;goog_adset_002;goog_ad_002;21.01.2024;658.9686;16473;131;48;46;2024-01-21 15:43:11 UTC
google;goog_camp_001;goog_adset_002;goog_ad_002;21.01.2024;663.2143;16579;132;48;46;2024-01-21 19:51:35 UTC
google;goog_camp_001;goog_adset_002;goog_ad_002;21.01.2024;667.4601;16686;133;49;47;2024-01-22 00:05:59 UTC
google;goog_camp_001;goog_adset_002;goog_ad_002;22.01.2024;669.451;16735;133;49;47;2024-01-22 01:35:00 UTC
google;goog_camp_001;goog_adset_002;goog_ad_002;22.01.2024;671.442;16785;134;49;47;2024-01-22 09:17:39 UTC
google;goog_camp_001;goog_adset_002;goog_ad_002;22.01.2024;673.433;16835;134;49;47;2024-01-22 16:46:19 UTC
google;goog_camp_001;goog_adset_002;goog_ad_002;22.01.2024;675.4239;16885;135;49;47;2024-01-23 00:10:59 UTC
google;goog_camp_001;goog_adset_002;goog_ad_002;23.01.2024;678.6646;16966;135;49;47;2024-01-23 01:52:00 UTC
google;goog_camp_001;goog_adset_002;goog_ad_002;23.01.2024;681.9054;17047;136;49;47;2024-01-23 09:12:19 UTC
google;goog_camp_001;goog_adset_002;goog_ad_002;23.01.2024;685.1462;17128;136;49;47;2024-01-23 16:41:39 UTC
google;goog_camp_001;goog_adset_002;goog_ad_002;23.01.2024;688.3869;17209;137;50;48;2024-01-24 00:05:59 UTC
google;goog_camp_001;goog_adset_002;goog_ad_002;24.01.2024;691.8367;17295;137;50;48;2024-01-24 03:41:00 UTC
google;goog_camp_001;goog_adset_002;goog_ad_002;24.01.2024;695.2866;17381;138;50;48;2024-01-24 10:28:39 UTC
google;goog_camp_001;goog_adset_002;goog_ad_002;24.01.2024;698.7364;17467;139;50;48;2024-01-24 17:27:19 UTC
google;goog_camp_001;goog_adset_002;goog_ad_002;24.01.2024;702.1862;17554;140;51;49;2024-01-25 00:07:59 UTC
google;goog_camp_001;goog_adset_002;goog_ad_002;25.01.2024;704.8192;17620;140;51;49;2024-01-25 01:14:00 UTC
google;goog_camp_001;goog_adset_002;goog_ad_002;25.01.2024;707.4521;17686;141;51;49;2024-01-25 12:34:29 UTC
google;goog_camp_001;goog_adset_002;goog_ad_002;25.01.2024;710.0851;17752;142;52;50;2024-01-26 00:03:59 UTC
google;goog_camp_001;goog_adset_002;goog_ad_002;26.01.2024;716.4714;17911;143;52;50;2024-01-26 00:21:00 UTC
google;goog_camp_001;goog_adset_002;goog_ad_002;26.01.2024;722.8576;18071;144;53;51;2024-01-26 08:16:19 UTC
google;goog_camp_001;goog_adset_002;goog_ad_002;26.01.2024;729.2438;18230;145;53;51;2024-01-26 16:17:39 UTC
google;goog_camp_001;goog_adset_002;goog_ad_002;26.01.2024;735.6301;18390;147;54;52;2024-01-27 00:12:59 UTC
google;goog_camp_001;goog_adset_002;goog_ad_002;27.01.2024;738.5541;18463;147;54;52;2024-01-27 01:34:00 UTC
google;goog_camp_001;goog_adset_002;goog_ad_002;27.01.2024;741.4781;18536;148;54;52;2024-01-27 09:08:19 UTC
google;goog_camp_001;goog_adset_002;goog_ad_002;27.01.2024;744.4022;18609;148;54;52;2024-01-27 16:42:39 UTC
google;goog_camp_001;goog_adset_002;goog_ad_002;27.01.2024;747.3262;18683;149;55;53;2024-01-28 00:07:59 UTC
google;goog_camp_001;goog_adset_002;goog_ad_002;28.01.2024;750.9256;18773;149;55;53;2024-01-28 01:50:00 UTC
google;goog_camp_001;goog_adset_002;goog_ad_002;28.01.2024;754.5249;18863;150;55;53;2024-01-28 07:23:29 UTC
google;goog_camp_001;goog_adset_002;goog_ad_002;28.01.2024;758.1243;18953;151;55;53;2024-01-28 12:59:59 UTC
google;goog_camp_001;goog_adset_002;goog_ad_002;28.01.2024;761.7236;19043;152;55;53;2024-01-28 18:29:29 UTC
google;goog_camp_001;goog_adset_002;goog_ad_002;28.01.2024;765.323;19133;153;56;54;2024-01-29 00:09:59 UTC
google;goog_camp_001;goog_adset_002;goog_ad_002;29.01.2024;768.7974;19219;153;56;54;2024-01-29 02:28:00 UTC
google;goog_camp_001;goog_adset_002;goog_ad_002;29.01.2024;772.2718;19306;154;56;54;2024-01-29 09:39:59 UTC
google;goog_camp_001;goog_adset_002;goog_ad_002;29.01.2024;775.7463;19393;154;56;54;2024-01-29 16:56:59 UTC
google;goog_camp_001;goog_adset_002;goog_ad_002;29.01.2024;779.2207;19480;155;57;55;2024-01-30 00:03:59 UTC
google;goog_camp_001;goog_adset_002;goog_ad_002;30.01.2024;785.3805;19634;156;57;55;2024-01-30 03:11:00 UTC
google;goog_camp_001;goog_adset_002;goog_ad_002;30.01.2024;791.5403;19788;157;57;55;2024-01-30 08:25:44 UTC
google;goog_camp_001;goog_adset_002;goog_ad_002;30.01.2024;797.7;19942;159;58;56;2024-01-30 13:39:29 UTC
google;goog_camp_001;goog_adset_002;goog_ad_002;30.01.2024;803.8598;20096;160;58;56;2024-01-30 18:49:14 UTC
google;goog_camp_001;goog_adset_002;goog_ad_002;30.01.2024;810.0196;20250;162;59;57;2024-01-31 00:07:59 UTC
google;goog_camp_001;goog_adset_002;goog_ad_002;31.01.2024;814.8913;20371;162;59;57;2024-01-31 03:42:00 UTC
google;goog_camp_001;goog_adset_002;goog_ad_002;31.01.2024;819.7629;20493;163;60;57;2024-01-31 07:49:35 UTC
google;goog_camp_001;goog_adset_002;goog_ad_002;31.01.2024;824.6346;20615;164;60;58;2024-01-31 11:50:11 UTC
google;goog_camp_001;goog_adset_002;goog_ad_002;31.01.2024;829.5063;20737;165;61;58;2024-01-31 16:01:47 UTC
google;goog_camp_001;goog_adset_002;goog_ad_002;31.01.2024;834.3779;20859;166;61;58;2024-01-31 19:57:23 UTC
google;goog_camp_001;goog_adset_002;goog_ad_002;31.01.2024;839.2496;20981;167;62;59;2024-02-01 00:13:59 UTC
google;goog_camp_001;goog_adset_002;goog_ad_002;01.02.2024;842.0622;21051;167;62;59;2024-02-01 00:55:00 UTC
google;goog_camp_001;goog_adset_002;goog_ad_002;01.02.2024;844.8748;21121;168;62;59;2024-02-01 05:33:23 UTC
google;goog_camp_001;goog_adset_002;goog_ad_002;01.02.2024;847.6874;21192;169;62;59;2024-02-01 10:18:47 UTC
google;goog_camp_001;goog_adset_002;goog_ad_002;01.02.2024;850.4999;21262;169;62;59;2024-02-01 14:45:11 UTC
google;goog_camp_001;goog_adset_002;goog_ad_002;01.02.2024;853.3125;21332;170;62;59;2024-02-01 19:34:35 UTC
google;goog_camp_001;goog_adset_002;goog_ad_002;01.02.2024;856.1251;21403;171;63;60;2024-02-02 00:14:59 UTC
google;goog_camp_001;goog_adset_002;goog_ad_002;02.02.2024;862.5035;21562;172;63;60;2024-02-02 01:47:00 UTC
google;goog_camp_001;goog_adset_002;goog_ad_002;02.02.2024;868.8818;21721;173;63;61;2024-02-02 07:14:14 UTC
google;goog_camp_001;goog_adset_002;goog_ad_002;02.02.2024;875.2602;21881;174;64;61;2024-02-02 12:52:29 UTC
google;goog_camp_001;goog_adset_002;goog_ad_002;02.02.2024;881.6385;22040;175;64;62;2024-02-02 18:30:44 UTC
google;goog_camp_001;goog_adset_002;goog_ad_002;02.02.2024;888.0169;22200;177;65;63;2024-02-03 00:07:59 UTC
google;goog_camp_001;goog_adset_002;goog_ad_002;03.02.2024;897.9082;22447;179;65;63;2024-02-03 03:25:00 UTC
google;goog_camp_001;goog_adset_002;goog_ad_002;03.02.2024;907.7996;22694;181;66;64;2024-02-03 08:37:29 UTC
google;goog_camp_001;goog_adset_002;goog_ad_002;03.02.2024;917.6909;22941;183;67;64;2024-02-03 13:48:59 UTC
google;goog_camp_001;goog_adset_002;goog_ad_002;03.02.2024;927.5823;23188;185;68;65;2024-02-03 18:57:29 UTC
google;goog_camp_001;goog_adset_002;goog_ad_002;03.02.2024;937.4736;23436;187;69;66;2024-02-04 00:01:59 UTC
google;goog_camp_001;goog_adset_002;goog_ad_002;04.02.2024;937.8979;23446;187;69;66;2024-02-04 01:53:00 UTC
google;goog_camp_001;goog_adset_002;goog_ad_002;04.02.2024;938.3222;23457;187;69;66;2024-02-04 07:22:44 UTC
google;goog_camp_001;goog_adset_002;goog_ad_002;04.02.2024;938.7464;23467;187;69;66;2024-02-04 12:55:29 UTC
google;goog_camp_001;goog_adset_002;goog_ad_002;04.02.2024;939.1707;23478;187;69;66;2024-02-04 18:41:14 UTC
google;goog_camp_001;goog_adset_002;goog_ad_002;04.02.2024;939.595;23489;187;69;66;2024-02-05 00:03:59 UTC
google;goog_camp_001;goog_adset_002;goog_ad_002;05.02.2024;944.009;23599;188;69;66;2024-02-05 01:04:00 UTC
google;goog_camp_001;goog_adset_002;goog_ad_002;05.02.2024;948.4231;23709;189;69;66;2024-02-05 12:39:29 UTC
google;goog_camp_001;goog_adset_002;goog_ad_002;05.02.2024;952.8371;23820;190;70;67;2024-02-06 00:11:59 UTC
google;goog_camp_001;goog_adset_002;goog_ad_002;06.02.2024;954.723;23867;190;70;67;2024-02-06 03:40:00 UTC
google;goog_camp_001;goog_adset_002;goog_ad_002;06.02.2024;956.6089;23914;190;70;67;2024-02-06 08:40:44 UTC
google;goog_camp_001;goog_adset_002;goog_ad_002;06.02.2024;958.4949;23961;191;70;67;2024-02-06 13:49:29 UTC
google;goog_camp_001;goog_adset_002;goog_ad_002;06.02.2024;960.3808;24008;191;70;67;2024-02-06 19:03:14 UTC
google;goog_camp_001;goog_adset_002;goog_ad_002;06.02.2024;962.2667;24056;192;71;68;2024-02-07 00:05:59 UTC
google;goog_camp_001;goog_adset_002;goog_ad_002;07.02.2024;964.3104;24107;192;71;68;2024-02-07 03:30:00 UTC
google;goog_camp_001;goog_adset_002;goog_ad_002;07.02.2024;966.3542;24158;192;71;68;2024-02-07 07:37:11 UTC
google;goog_camp_001;goog_adset_002;goog_ad_002;07.02.2024;968.398;24209;193;71;68;2024-02-07 11:37:23 UTC
google;goog_camp_001;goog_adset_002;goog_ad_002;07.02.2024;970.4417;24260;193;71;68;2024-02-07 15:50:35 UTC
google;goog_camp_001;goog_adset_002;goog_ad_002;07.02.2024;972.4854;24311;193;71;68;2024-02-07 20:06:47 UTC
google;goog_camp_001;goog_adset_002;goog_ad_002;07.02.2024;974.5292;24363;194;72;69;2024-02-08 00:00:59 UTC
google;goog_camp_001;goog_adset_002;goog_ad_002;08.02.2024;975.0715;24376;194;72;69;2024-02-08 04:09:00 UTC
google;goog_camp_001;goog_adset_002;goog_ad_002;08.02.2024;975.6138;24389;194;72;69;2024-02-08 14:02:29 UTC
google;goog_camp_001;goog_adset_002;goog_ad_002;08.02.2024;976.1561;24403;195;72;69;2024-02-09 00:03:59 UTC
google;goog_camp_001;goog_adset_002;goog_ad_002;09.02.2024;976.49;24411;195;72;69;2024-02-09 03:04:00 UTC
google;goog_camp_001;goog_adset_002;goog_ad_002;09.02.2024;976.824;24419;195;72;69;2024-02-09 07:16:11 UTC
google;goog_camp_001;goog_adset_002;goog_ad_002;09.02.2024;977.158;24428;195;72;69;2024-02-09 11:29:23 UTC
google;goog_camp_001;goog_adset_002;goog_ad_002;09.02.2024;977.4919;24436;195;72;69;2024-02-09 15:37:35 UTC
google;goog_camp_001;goog_adset_002;goog_ad_002;09.02.2024;977.8258;24444;195;72;69;2024-02-09 19:54:47 UTC
google;goog_camp_001;goog_adset_002;goog_ad_002;09.02.2024;978.1598;24453;195;72;69;2024-02-10 00:11:59 UTC
google;goog_camp_001;goog_adset_002;goog_ad_002;10.02.2024;980.5422;24512;195;72;69;2024-02-10 02:45:00 UTC
google;goog_camp_001;goog_adset_002;goog_ad_002;10.02.2024;982.9245;24572;196;72;69;2024-02-10 07:10:11 UTC
google;goog_camp_001;goog_adset_002;goog_ad_002;10.02.2024;985.3069;24632;196;72;69;2024-02-10 11:21:23 UTC
google;goog_camp_001;goog_adset_002;goog_ad_002;10.02.2024;987.6893;24691;197;72;69;2024-02-10 15:44:35 UTC
google;goog_camp_001;goog_adset_002;goog_ad_002;10.02.2024;990.0716;24751;197;72;69;2024-02-10 19:51:47 UTC
google;goog_camp_001;goog_adset_002;goog_ad_002;10.02.2024;992.454;24811;198;73;70;2024-02-11 00:11:59 UTC
google;goog_camp_001;goog_adset_002;goog_ad_002;11.02.2024;995.944;24898;198;73;70;2024-02-11 01:31:00 UTC
google;goog_camp_001;goog_adset_002;goog_ad_002;11.02.2024;999.4339;24985;199;73;70;2024-02-11 09:14:59 UTC
google;goog_camp_001;goog_adset_002;goog_ad_002;11.02.2024;1002.9238;25072;200;73;70;2024-02-11 16:43:59 UTC
google;goog_camp_001;goog_adset_002;goog_ad_002;11.02.2024;1006.4138;25160;201;74;71;2024-02-12 00:05:59 UTC
google;goog_camp_001;goog_adset_002;goog_ad_002;12.02.2024;1024.4929;25612;204;75;72;2024-02-12 01:26:00 UTC
google;goog_camp_001;goog_adset_002;goog_ad_002;12.02.2024;1042.5719;26064;208;76;73;2024-02-12 12:45:59 UTC
google;goog_camp_001;goog_adset_002;goog_ad_002;12.02.2024;1060.651;26516;212;78;75;2024-02-13 00:10:59 UTC
google;goog_camp_001;goog_adset_002;goog_ad_002;13.02.2024;1066.6733;26666;213;78;75;2024-02-13 02:25:00 UTC
google;goog_camp_001;goog_adset_002;goog_ad_002;13.02.2024;1072.6957;26817;214;79;76;2024-02-13 09:39:59 UTC
google;goog_camp_001;goog_adset_002;goog_ad_002;13.02.2024;1078.718;26967;215;79;76;2024-02-13 16:55:59 UTC
google;goog_camp_001;goog_adset_002;goog_ad_002;13.02.2024;1084.7403;27118;216;80;77;2024-02-14 00:13:59 UTC
google;goog_camp_001;goog_adset_002;goog_ad_002;14.02.2024;1092.57;27313;217;80;77;2024-02-14 00:20:00 UTC
google;goog_camp_001;goog_adset_002;goog_ad_002;14.02.2024;1100.3998;27509;219;81;78;2024-02-14 08:06:39 UTC
google;goog_camp_001;goog_adset_002;goog_ad_002;14.02.2024;1108.2296;27705;221;81;78;2024-02-14 16:13:19 UTC
google;goog_camp_001;goog_adset_002;goog_ad_002;14.02.2024;1116.0593;27901;223;82;79;2024-02-15 00:11:59 UTC
google;goog_camp_001;goog_adset_002;goog_ad_002;15.02.2024;1145.5046;28637;228;84;81;2024-02-15 03:55:00 UTC
google;goog_camp_001;goog_adset_002;goog_ad_002;15.02.2024;1174.9499;29373;234;86;83;2024-02-15 08:02:59 UTC
google;goog_camp_001;goog_adset_002;goog_ad_002;15.02.2024;1204.3952;30109;240;88;85;2024-02-15 11:52:59 UTC
google;goog_camp_001;goog_adset_002;goog_ad_002;15.02.2024;1233.8405;30845;246;90;87;2024-02-15 16:02:59 UTC
google;goog_camp_001;goog_adset_002;goog_ad_002;15.02.2024;1263.2858;31581;252;92;89;2024-02-15 20:11:59 UTC
google;goog_camp_001;goog_adset_002;goog_ad_002;15.02.2024;1292.7311;32318;258;95;91;2024-02-16 00:03:59 UTC
google;goog_camp_001;goog_adset_002;goog_ad_002;16.02.2024;1303.6176;32590;260;95;91;2024-02-16 02:00:00 UTC
google;goog_camp_001;goog_adset_002;goog_ad_002;16.02.2024;1314.504;32862;262;96;92;2024-02-16 06:23:23 UTC
google;goog_camp_001;goog_adset_002;goog_ad_002;16.02.2024;1325.3904;33134;264;97;93;2024-02-16 10:55:47 UTC
google;goog_camp_001;goog_adset_002;goog_ad_002;16.02.2024;1336.2769;33406;266;98;94;2024-02-16 15:14:11 UTC
google;goog_camp_001;goog_adset_002;goog_ad_002;16.02.2024;1347.1634;33678;268;99;95;2024-02-16 19:43:35 UTC
google;goog_camp_001;goog_adset_002;goog_ad_002;16.02.2024;1358.0498;33951;271;100;96;2024-02-17 00:08:59 UTC
google;goog_camp_001;goog_adset_002;goog_ad_002;17.02.2024;1361.53;34038;271;100;96;2024-02-17 02:53:00 UTC
google;goog_camp_001;goog_adset_002;goog_ad_002;17.02.2024;1365.0101;34125;272;100;96;2024-02-17 07:13:47 UTC
google;goog_camp_001;goog_adset_002;goog_ad_002;17.02.2024;1368.4902;34212;273;101;96;2024-02-17 11:30:35 UTC
google;goog_camp_001;goog_adset_002;goog_ad_002;17.02.2024;1371.9704;34299;273;101;96;2024-02-17 15:45:23 UTC
google;goog_camp_001;goog_adset_002;goog_ad_002;17.02.2024;1375.4506;34386;274;101;96;2024-02-17 19:57:11 UTC
google;goog_camp_001;goog_adset_002;goog_ad_002;17.02.2024;1378.9307;34473;275;102;97;2024-02-18 00:13:59 UTC
google;goog_camp_001;goog_adset_002;goog_ad_002;18.02.2024;1384.0226;34600;276;102;97;2024-02-18 00:50:00 UTC
google;goog_camp_001;goog_adset_002;goog_ad_002;18.02.2024;1389.1144;34727;277;102;97;2024-02-18 12:32:59 UTC
google;goog_camp_001;goog_adset_002;goog_ad_002;18.02.2024;1394.2063;34855;278;103;98;2024-02-19 00:12:59 UTC
google;goog_camp_001;goog_adset_002;goog_ad_002;19.02.2024;1396.8906;34922;278;103;98;2024-02-19 01:29:00 UTC
google;goog_camp_001;goog_adset_002;goog_ad_002;19.02.2024;1399.5749;34989;279;103;98;2024-02-19 07:01:44 UTC
google;goog_camp_001;goog_adset_002;goog_ad_002;19.02.2024;1402.2591;35056;279;103;98;2024-02-19 12:53:29 UTC
google;goog_camp_001;goog_adset_002;goog_ad_002;19.02.2024;1404.9434;35123;280;103;98;2024-02-19 18:31:14 UTC
google;goog_camp_001;goog_adset_002;goog_ad_002;19.02.2024;1407.6277;35190;281;104;99;2024-02-20 00:06:59 UTC
google;goog_camp_001;goog_adset_002;goog_ad_002;20.02.2024;1413.1557;35328;282;104;99;2024-02-20 00:24:00 UTC
google;goog_camp_001;goog_adset_002;goog_ad_002;20.02.2024;1418.6836;35466;283;104;99;2024-02-20 06:15:29 UTC
google;goog_camp_001;goog_adset_002;goog_ad_002;20.02.2024;1424.2116;35604;284;105;100;2024-02-20 12:05:59 UTC
google;goog_camp_001;goog_adset_002;goog_ad_002;20.02.2024;1429.7395;35742;285;105;100;2024-02-20 18:04:29 UTC
google;goog_camp_001;goog_adset_002;goog_ad_002;20.02.2024;1435.2675;35881;287;106;101;2024-02-21 00:01:59 UTC
google;goog_camp_001;goog_adset_002;goog_ad_002;21.02.2024;1437.8313;35945;287;106;101;2024-02-21 03:46:00 UTC
google;goog_camp_001;goog_adset_002;goog_ad_002;21.02.2024;1440.3951;36009;288;106;101;2024-02-21 07:56:47 UTC
google;goog_camp_001;goog_adset_002;goog_ad_002;21.02.2024;1442.9588;36073;288;106;101;2024-02-21 11:55:35 UTC
google;goog_camp_001;goog_adset_002;goog_ad_002;21.02.2024;1445.5226;36137;289;106;101;2024-02-21 15:55:23 UTC
google;goog_camp_001;goog_adset_002;goog_ad_002;21.02.2024;1448.0864;36201;289;106;101;2024-02-21 19:59:11 UTC
google;goog_camp_001;goog_adset_002;goog_ad_002;21.02.2024;1450.6502;36266;290;107;102;2024-02-22 00:05:59 UTC
google;goog_camp_001;goog_adset_002;goog_ad_002;22.02.2024;1452.5715;36314;290;107;102;2024-02-22 01:20:00 UTC
google;goog_camp_001;goog_adset_002;goog_ad_002;22.02.2024;1454.4927;36362;290;107;102;2024-02-22 08:50:59 UTC
google;goog_camp_001;goog_adset_002;goog_ad_002;22.02.2024;1456.414;36410;290;107;102;2024-02-22 16:32:59 UTC
google;goog_camp_001;goog_adset_002;goog_ad_002;22.02.2024;1458.3353;36458;291;107;103;2024-02-23 00:01:59 UTC
google;goog_camp_001;goog_adset_002;goog_ad_002;23.02.2024;1460.643;36515;291;107;103;2024-02-23 01:15:00 UTC
google;goog_camp_001;goog_adset_002;goog_ad_002;23.02.2024;1462.9507;36573;292;107;103;2024-02-23 05:45:47 UTC
google;goog_camp_001;goog_adset_002;goog_ad_002;23.02.2024;1465.2584;36631;292;107;103;2024-02-23 10:30:35 UTC
google;goog_camp_001;goog_adset_002;goog_ad_002;23.02.2024;1467.5662;36688;293;107;103;2024-02-23 14:55:23 UTC
google;goog_camp_001;goog_adset_002;goog_ad_002;23.02.2024;1469.8739;36746;293;107;103;2024-02-23 19:39:11 UTC
google;goog_camp_001;goog_adset_002;goog_ad_002;23.02.2024;1472.1816;36804;294;108;104;2024-02-24 00:12:59 UTC
google;goog_camp_001;goog_adset_002;goog_ad_002;24.02.2024;1479.2353;36980;295;108;104;2024-02-24 03:11:00 UTC
google;goog_camp_001;goog_adset_002;goog_ad_002;24.02.2024;1486.289;37156;297;109;105;2024-02-24 10:04:59 UTC
google;goog_camp_001;goog_adset_002;goog_ad_002;24.02.2024;1493.3427;37332;298;110;105;2024-02-24 17:06:59 UTC
google;goog_camp_001;goog_adset_002;goog_ad_002;24.02.2024;1500.3964;37509;300;111;106;2024-02-25 00:10:59 UTC
google;goog_camp_001;goog_adset_002;goog_ad_002;25.02.2024;1512.155;37803;302;111;107;2024-02-25 01:10:00 UTC
google;goog_camp_001;goog_adset_002;goog_ad_002;25.02.2024;1523.9136;38097;304;112;108;2024-02-25 12:34:29 UTC
google;goog_camp_001;goog_adset_002;goog_ad_002;25.02.2024;1535.6722;38391;307;113;109;2024-02-26 00:06:59 UTC
google;goog_camp_001;goog_adset_002;goog_ad_002;26.02.2024;1558.9233;38972;311;114;110;2024-02-26 02:10:00 UTC
google;goog_camp_001;goog_adset_002;goog_ad_002;26.02.2024;1582.1743;39553;316;116;111;2024-02-26 13:02:59 UTC
google;goog_camp_001;goog_adset_002;goog_ad_002;26.02.2024;1605.4254;40135;321;118;113;2024-02-27 00:09:59 UTC
google;goog_camp_001;goog_adset_002;goog_ad_002;27.02.2024;1611.2554;40280;322;118;113;2024-02-27 03:42:00 UTC
google;goog_camp_001;goog_adset_002;goog_ad_002;27.02.2024;1617.0854;40426;323;119;114;2024-02-27 10:33:39 UTC
google;goog_camp_001;goog_adset_002;goog_ad_002;27.02.2024;1622.9155;40572;324;119;114;2024-02-27 17:12:19 UTC
google;goog_camp_001;goog_adset_002;goog_ad_002;27.02.2024;1628.7455;40718;325;120;115;2024-02-28 00:00:59 UTC
google;goog_camp_001;goog_adset_002;goog_ad_002;28.02.2024;1645.888;41146;328;121;116;2024-02-28 02:49:00 UTC
google;goog_camp_001;goog_adset_002;goog_ad_002;28.02.2024;1663.0306;41575;332;122;117;2024-02-28 13:34:59 UTC
google;goog_camp_001;goog_adset_002;goog_ad_002;28.02.2024;1680.1731;42004;336;124;119;2024-02-29 00:09:59 UTC
google;goog_camp_001;goog_adset_002;goog_ad_002;29.02.2024;1686.3508;42158;337;124;119;2024-02-29 00:22:00 UTC
google;goog_camp_001;goog_adset_002;goog_ad_002;29.02.2024;1692.5286;42312;338;124;119;2024-02-29 12:19:29 UTC
google;goog_camp_001;goog_adset_002;goog_ad_002;29.02.2024;1698.7063;42467;339;125;120;2024-03-01 00:00:59 UTC
google;goog_camp_001;goog_adset_002;goog_ad_002;01.03.2024;1702.1358;42552;339;125;120;2024-03-01 03:07:00 UTC
google;goog_camp_001;goog_adset_002;goog_ad_002;01.03.2024;1705.5652;42638;340;125;120;2024-03-01 07:19:11 UTC
google;goog_camp_001;goog_adset_002;goog_ad_002;01.03.2024;1708.9946;42724;341;126;121;2024-03-01 11:36:23 UTC
google;goog_camp_001;goog_adset_002;goog_ad_002;01.03.2024;1712.4241;42810;341;126;121;2024-03-01 15:41:35 UTC
google;goog_camp_001;goog_adset_002;goog_ad_002;01.03.2024;1715.8536;42896;342;126;121;2024-03-01 19:57:47 UTC
google;goog_camp_001;goog_adset_002;goog_ad_002;01.03.2024;1719.283;42982;343;127;122;2024-03-02 00:06:59 UTC
google;goog_camp_001;goog_adset_002;goog_ad_002;02.03.2024;1723.232;43080;343;127;122;2024-03-02 02:58:00 UTC
google;goog_camp_001;goog_adset_002;goog_ad_002;02.03.2024;1727.1809;43179;344;127;122;2024-03-02 08:08:14 UTC
google;goog_camp_001;goog_adset_002;goog_ad_002;02.03.2024;1731.1299;43277;345;127;122;2024-03-02 13:27:29 UTC
google;goog_camp_001;goog_adset_002;goog_ad_002;02.03.2024;1735.0788;43376;346;127;122;2024-03-02 18:54:44 UTC
google;goog_camp_001;goog_adset_002;goog_ad_002;02.03.2024;1739.0278;43475;347;128;123;2024-03-03 00:03:59 UTC
google;goog_camp_001;goog_adset_002;goog_ad_002;03.03.2024;1744.115;43602;348;128;123;2024-03-03 03:34:00 UTC
google;goog_camp_001;goog_adset_002;goog_ad_002;03.03.2024;1749.2022;43729;349;128;123;2024-03-03 08:33:59 UTC
google;goog_camp_001;goog_adset_002;goog_ad_002;03.03.2024;1754.2894;43856;350;129;124;2024-03-03 13:47:59 UTC
google;goog_camp_001;goog_adset_002;goog_ad_002;03.03.2024;1759.3766;43983;351;129;124;2024-03-03 19:04:59 UTC
google;goog_camp_001;goog_adset_002;goog_ad_002;03.03.2024;1764.4638;44111;352;130;125;2024-03-04 00:05:59 UTC
google;goog_camp_001;goog_adset_002;goog_ad_002;04.03.2024;1777.7016;44442;354;131;126;2024-03-04 00:43:00 UTC
google;goog_camp_001;goog_adset_002;goog_ad_002;04.03.2024;1790.9393;44773;357;132;127;2024-03-04 12:26:29 UTC
google;goog_camp_001;goog_adset_002;goog_ad_002;04.03.2024;1804.1771;45104;360;133;128;2024-03-05 00:06:59 UTC
google;goog_camp_001;goog_adset_002;goog_ad_002;05.03.2024;1807.893;45197;360;133;128;2024-03-05 00:40:00 UTC
google;goog_camp_001;goog_adset_002;goog_ad_002;05.03.2024;1811.6088;45290;361;133;128;2024-03-05 08:39:19 UTC
google;goog_camp_001;goog_adset_002;goog_ad_002;05.03.2024;1815.3246;45383;362;133;128;2024-03-05 16:21:39 UTC
google;goog_camp_001;goog_adset_002;goog_ad_002;05.03.2024;1819.0405;45476;363;134;129;2024-03-06 00:04:59 UTC
google;goog_camp_001;goog_adset_002;goog_ad_002;06.03.2024;1821.5136;45537;363;134;129;2024-03-06 02:38:00 UTC
google;goog_camp_001;goog_adset_002;goog_ad_002;06.03.2024;1823.9866;45599;364;134;129;2024-03-06 09:49:39 UTC
google;goog_camp_001;goog_adset_002;goog_ad_002;06.03.2024;1826.4597;45661;364;134;129;2024-03-06 17:00:19 UTC
google;goog_camp_001;goog_adset_002;goog_ad_002;06.03.2024;1828.9328;45723;365;135;129;2024-03-07 00:13:59 UTC
google;goog_camp_001;goog_adset_002;goog_ad_002;07.03.2024;1835.919;45897;366;135;129;2024-03-07 03:46:00 UTC
google;goog_camp_001;goog_adset_002;goog_ad_002;07.03.2024;1842.9052;46072;368;136;130;2024-03-07 07:46:35 UTC
google;goog_camp_001;goog_adset_002;goog_ad_002;07.03.2024;1849.8914;46247;369;136;130;2024-03-07 12:00:11 UTC
google;goog_camp_001;goog_adset_002;goog_ad_002;07.03.2024;1856.8776;46421;371;137;131;2024-03-07 16:06:47 UTC
google;goog_camp_001;goog_adset_002;goog_ad_002;07.03.2024;1863.8638;46596;372;137;131;2024-03-07 20:02:23 UTC
google;goog_camp_001;goog_adset_002;goog_ad_002;07.03.2024;1870.85;46771;374;138;132;2024-03-08 00:00:59 UTC
google;goog_camp_001;goog_adset_002;goog_ad_002;08.03.2024;1878.8273;46970;375;138;132;2024-03-08 01:03:00 UTC
google;goog_camp_001;goog_adset_002;goog_ad_002;08.03.2024;1886.8047;47169;377;139;133;2024-03-08 06:44:14 UTC
google;goog_camp_001;goog_adset_002;goog_ad_002;08.03.2024;1894.782;47369;378;139;133;2024-03-08 12:36:29 UTC
google;goog_camp_001;goog_adset_002;goog_ad_002;08.03.2024;1902.7594;47568;380;140;134;2024-03-08 18:20:44 UTC
google;goog_camp_001;goog_adset_002;goog_ad_002;08.03.2024;1910.7367;47768;382;141;135;2024-03-09 00:03:59 UTC
google;goog_camp_001;goog_adset_002;goog_ad_002;09.03.2024;1920.2179;48005;383;141;135;2024-03-09 03:57:00 UTC
google;goog_camp_001;goog_adset_002;goog_ad_002;09.03.2024;1929.6992;48242;385;142;136;2024-03-09 08:02:35 UTC
google;goog_camp_001;goog_adset_002;goog_ad_002;09.03.2024;1939.1804;48479;387;143;137;2024-03-09 11:54:11 UTC
google;goog_camp_001;goog_adset_002;goog_ad_002;09.03.2024;1948.6616;48716;389;143;137;2024-03-09 16:00:47 UTC
google;goog_camp_001;goog_adset_002;goog_ad_002;09.03.2024;1958.1429;48953;391;144;138;2024-03-09 20:04:23 UTC
google;goog_camp_001;goog_adset_002;goog_ad_002;09.03.2024;1967.6241;49190;393;145;139;2024-03-10 00:14:59 UTC
google;goog_camp_001;goog_adset_002;goog_ad_002;10.03.2024;1969.7924;49244;393;145;139;2024-03-10 00:53:00 UTC
google;goog_camp_001;goog_adset_002;goog_ad_002;10.03.2024;1971.9606;49298;394;145;139;2024-03-10 05:29:47 UTC
google;goog_camp_001;goog_adset_002;goog_ad_002;10.03.2024;1974.1288;49352;394;145;139;2024-03-10 10:13:35 UTC
google;goog_camp_001;goog_adset_002;goog_ad_002;10.03.2024;1976.2971;49406;395;145;139;2024-03-10 14:46:23 UTC
google;goog_camp_001;goog_adset_002;goog_ad_002;10.03.2024;1978.4654;49460;395;145;139;2024-03-10 19:33:11 UTC
google;goog_camp_001;goog_adset_002;goog_ad_002;10.03.2024;1980.6336;49515;396;146;140;2024-03-11 00:02:59 UTC
google;goog_camp_001;goog_adset_002;goog_ad_002;11.03.2024;1986.6374;49665;397;146;140;2024-03-11 01:44:00 UTC
google;goog_camp_001;goog_adset_002;goog_ad_002;11.03.2024;1992.6411;49815;398;146;140;2024-03-11 12:47:29 UTC
google;goog_camp_001;goog_adset_002;goog_ad_002;11.03.2024;1998.6449;49966;399;147;141;2024-03-12 00:04:59 UTC
google;goog_camp_001;goog_adset_002;goog_ad_002;12.03.2024;2005.8118;50145;400;147;141;2024-03-12 02:05:00 UTC
google;goog_camp_001;goog_adset_002;goog_ad_002;12.03.2024;2012.9787;50324;402;148;142;2024-03-12 06:23:35 UTC
google;goog_camp_001;goog_adset_002;goog_ad_002;12.03.2024;2020.1456;50503;403;149;142;2024-03-12 10:54:11 UTC
google;goog_camp_001;goog_adset_002;goog_ad_002;12.03.2024;2027.3124;50682;405;149;143;2024-03-12 15:21:47 UTC
google;goog_camp_001;goog_adset_002;goog_ad_002;12.03.2024;2034.4793;50861;406;150;143;2024-03-12 19:44:23 UTC
google;goog_camp_001;goog_adset_002;goog_ad_002;12.03.2024;2041.6462;51041;408;151;144;2024-03-13 00:03:59 UTC
google;goog_camp_001;goog_adset_002;goog_ad_002;13.03.2024;2045.3264;51133;408;151;144;2024-03-13 01:23:00 UTC
google;goog_camp_001;goog_adset_002;goog_ad_002;13.03.2024;2049.0066;51225;409;151;145;2024-03-13 08:57:39 UTC
google;goog_camp_001;goog_adset_002;goog_ad_002;13.03.2024;2052.6869;51317;410;151;145;2024-03-13 16:35:19 UTC
google;goog_camp_001;goog_adset_002;goog_ad_002;13.03.2024;2056.3671;51409;411;152;146;2024-03-14 00:01:59 UTC
google;goog_camp_001;goog_adset_002;goog_ad_002;14.03.2024;2067.7807;51694;413;152;146;2024-03-14 03:46:00 UTC
google;goog_camp_001;goog_adset_002;goog_ad_002;14.03.2024;2079.1942;51979;415;153;147;2024-03-14 13:55:29 UTC
google;goog_camp_001;goog_adset_002;goog_ad_002;14.03.2024;2090.6078;52265;418;154;148;2024-03-15 00:14:59 UTC
google;goog_camp_001;goog_adset_002;goog_ad_002;15.03.2024;2094.3271;52358;418;154;148;2024-03-15 03:54:00 UTC
google;goog_camp_001;goog_adset_002;goog_ad_002;15.03.2024;2098.0464;52451;419;154;148;2024-03-15 08:55:44 UTC
google;goog_camp_001;goog_adset_002;goog_ad_002;15.03.2024;2101.7658;52544;419;155;148;2024-03-15 14:06:29 UTC
google;goog_camp_001;goog_adset_002;goog_ad_002;15.03.2024;2105.4851;52637;420;155;148;2024-03-15 19:02:14 UTC
google;goog_camp_001;goog_adset_002;goog_ad_002;15.03.2024;2109.2044;52730;421;156;149;2024-03-16 00:10:59 UTC
google;goog_camp_001;goog_adset_002;goog_ad_002;16.03.2024;2113.7931;52844;422;156;149;2024-03-16 00:45:00 UTC
google;goog_camp_001;goog_adset_002;goog_ad_002;16.03.2024;2118.3819;52959;423;156;149;2024-03-16 05:36:35 UTC
google;goog_camp_001;goog_adset_002;goog_ad_002;16.03.2024;2122.9706;53074;424;157;150;2024-03-16 10:10:11 UTC
google;goog_camp_001;goog_adset_002;goog_ad_002;16.03.2024;2127.5593;53188;425;157;150;2024-03-16 14:51:47 UTC
google;goog_camp_001;goog_adset_002;goog_ad_002;16.03.2024;2132.1481;53303;426;157;150;2024-03-16 19:32:23 UTC
google;goog_camp_001;goog_adset_002;goog_ad_002;16.03.2024;2136.7368;53418;427;158;151;2024-03-17 00:07:59 UTC
google;goog_camp_001;goog_adset_002;goog_ad_002;17.03.2024;2139.2494;53480;427;158;151;2024-03-17 02:59:00 UTC
google;goog_camp_001;goog_adset_002;goog_ad_002;17.03.2024;2141.7621;53543;427;158;151;2024-03-17 13:42:29 UTC
google;goog_camp_001;goog_adset_002;goog_ad_002;17.03.2024;2144.2747;53606;428;158;152;2024-03-18 00:09:59 UTC
google;goog_camp_001;goog_adset_002;goog_ad_002;18.03.2024;2151.9728;53798;429;158;152;2024-03-18 02:39:00 UTC
google;goog_camp_001;goog_adset_002;goog_ad_002;18.03.2024;2159.6709;53991;431;159;152;2024-03-18 13:23:59 UTC
google;goog_camp_001;goog_adset_002;goog_ad_002;18.03.2024;2167.369;54184;433;160;153;2024-03-19 00:11:59 UTC
google;goog_camp_001;goog_adset_002;goog_ad_002;19.03.2024;2175.5009;54387;434;160;153;2024-03-19 03:55:00 UTC
google;goog_camp_001;goog_adset_002;goog_ad_002;19.03.2024;2183.6328;54590;436;161;154;2024-03-19 07:56:47 UTC
google;goog_camp_001;goog_adset_002;goog_ad_002;19.03.2024;2191.7646;54794;438;161;155;2024-03-19 11:59:35 UTC
google;goog_camp_001;goog_adset_002;goog_ad_002;19.03.2024;2199.8965;54997;439;162;155;2024-03-19 15:58:23 UTC
google;goog_camp_001;goog_adset_002;goog_ad_002;19.03.2024;2208.0284;55200;441;162;156;2024-03-19 20:03:11 UTC
google;goog_camp_001;goog_adset_002;goog_ad_002;19.03.2024;2216.1603;55404;443;163;157;2024-03-20 00:01:59 UTC
google;goog_camp_001;goog_adset_002;goog_ad_002;20.03.2024;2228.6445;55716;445;164;158;2024-03-20 00:33:00 UTC
google;goog_camp_001;goog_adset_002;goog_ad_002;20.03.2024;2241.1287;56028;447;165;159;2024-03-20 12:20:29 UTC
google;goog_camp_001;goog_adset_002;goog_ad_002;20.03.2024;2253.6129;56340;450;166;160;2024-03-21 00:14:59 UTC
google;goog_camp_001;goog_adset_002;goog_ad_002;21.03.2024;2255.9405;56398;450;166;160;2024-03-21 00:42:00 UTC
google;goog_camp_001;goog_adset_002;goog_ad_002;21.03.2024;2258.2682;56456;451;166;160;2024-03-21 08:26:59 UTC
google;goog_camp_001;goog_adset_002;goog_ad_002;21.03.2024;2260.5958;56514;451;166;160;2024-03-21 16:25:59 UTC
google;goog_camp_001;goog_adset_002;goog_ad_002;21.03.2024;2262.9234;56573;452;167;160;2024-03-22 00:05:59 UTC
google;goog_camp_001;goog_adset_002;goog_ad_002;22.03.2024;2273.9426;56848;454;167;160;2024-03-22 00:20:00 UTC
google;goog_camp_001;goog_adset_002;goog_ad_002;22.03.2024;2284.9619;57123;456;168;161;2024-03-22 05:13:11 UTC
google;goog_camp_001;goog_adset_002;goog_ad_002;22.03.2024;2295.9812;57399;458;169;162;2024-03-22 09:56:23 UTC
google;goog_camp_001;goog_adset_002;goog_ad_002;22.03.2024;2307.0004;57674;460;170;163;2024-03-22 14:35:35 UTC
google;goog_camp_001;goog_adset_002;goog_ad_002;22.03.2024;2318.0196;57949;462;171;164;2024-03-22 19:29:47 UTC
google;goog_camp_001;goog_adset_002;goog_ad_002;22.03.2024;2329.0389;58225;465;172;165;2024-03-23 00:06:59 UTC
google;goog_camp_001;goog_adset_002;goog_ad_002;23.03.2024;2336.8374;58420;466;172;165;2024-03-23 02:55:00 UTC
google;goog_camp_001;goog_adset_002;goog_ad_002;23.03.2024;2344.6359;58615;468;173;166;2024-03-23 07:16:11 UTC
google;goog_camp_001;goog_adset_002;goog_ad_002;23.03.2024;2352.4344;58810;470;173;166;2024-03-23 11:28:23 UTC
google;goog_camp_001;goog_adset_002;goog_ad_002;23.03.2024;2360.233;59005;471;174;167;2024-03-23 15:46:35 UTC
google;goog_camp_001;goog_adset_002;goog_ad_002;23.03.2024;2368.0315;59200;473;174;167;2024-03-23 19:58:47 UTC
google;goog_camp_001;goog_adset_002;goog_ad_002;23.03.2024;2375.83;59395;475;175;168;2024-03-24 00:02:59 UTC
google;goog_camp_001;goog_adset_002;goog_ad_002;24.03.2024;2377.8017;59444;475;175;168;2024-03-24 00:26:00 UTC
google;goog_camp_001;goog_adset_002;goog_ad_002;24.03.2024;2379.7734;59493;475;175;168;2024-03-24 08:25:39 UTC
google;goog_camp_001;goog_adset_002;goog_ad_002;24.03.2024;2381.745;59542;475;175;168;2024-03-24 16:22:19 UTC
google;goog_camp_001;goog_adset_002;goog_ad_002;24.03.2024;2383.7167;59592;476;176;169;2024-03-25 00:07:59 UTC
google;goog_camp_001;goog_adset_002;goog_ad_002;25.03.2024;2386.5018;59661;476;176;169;2024-03-25 01:57:00 UTC
google;goog_camp_001;goog_adset_002;goog_ad_002;25.03.2024;2389.2869;59731;477;176;169;2024-03-25 07:37:59 UTC
google;goog_camp_001;goog_adset_002;goog_ad_002;25.03.2024;2392.0721;59801;477;176;169;2024-03-25 12:59:59 UTC
google;goog_camp_001;goog_adset_002;goog_ad_002;25.03.2024;2394.8572;59871;478;176;169;2024-03-25 18:35:59 UTC
google;goog_camp_001;goog_adset_002;goog_ad_002;25.03.2024;2397.6423;59941;479;177;170;2024-03-26 00:10:59 UTC
google;goog_camp_001;goog_adset_002;goog_ad_002;26.03.2024;2399.0289;59975;479;177;170;2024-03-26 01:43:00 UTC
google;goog_camp_001;goog_adset_002;goog_ad_002;26.03.2024;2400.4155;60010;479;177;170;2024-03-26 06:09:23 UTC
google;goog_camp_001;goog_adset_002;goog_ad_002;26.03.2024;2401.8022;60045;480;177;170;2024-03-26 10:46:47 UTC
google;goog_camp_001;goog_adset_002;goog_ad_002;26.03.2024;2403.1888;60079;480;177;170;2024-03-26 15:14:11 UTC
google;goog_camp_001;goog_adset_002;goog_ad_002;26.03.2024;2404.5754;60114;480;177;170;2024-03-26 19:45:35 UTC
google;goog_camp_001;goog_adset_002;goog_ad_002;26.03.2024;2405.962;60149;481;178;170;2024-03-27 00:12:59 UTC
google;goog_camp_001;goog_adset_002;goog_ad_002;27.03.2024;2415.3273;60383;482;178;170;2024-03-27 02:28:00 UTC
google;goog_camp_001;goog_adset_002;goog_ad_002;27.03.2024;2424.6927;60617;484;179;171;2024-03-27 13:21:29 UTC
google;goog_camp_001;goog_adset_002;goog_ad_002;27.03.2024;2434.058;60851;486;180;172;2024-03-28 00:01:59 UTC
google;goog_camp_001;goog_adset_002;goog_ad_002;28.03.2024;2436.741;60918;486;180;172;2024-03-28 03:54:00 UTC
google;goog_camp_001;goog_adset_002;goog_ad_002;28.03.2024;2439.424;60985;487;180;172;2024-03-28 08:48:59 UTC
google;goog_camp_001;goog_adset_002;goog_ad_002;28.03.2024;2442.1071;61052;487;180;172;2024-03-28 13:57:59 UTC
google;goog_camp_001;goog_adset_002;goog_ad_002;28.03.2024;2444.7901;61119;488;180;172;2024-03-28 18:59:59 UTC
google;goog_camp_001;goog_adset_002;goog_ad_002;28.03.2024;2447.4731;61186;489;181;173;2024-03-29 00:11:59 UTC
google;goog_camp_001;goog_adset_002;goog_ad_002;29.03.2024;2447.941;61197;489;181;173;2024-03-29 00:57:00 UTC
google;goog_camp_001;goog_adset_002;goog_ad_002;29.03.2024;2448.4088;61209;489;181;173;2024-03-29 05:31:47 UTC
google;goog_camp_001;goog_adset_002;goog_ad_002;29.03.2024;2448.8766;61221;489;181;173;2024-03-29 10:20:35 UTC
google;goog_camp_001;goog_adset_002;goog_ad_002;29.03.2024;2449.3445;61233;489;181;173;2024-03-29 14:56:23 UTC
google;goog_camp_001;goog_adset_002;goog_ad_002;29.03.2024;2449.8124;61245;489;181;173;2024-03-29 19:26:11 UTC
google;goog_camp_001;goog_adset_002;goog_ad_002;29.03.2024;2450.2802;61257;490;181;173;2024-03-30 00:13:59 UTC
google;goog_camp_001;goog_adset_002;goog_ad_002;30.03.2024;2455.4064;61385;491;181;173;2024-03-30 01:13:00 UTC
google;goog_camp_001;goog_adset_002;goog_ad_002;30.03.2024;2460.5326;61513;492;181;174;2024-03-30 08:52:19 UTC
google;goog_camp_001;goog_adset_002;goog_ad_002;30.03.2024;2465.6588;61641;493;181;174;2024-03-30 16:22:39 UTC
google;goog_camp_001;goog_adset_002;goog_ad_002;30.03.2024;2470.785;61769;494;182;175;2024-03-31 00:13:59 UTC
google;goog_camp_001;goog_adset_002;goog_ad_002;31.03.2024;2477.5822;61939;495;182;175;2024-03-31 03:33:00 UTC
google;goog_camp_001;goog_adset_002;goog_ad_002;31.03.2024;2484.3794;62109;496;183;176;2024-03-31 07:38:11 UTC
google;goog_camp_001;goog_adset_002;goog_ad_002;31.03.2024;2491.1766;62279;498;183;176;2024-03-31 11:50:23 UTC
google;goog_camp_001;goog_adset_002;goog_ad_002;31.03.2024;2497.9738;62449;499;184;177;2024-03-31 15:57:35 UTC
google;goog_camp_001;goog_adset_002;goog_ad_002;31.03.2024;2504.771;62619;500;184;177;2024-03-31 19:54:47 UTC
google;goog_camp_001;goog_adset_002;goog_ad_002;31.03.2024;2511.5682;62789;502;185;178;2024-04-01 00:00:59 UTC
google;goog_camp_001;goog_adset_002;goog_ad_002;01.04.2024;2515.4775;62886;502;185;178;2024-04-01 02:38:00 UTC
google;goog_camp_001;goog_adset_002;goog_ad_002;01.04.2024;2519.3868;62984;503;185;178;2024-04-01 06:53:35 UTC
google;goog_camp_001;goog_adset_002;goog_ad_002;01.04.2024;2523.296;63082;504;186;178;2024-04-01 11:10:11 UTC
google;goog_camp_001;goog_adset_002;goog_ad_002;01.04.2024;2527.2053;63179;505;186;178;2024-04-01 15:35:47 UTC
google;goog_camp_001;goog_adset_002;goog_ad_002;01.04.2024;2531.1146;63277;506;186;178;2024-04-01 19:48:23 UTC
google;goog_camp_001;goog_adset_002;goog_ad_002;01.04.2024;2535.0239;63375;507;187;179;2024-04-02 00:06:59 UTC
google;goog_camp_001;goog_adset_002;goog_ad_002;02.04.2024;2545.7173;63642;509;187;180;2024-04-02 02:30:00 UTC
google;goog_camp_001;goog_adset_002;goog_ad_002;02.04.2024;2556.4107;63909;511;188;181;2024-04-02 13:23:59 UTC
google;goog_camp_001;goog_adset_002;goog_ad_002;02.04.2024;2567.1041;64177;513;189;182;2024-04-03 00:03:59 UTC
google;goog_camp_001;goog_adset_002;goog_ad_002;03.04.2024;2571.2972;64281;513;189;182;2024-04-03 00:14:00 UTC
google;goog_camp_001;goog_adset_002;goog_ad_002;03.04.2024;2575.4904;64386;514;189;182;2024-04-03 05:07:23 UTC
google;goog_camp_001;goog_adset_002;goog_ad_002;03.04.2024;2579.6835;64491;515;190;183;2024-04-03 09:53:47 UTC
google;goog_camp_001;goog_adset_002;goog_ad_002;03.04.2024;2583.8767;64596;516;190;183;2024-04-03 14:37:11 UTC
google;goog_camp_001;goog_adset_002;goog_ad_002;03.04.2024;2588.0698;64701;517;190;183;2024-04-03 19:27:35 UTC
google;goog_camp_001;goog_adset_002;goog_ad_002;03.04.2024;2592.263;64806;518;191;184;2024-04-04 00:12:59 UTC
google;goog_camp_001;goog_adset_002;goog_ad_002;04.04.2024;2604.3889;65109;520;192;184;2024-04-04 02:40:00 UTC
google;goog_camp_001;goog_adset_002;goog_ad_002;04.04.2024;2616.5149;65412;522;193;185;2024-04-04 13:17:29 UTC
google;goog_camp_001;goog_adset_002;goog_ad_002;04.04.2024;2628.6408;65716;525;194;186;2024-04-05 00:09:59 UTC
google;goog_camp_001;goog_adset_002;goog_ad_002;05.04.2024;2635.3515;65883;526;194;186;2024-04-05 03:52:00 UTC
google;goog_camp_001;goog_adset_002;goog_ad_002;05.04.2024;2642.0622;66051;528;195;187;2024-04-05 10:34:19 UTC
google;goog_camp_001;goog_adset_002;goog_ad_002;05.04.2024;2648.7729;66219;529;195;187;2024-04-05 17:29:39 UTC
google;goog_camp_001;goog_adset_002;goog_ad_002;05.04.2024;2655.4836;66387;531;196;188;2024-04-06 00:02:59 UTC
google;goog_camp_001;goog_adset_002;goog_ad_002;06.04.2024;2660.3943;66509;532;196;188;2024-04-06 02:03:00 UTC
google;goog_camp_001;goog_adset_002;goog_ad_002;06.04.2024;2665.305;66632;533;196;188;2024-04-06 09:17:59 UTC
google;goog_camp_001;goog_adset_002;goog_ad_002;06.04.2024;2670.2157;66755;534;196;188;2024-04-06 16:48:59 UTC
google;goog_camp_001;goog_adset_002;goog_ad_002;06.04.2024;2675.1264;66878;535;197;189;2024-04-07 00:10:59 UTC
google;goog_camp_001;goog_adset_002;goog_ad_002;07.04.2024;2682.8722;67071;536;197;189;2024-04-07 03:00:00 UTC
google;goog_camp_001;goog_adset_002;goog_ad_002;07.04.2024;2690.6181;67265;537;198;190;2024-04-07 13:32:59 UTC
google;goog_camp_001;goog_adset_002;goog_ad_002;07.04.2024;2698.3639;67459;539;199;191;2024-04-08 00:01:59 UTC
google;goog_camp_001;goog_adset_002;goog_ad_002;08.04.2024;2712.9376;67823;542;200;192;2024-04-08 03:38:00 UTC
google;goog_camp_001;goog_adset_002;goog_ad_002;08.04.2024;2727.5112;68187;545;201;193;2024-04-08 10:31:59 UTC
google;goog_camp_001;goog_adset_002;goog_ad_002;08.04.2024;2742.0849;68551;548;202;194;2024-04-08 17:11:59 UTC
google;goog_camp_001;goog_adset_002;goog_ad_002;08.04.2024;2756.6586;68916;551;203;195;2024-04-09 00:14:59 UTC
google;goog_camp_001;goog_adset_002;goog_ad_002;09.04.2024;2767.7836;69194;553;204;196;2024-04-09 00:30:00 UTC
google;goog_camp_001;goog_adset_002;goog_ad_002;09.04.2024;2778.9086;69472;555;205;197;2024-04-09 12:13:59 UTC
google;goog_camp_001;goog_adset_002;goog_ad_002;09.04.2024;2790.0336;69750;558;206;198;2024-04-10 00:00:59 UTC
google;goog_camp_001;goog_adset_002;goog_ad_002;10.04.2024;2793.1276;69827;558;206;198;2024-04-10 02:44:00 UTC
google;goog_camp_001;goog_adset_002;goog_ad_002;10.04.2024;2796.2216;69904;558;206;198;2024-04-10 13:21:29 UTC
google;goog_camp_001;goog_adset_002;goog_ad_002;10.04.2024;2799.3156;69982;559;207;198;2024-04-11 00:10:59 UTC
google;goog_camp_001;goog_adset_002;goog_ad_002;11.04.2024;2803.1421;70077;559;207;198;2024-04-11 01:04:00 UTC
google;goog_camp_001;goog_adset_002;goog_ad_002;11.04.2024;2806.9687;70173;560;207;198;2024-04-11 05:41:35 UTC
google;goog_camp_001;goog_adset_002;goog_ad_002;11.04.2024;2810.7952;70269;561;207;199;2024-04-11 10:20:11 UTC
google;goog_camp_001;goog_adset_002;goog_ad_002;11.04.2024;2814.6217;70364;562;207;199;2024-04-11 14:56:47 UTC
google;goog_camp_001;goog_adset_002;goog_ad_002;11.04.2024;2818.4483;70460;563;207;199;2024-04-11 19:29:23 UTC
google;goog_camp_001;goog_adset_002;goog_ad_002;11.04.2024;2822.2748;70556;564;208;200;2024-04-12 00:11:59 UTC
google;goog_camp_001;goog_adset_002;goog_ad_002;12.04.2024;2829.2078;70729;565;208;200;2024-04-12 04:01:00 UTC
google;goog_camp_001;goog_adset_002;goog_ad_002;12.04.2024;2836.1408;70903;567;209;201;2024-04-12 10:45:39 UTC
google;goog_camp_001;goog_adset_002;goog_ad_002;12.04.2024;2843.0738;71076;568;209;201;2024-04-12 17:27:19 UTC
google;goog_camp_001;goog_adset_002;goog_ad_002;12.04.2024;2850.0068;71250;570;210;202;2024-04-13 00:10:59 UTC
google;goog_camp_001;goog_adset_002;goog_ad_002;13.04.2024;2856.3854;71409;571;210;202;2024-04-13 04:09:00 UTC
google;goog_camp_001;goog_adset_002;goog_ad_002;13.04.2024;2862.7639;71568;572;211;202;2024-04-13 14:08:29 UTC
google;goog_camp_001;goog_adset_002;goog_ad_002;13.04.2024;2869.1425;71728;573;212;203;2024-04-14 00:06:59 UTC
google;goog_camp_001;goog_adset_002;goog_ad_002;14.04.2024;2869.7078;71742;573;212;203;2024-04-14 03:24:00 UTC
google;goog_camp_001;goog_adset_002;goog_ad_002;14.04.2024;2870.273;71756;573;212;203;2024-04-14 08:34:14 UTC
google;goog_camp_001;goog_adset_002;goog_ad_002;14.04.2024;2870.8383;71770;573;212;203;2024-04-14 13:43:29 UTC
google;goog_camp_001;goog_adset_002;goog_ad_002;14.04.2024;2871.4035;71784;573;212;203;2024-04-14 18:52:44 UTC
google;goog_camp_001;goog_adset_002;goog_ad_002;14.04.2024;2871.9688;71799;574;212;203;2024-04-15 00:01:59 UTC
google;goog_camp_001;goog_adset_002;goog_ad_002;15.04.2024;2873.6658;71841;574;212;203;2024-04-15 01:11:00 UTC
google;goog_camp_001;goog_adset_002;goog_ad_002;15.04.2024;2875.3628;71883;574;212;203;2024-04-15 05:46:47 UTC
google;goog_camp_001;goog_adset_002;goog_ad_002;15.04.2024;2877.0598;71926;575;212;203;2024-04-15 10:22:35 UTC
google;goog_camp_001;goog_adset_002;goog_ad_002;15.04.2024;2878.7569;71968;575;212;203;2024-04-15 14:56:23 UTC
google;goog_camp_001;goog_adset_002;goog_ad_002;15.04.2024;2880.4539;72010;575;212;203;2024-04-15 19:29:11 UTC
google;goog_camp_001;goog_adset_002;goog_ad_002;15.04.2024;2882.1509;72053;576;213;204;2024-04-16 00:11:59 UTC
google;goog_camp_001;goog_adset_002;goog_ad_002;16.04.2024;2887.29;72181;577;213;204;2024-04-16 01:32:00 UTC
google;goog_camp_001;goog_adset_002;goog_ad_002;16.04.2024;2892.4291;72310;578;213;204;2024-04-16 12:52:59 UTC
google;goog_camp_001;goog_adset_002;goog_ad_002;16.04.2024;2897.5682;72439;579;214;205;2024-04-17 00:11:59 UTC
google;goog_camp_001;goog_adset_002;goog_ad_002;17.04.2024;2909.4336;72735;581;214;205;2024-04-17 02:39:00 UTC
google;goog_camp_001;goog_adset_002;goog_ad_002;17.04.2024;2921.2989;73032;583;215;206;2024-04-17 06:54:47 UTC
google;goog_camp_001;goog_adset_002;goog_ad_002;17.04.2024;2933.1643;73329;586;216;207;2024-04-17 11:15:35 UTC
google;goog_camp_001;goog_adset_002;goog_ad_002;17.04.2024;2945.0297;73625;588;217;208;2024-04-17 15:28:23 UTC
google;goog_camp_001;goog_adset_002;goog_ad_002;17.04.2024;2956.895;73922;590;218;209;2024-04-17 19:55:11 UTC
google;goog_camp_001;goog_adset_002;goog_ad_002;17.04.2024;2968.7604;74219;593;219;210;2024-04-18 00:14:59 UTC
google;goog_camp_001;goog_adset_002;goog_ad_002;18.04.2024;2976.4716;74411;594;219;210;2024-04-18 04:04:00 UTC
google;goog_camp_001;goog_adset_002;goog_ad_002;18.04.2024;2984.1828;74604;596;220;211;2024-04-18 10:35:39 UTC
google;goog_camp_001;goog_adset_002;goog_ad_002;18.04.2024;2991.8939;74797;597;220;211;2024-04-18 17:24:19 UTC
google;goog_camp_001;goog_adset_002;goog_ad_002;18.04.2024;2999.6051;74990;599;221;212;2024-04-19 00:08:59 UTC
google;goog_camp_001;goog_adset_002;goog_ad_002;19.04.2024;3000.3858;75009;599;221;212;2024-04-19 00:47:00 UTC
google;goog_camp_001;goog_adset_002;goog_ad_002;19.04.2024;3001.1666;75029;599;221;212;2024-04-19 05:24:23 UTC
google;goog_camp_001;goog_adset_002;goog_ad_002;19.04.2024;3001.9474;75048;599;221;212;2024-04-19 10:04:47 UTC
google;goog_camp_001;goog_adset_002;goog_ad_002;19.04.2024;3002.7281;75068;599;221;212;2024-04-19 14:49:11 UTC
google;goog_camp_001;goog_adset_002;goog_ad_002;19.04.2024;3003.5088;75087;599;221;212;2024-04-19 19:32:35 UTC
google;goog_camp_001;goog_adset_002;goog_ad_002;19.04.2024;3004.2896;75107;600;222;213;2024-04-20 00:12:59 UTC
google;goog_camp_001;goog_adset_002;goog_ad_002;20.04.2024;3010.9906;75274;601;222;213;2024-04-20 01:57:00 UTC
google;goog_camp_001;goog_adset_002;goog_ad_002;20.04.2024;3017.6917;75441;602;222;213;2024-04-20 12:52:59 UTC
google;goog_camp_001;goog_adset_002;goog_ad_002;20.04.2024;3024.3927;75609;604;223;214;2024-04-21 00:02:59 UTC
google;goog_camp_001;goog_adset_002;goog_ad_002;21.04.2024;3037.4742;75936;606;224;215;2024-04-21 00:43:00 UTC
google;goog_camp_001;goog_adset_002;goog_ad_002;21.04.2024;3050.5557;76263;609;225;216;2024-04-21 08:36:19 UTC
google;goog_camp_001;goog_adset_002;goog_ad_002;21.04.2024;3063.6372;76590;612;226;217;2024-04-21 16:17:39 UTC
google;goog_camp_001;goog_adset_002;goog_ad_002;21.04.2024;3076.7187;76917;615;227;218;2024-04-22 00:01:59 UTC
google;goog_camp_001;goog_adset_002;goog_ad_002;22.04.2024;3081.1368;77027;615;227;218;2024-04-22 01:40:00 UTC
google;goog_camp_001;goog_adset_002;goog_ad_002;22.04.2024;3085.5549;77138;616;227;218;2024-04-22 12:58:59 UTC
google;goog_camp_001;goog_adset_002;goog_ad_002;22.04.2024;3089.973;77249;617;228;219;2024-04-23 00:02:59 UTC
google;goog_camp_001;goog_adset_002;goog_ad_002;23.04.2024;3104.6791;77616;620;229;220;2024-04-23 03:07:00 UTC
google;goog_camp_001;goog_adset_002;goog_ad_002;23.04.2024;3119.3853;77984;623;230;221;2024-04-23 13:27:59 UTC
google;goog_camp_001;goog_adset_002;goog_ad_002;23.04.2024;3134.0914;78352;626;231;222;2024-04-24 00:01:59 UTC
google;goog_camp_001;goog_adset_002;goog_ad_002;24.04.2024;3135.7099;78392;626;231;222;2024-04-24 02:32:00 UTC
google;goog_camp_001;goog_adset_002;goog_ad_002;24.04.2024;3137.3284;78432;626;231;222;2024-04-24 13:14:29 UTC
google;goog_camp_001;goog_adset_002;goog_ad_002;24.04.2024;3138.9469;78473;627;232;222;2024-04-25 00:06:59 UTC
google;goog_camp_001;goog_adset_002;goog_ad_002;25.04.2024;3139.0869;78476;627;232;222;2024-04-25 01:20:00 UTC
google;goog_camp_001;goog_adset_002;goog_ad_002;25.04.2024;3139.2268;78480;627;232;222;2024-04-25 12:48:29 UTC
google;goog_camp_001;goog_adset_002;goog_ad_002;25.04.2024;3139.3668;78484;627;232;222;2024-04-26 00:14:59 UTC
google;goog_camp_001;goog_adset_002;goog_ad_002;26.04.2024;3149.0921;78727;629;232;222;2024-04-26 03:18:00 UTC
google;goog_camp_001;goog_adset_002;goog_ad_002;26.04.2024;3158.8173;78970;631;233;223;2024-04-26 08:28:59 UTC
google;goog_camp_001;goog_adset_002;goog_ad_002;26.04.2024;3168.5426;79213;633;233;224;2024-04-26 13:45:59 UTC
google;goog_camp_001;goog_adset_002;goog_ad_002;26.04.2024;3178.2678;79456;635;234;225;2024-04-26 18:52:59 UTC
google;goog_camp_001;goog_adset_002;goog_ad_002;26.04.2024;3187.9931;79699;637;235;226;2024-04-27 00:08:59 UTC
google;goog_camp_001;goog_adset_002;goog_ad_002;27.04.2024;3190.9459;79772;637;235;226;2024-04-27 01:46:00 UTC
google;goog_camp_001;goog_adset_002;goog_ad_002;27.04.2024;3193.8987;79846;638;235;226;2024-04-27 07:28:59 UTC
google;goog_camp_001;goog_adset_002;goog_ad_002;27.04.2024;3196.8516;79920;638;236;226;2024-04-27 13:05:59 UTC
google;goog_camp_001;goog_adset_002;goog_ad_002;27.04.2024;3199.8044;79994;639;236;226;2024-04-27 18:26:59 UTC
google;goog_camp_001;goog_adset_002;goog_ad_002;27.04.2024;3202.7572;80068;640;237;227;2024-04-28 00:03:59 UTC
google;goog_camp_001;goog_adset_002;goog_ad_002;28.04.2024;3208.0089;80199;641;237;227;2024-04-28 01:14:00 UTC
google;goog_camp_001;goog_adset_002;goog_ad_002;28.04.2024;3213.2606;80330;642;237;227;2024-04-28 12:48:29 UTC
google;goog_camp_001;goog_adset_002;goog_ad_002;28.04.2024;3218.5123;80462;643;238;228;2024-04-29 00:13:59 UTC
google;goog_camp_001;goog_adset_002;goog_ad_002;29.04.2024;3224.7586;80618;644;238;228;2024-04-29 01:47:00 UTC
google;goog_camp_001;goog_adset_002;goog_ad_002;29.04.2024;3231.005;80774;645;239;229;2024-04-29 09:09:19 UTC
google;goog_camp_001;goog_adset_002;goog_ad_002;29.04.2024;3237.2513;80930;646;239;229;2024-04-29 16:42:39 UTC
google;goog_camp_001;goog_adset_002;goog_ad_002;29.04.2024;3243.4976;81087;648;240;230;2024-04-30 00:05:59 UTC
google;goog_camp_001;goog_adset_002;goog_ad_002;30.04.2024;3249.5115;81237;649;240;230;2024-04-30 01:56:00 UTC
google;goog_camp_001;goog_adset_002;goog_ad_002;30.04.2024;3255.5255;81387;650;240;230;2024-04-30 07:26:29 UTC
google;goog_camp_001;goog_adset_002;goog_ad_002;30.04.2024;3261.5394;81538;651;241;231;2024-04-30 12:54:59 UTC
google;goog_camp_001;goog_adset_002;goog_ad_002;30.04.2024;3267.5534;81688;652;241;231;2024-04-30 18:35:29 UTC
google;goog_camp_001;goog_adset_002;goog_ad_002;30.04.2024;3273.5673;81839;654;242;232;2024-05-01 00:04:59 UTC
google;goog_camp_001;goog_adset_002;goog_ad_002;01.05.2024;3273.765;81843;654;242;232;2024-05-01 03:56:00 UTC
google;goog_camp_001;goog_adset_002;goog_ad_002;01.05.2024;3273.9627;81848;654;242;232;2024-05-01 08:48:44 UTC
google;goog_camp_001;goog_adset_002;goog_ad_002;01.05.2024;3274.1605;81853;654;242;232;2024-05-01 13:57:29 UTC
google;goog_camp_001;goog_adset_002;goog_ad_002;01.05.2024;3274.3582;81858;654;242;232;2024-05-01 19:03:14 UTC
google;goog_camp_001;goog_adset_002;goog_ad_002;01.05.2024;3274.5559;81863;654;242;232;2024-05-02 00:01:59 UTC
google;goog_camp_001;goog_adset_002;goog_ad_002;02.05.2024;3277.0304;81925;654;242;232;2024-05-02 03:47:00 UTC
google;goog_camp_001;goog_adset_002;goog_ad_002;02.05.2024;3279.5048;81987;655;242;232;2024-05-02 08:56:59 UTC
google;goog_camp_001;goog_adset_002;goog_ad_002;02.05.2024;3281.9793;82049;655;242;232;2024-05-02 13:55:59 UTC
google;goog_camp_001;goog_adset_002;goog_ad_002;02.05.2024;3284.4537;82111;656;242;232;2024-05-02 18:57:59 UTC
google;goog_camp_001;goog_adset_002;goog_ad_002;02.05.2024;3286.9282;82173;657;243;233;2024-05-03 00:10:59 UTC
google;goog_camp_001;goog_adset_002;goog_ad_002;03.05.2024;3291.4558;82286;657;243;233;2024-05-03 01:51:00 UTC
google;goog_camp_001;goog_adset_002;goog_ad_002;03.05.2024;3295.9835;82399;658;243;233;2024-05-03 07:28:44 UTC
google;goog_camp_001;goog_adset_002;goog_ad_002;03.05.2024;3300.5111;82512;659;243;233;2024-05-03 13:03:29 UTC
google;goog_camp_001;goog_adset_002;goog_ad_002;03.05.2024;3305.0388;82625;660;243;233;2024-05-03 18:37:14 UTC
google;goog_camp_001;goog_adset_002;goog_ad_002;03.05.2024;3309.5664;82739;661;244;234;2024-05-04 00:13:59 UTC
google;goog_camp_001;goog_adset_002;goog_ad_002;04.05.2024;3317.0716;82926;662;244;234;2024-05-04 03:55:00 UTC
google;goog_camp_001;goog_adset_002;goog_ad_002;04.05.2024;3324.5768;83114;664;245;235;2024-05-04 10:40:39 UTC
google;goog_camp_001;goog_adset_002;goog_ad_002;04.05.2024;3332.082;83301;665;246;236;2024-05-04 17:30:19 UTC
google;goog_camp_001;goog_adset_002;goog_ad_002;04.05.2024;3339.5872;83489;667;247;237;2024-05-05 00:06:59 UTC
google;goog_camp_001;goog_adset_002;goog_ad_002;05.05.2024;3341.1171;83527;667;247;237;2024-05-05 00:42:00 UTC
google;goog_camp_001;goog_adset_002;goog_ad_002;05.05.2024;3342.6469;83565;667;247;237;2024-05-05 05:20:23 UTC
google;goog_camp_001;goog_adset_002;goog_ad_002;05.05.2024;3344.1768;83604;668;247;237;2024-05-05 10:03:47 UTC
google;goog_camp_001;goog_adset_002;goog_ad_002;05.05.2024;3345.7067;83642;668;247;237;2024-05-05 14:41:11 UTC
google;goog_camp_001;goog_adset_002;goog_ad_002;05.05.2024;3347.2365;83680;668;247;237;2024-05-05 19:28:35 UTC
google;goog_camp_001;goog_adset_002;goog_ad_002;05.05.2024;3348.7664;83719;669;247;237;2024-05-06 00:01:59 UTC
google;goog_camp_001;goog_adset_002;goog_ad_002;06.05.2024;3351.8254;83795;669;247;237;2024-05-06 00:32:00 UTC
google;goog_camp_001;goog_adset_002;goog_ad_002;06.05.2024;3354.8843;83872;670;247;237;2024-05-06 05:06:47 UTC
google;goog_camp_001;goog_adset_002;goog_ad_002;06.05.2024;3357.9432;83948;671;248;238;2024-05-06 09:54:35 UTC
google;goog_camp_001;goog_adset_002;goog_ad_002;06.05.2024;3361.0022;84025;671;248;238;2024-05-06 14:47:23 UTC
google;goog_camp_001;goog_adset_002;goog_ad_002;06.05.2024;3364.0612;84101;672;248;238;2024-05-06 19:22:11 UTC
google;goog_camp_001;goog_adset_002;goog_ad_002;06.05.2024;3367.1201;84178;673;249;239;2024-05-07 00:12:59 UTC
google;goog_camp_001;goog_adset_002;goog_ad_002;07.05.2024;3369.7639;84244;673;249;239;2024-05-07 02:08:00 UTC
google;goog_camp_001;goog_adset_002;goog_ad_002;07.05.2024;3372.4077;84310;674;249;239;2024-05-07 07:30:14 UTC
google;goog_camp_001;goog_adset_002;goog_ad_002;07.05.2024;3375.0514;84376;674;249;239;2024-05-07 13:02:29 UTC
google;goog_camp_001;goog_adset_002;goog_ad_002;07.05.2024;3377.6952;84442;675;249;239;2024-05-07 18:29:44 UTC
google;goog_camp_001;goog_adset_002;goog_ad_002;07.05.2024;3380.339;84508;676;250;240;2024-05-08 00:01:59 UTC
google;goog_camp_001;goog_adset_002;goog_ad_002;08.05.2024;3384.608;84614;676;250;240;2024-05-08 01:26:00 UTC
google;goog_camp_001;goog_adset_002;goog_ad_002;08.05.2024;3388.8769;84721;677;250;240;2024-05-08 06:08:11 UTC
google;goog_camp_001;goog_adset_002;goog_ad_002;08.05.2024;3393.1459;84828;678;251;240;2024-05-08 10:41:23 UTC
google;goog_camp_001;goog_adset_002;goog_ad_002;08.05.2024;3397.4149;84934;679;251;240;2024-05-08 14:59:35 UTC
google;goog_camp_001;goog_adset_002;goog_ad_002;08.05.2024;3401.6838;85041;680;251;240;2024-05-08 19:31:47 UTC
google;goog_camp_001;goog_adset_002;goog_ad_002;08.05.2024;3405.9528;85148;681;252;241;2024-05-09 00:08:59 UTC
google;goog_camp_001;goog_adset_002;goog_ad_002;09.05.2024;3415.4431;85385;682;252;241;2024-05-09 03:15:00 UTC
google;goog_camp_001;goog_adset_002;goog_ad_002;09.05.2024;3424.9334;85622;684;253;242;2024-05-09 08:25:29 UTC
google;goog_camp_001;goog_adset_002;goog_ad_002;09.05.2024;3434.4237;85860;686;253;243;2024-05-09 13:44:59 UTC
google;goog_camp_001;goog_adset_002;goog_ad_002;09.05.2024;3443.914;86097;688;254;244;2024-05-09 18:56:29 UTC
google;goog_camp_001;goog_adset_002;goog_ad_002;09.05.2024;3453.4043;86335;690;255;245;2024-05-10 00:13:59 UTC
google;goog_camp_001;goog_adset_002;goog_ad_002;10.05.2024;3456.6993;86417;690;255;245;2024-05-10 02:40:00 UTC
google;goog_camp_001;goog_adset_002;goog_ad_002;10.05.2024;3459.9942;86499;691;255;245;2024-05-10 08:13:29 UTC
google;goog_camp_001;goog_adset_002;goog_ad_002;10.05.2024;3463.2892;86581;691;255;245;2024-05-10 13:19:59 UTC
google;goog_camp_001;goog_adset_002;goog_ad_002;10.05.2024;3466.5841;86663;692;255;245;2024-05-10 18:42:29 UTC
google;goog_camp_001;goog_adset_002;goog_ad_002;10.05.2024;3469.8791;86746;693;256;246;2024-05-11 00:05:59 UTC
google;goog_camp_001;goog_adset_002;goog_ad_002;11.05.2024;3470.8504;86770;693;256;246;2024-05-11 01:35:00 UTC
google;goog_camp_001;goog_adset_002;goog_ad_002;11.05.2024;3471.8217;86794;693;256;246;2024-05-11 06:05:35 UTC
google;goog_camp_001;goog_adset_002;goog_ad_002;11.05.2024;3472.793;86819;694;256;246;2024-05-11 10:36:11 UTC
google;goog_camp_001;goog_adset_002;goog_ad_002;11.05.2024;3473.7644;86843;694;256;246;2024-05-11 15:09:47 UTC
google;goog_camp_001;goog_adset_002;goog_ad_002;11.05.2024;3474.7357;86867;694;256;246;2024-05-11 19:37:23 UTC
google;goog_camp_001;goog_adset_002;goog_ad_002;11.05.2024;3475.707;86892;695;257;246;2024-05-12 00:08:59 UTC
google;goog_camp_001;goog_adset_002;goog_ad_002;12.05.2024;3477.6721;86941;695;257;246;2024-05-12 03:40:00 UTC
google;goog_camp_001;goog_adset_002;goog_ad_002;12.05.2024;3479.6372;86990;695;257;246;2024-05-12 07:46:35 UTC
google;goog_camp_001;goog_adset_002;goog_ad_002;12.05.2024;3481.6023;87039;696;257;246;2024-05-12 11:47:11 UTC
google;goog_camp_001;goog_adset_002;goog_ad_002;12.05.2024;3483.5674;87088;696;257;246;2024-05-12 16:01:47 UTC
google;goog_camp_001;goog_adset_002;goog_ad_002;12.05.2024;3485.5325;87137;696;257;246;2024-05-12 20:04:23 UTC
google;goog_camp_001;goog_adset_002;goog_ad_002;12.05.2024;3487.4976;87187;697;258;247;2024-05-13 00:11:59 UTC
google;goog_camp_001;goog_adset_002;goog_ad_002;13.05.2024;3503.917;87597;700;259;248;2024-05-13 01:16:00 UTC
google;goog_camp_001;goog_adset_002;goog_ad_002;13.05.2024;3520.3365;88008;703;260;249;2024-05-13 08:55:59 UTC
google;goog_camp_001;goog_adset_002;goog_ad_002;13.05.2024;3536.756;88418;706;261;250;2024-05-13 16:34:59 UTC
google;goog_camp_001;goog_adset_002;goog_ad_002;13.05.2024;3553.1754;88829;710;262;252;2024-05-14 00:04:59 UTC
google;goog_camp_001;goog_adset_002;goog_ad_002;14.05.2024;3556.5817;88914;710;262;252;2024-05-14 02:58:00 UTC
google;goog_camp_001;goog_adset_002;goog_ad_002;14.05.2024;3559.9879;88999;711;262;252;2024-05-14 13:26:29 UTC
google;goog_camp_001;goog_adset_002;goog_ad_002;14.05.2024;3563.3942;89084;712;263;253;2024-05-15 00:10:59 UTC
google;goog_camp_001;goog_adset_002;goog_ad_002;15.05.2024;3564.5767;89113;712;263;253;2024-05-15 03:19:00 UTC
google;goog_camp_001;goog_adset_002;goog_ad_002;15.05.2024;3565.7592;89143;712;263;253;2024-05-15 07:26:47 UTC
google;goog_camp_001;goog_adset_002;goog_ad_002;15.05.2024;3566.9417;89173;713;263;253;2024-05-15 11:43:35 UTC
google;goog_camp_001;goog_adset_002;goog_ad_002;15.05.2024;3568.1242;89202;713;263;253;2024-05-15 15:48:23 UTC
google;goog_camp_001;goog_adset_002;goog_ad_002;15.05.2024;3569.3067;89232;713;263;253;2024-05-15 19:59:11 UTC
google;goog_camp_001;goog_adset_002;goog_ad_002;15.05.2024;3570.4892;89262;714;264;253;2024-05-16 00:04:59 UTC
google;goog_camp_001;goog_adset_002;goog_ad_002;16.05.2024;3573.6208;89340;714;264;253;2024-05-16 03:45:00 UTC
google;goog_camp_001;goog_adset_002;goog_ad_002;16.05.2024;3576.7525;89418;715;264;253;2024-05-16 08:54:44 UTC
google;goog_camp_001;goog_adset_002;goog_ad_002;16.05.2024;3579.8841;89496;715;264;253;2024-05-16 14:01:29 UTC
google;goog_camp_001;goog_adset_002;goog_ad_002;16.05.2024;3583.0158;89574;716;264;253;2024-05-16 19:07:14 UTC
google;goog_camp_001;goog_adset_002;goog_ad_002;16.05.2024;3586.1474;89653;717;265;254;2024-05-17 00:03:59 UTC
google;goog_camp_001;goog_adset_002;goog_ad_002;17.05.2024;3590.1688;89753;717;265;254;2024-05-17 00:26:00 UTC
google;goog_camp_001;goog_adset_002;goog_ad_002;17.05.2024;3594.1902;89854;718;265;254;2024-05-17 06:27:14 UTC
google;goog_camp_001;goog_adset_002;goog_ad_002;17.05.2024;3598.2117;89954;719;265;255;2024-05-17 12:15:29 UTC
google;goog_camp_001;goog_adset_002;goog_ad_002;17.05.2024;3602.2331;90055;720;265;255;2024-05-17 18:18:44 UTC
google;goog_camp_001;goog_adset_002;goog_ad_002;17.05.2024;3606.2545;90156;721;266;256;2024-05-18 00:01:59 UTC
google;goog_camp_001;goog_adset_002;goog_ad_002;18.05.2024;3610.8949;90272;722;266;256;2024-05-18 00:50:00 UTC
google;goog_camp_001;goog_adset_002;goog_ad_002;18.05.2024;3615.5353;90388;723;266;256;2024-05-18 12:24:59 UTC
google;goog_camp_001;goog_adset_002;goog_ad_002;18.05.2024;3620.1757;90504;724;267;257;2024-05-19 00:02:59 UTC
google;goog_camp_001;goog_adset_002;goog_ad_002;19.05.2024;3621.8043;90544;724;267;257;2024-05-19 00:52:00 UTC
google;goog_camp_001;goog_adset_002;goog_ad_002;19.05.2024;3623.4328;90585;724;267;257;2024-05-19 12:32:29 UTC
google;goog_camp_001;goog_adset_002;goog_ad_002;19.05.2024;3625.0614;90626;725;268;257;2024-05-20 00:14:59 UTC
google;goog_camp_001;goog_adset_002;goog_ad_002;20.05.2024;3629.642;90740;725;268;257;2024-05-20 00:38:00 UTC
google;goog_camp_001;goog_adset_002;goog_ad_002;20.05.2024;3634.2227;90855;726;268;257;2024-05-20 05:18:35 UTC
google;goog_camp_001;goog_adset_002;goog_ad_002;20.05.2024;3638.8034;90969;727;269;258;2024-05-20 10:07:11 UTC
google;goog_camp_001;goog_adset_002;goog_ad_002;20.05.2024;3643.384;91084;728;269;258;2024-05-20 14:46:47 UTC
google;goog_camp_001;goog_adset_002;goog_ad_002;20.05.2024;3647.9646;91198;729;269;258;2024-05-20 19:20:23 UTC
google;goog_camp_001;goog_adset_002;goog_ad_002;20.05.2024;3652.5453;91313;730;270;259;2024-05-21 00:07:59 UTC
google;goog_camp_001;goog_adset_002;goog_ad_002;21.05.2024;3656.8176;91419;730;270;259;2024-05-21 00:26:00 UTC
google;goog_camp_001;goog_adset_002;goog_ad_002;21.05.2024;3661.0898;91526;731;270;259;2024-05-21 05:17:59 UTC
google;goog_camp_001;goog_adset_002;goog_ad_002;21.05.2024;3665.362;91633;732;271;260;2024-05-21 09:54:59 UTC
google;goog_camp_001;goog_adset_002;goog_ad_002;21.05.2024;3669.6343;91740;733;271;260;2024-05-21 14:48:59 UTC
google;goog_camp_001;goog_adset_002;goog_ad_002;21.05.2024;3673.9066;91847;734;271;260;2024-05-21 19:30:59 UTC
google;goog_camp_001;goog_adset_002;goog_ad_002;21.05.2024;3678.1788;91954;735;272;261;2024-05-22 00:11:59 UTC
google;goog_camp_001;goog_adset_002;goog_ad_002;22.05.2024;3689.9933;92249;737;272;261;2024-05-22 03:53:00 UTC
google;goog_camp_001;goog_adset_002;goog_ad_002;22.05.2024;3701.8079;92544;739;273;262;2024-05-22 14:03:59 UTC
google;goog_camp_001;goog_adset_002;goog_ad_002;22.05.2024;3713.6224;92840;742;274;263;2024-05-23 00:05:59 UTC
google;goog_camp_001;goog_adset_002;goog_ad_002;23.05.2024;3719.9238;92997;743;274;263;2024-05-23 00:46:00 UTC
google;goog_camp_001;goog_adset_002;goog_ad_002;23.05.2024;3726.2252;93155;744;275;264;2024-05-23 08:28:19 UTC
google;goog_camp_001;goog_adset_002;goog_ad_002;23.05.2024;3732.5265;93312;745;275;264;2024-05-23 16:23:39 UTC
google;goog_camp_001;goog_adset_002;goog_ad_002;23.05.2024;3738.8279;93470;747;276;265;2024-05-24 00:14:59 UTC
google;goog_camp_001;goog_adset_002;goog_ad_002;24.05.2024;3754.3585;93858;750;277;266;2024-05-24 01:10:00 UTC
google;goog_camp_001;goog_adset_002;goog_ad_002;24.05.2024;3769.889;94246;753;278;267;2024-05-24 08:56:39 UTC
google;goog_camp_001;goog_adset_002;goog_ad_002;24.05.2024;3785.4196;94634;756;279;268;2024-05-24 16:24:19 UTC
google;goog_camp_001;goog_adset_002;goog_ad_002;24.05.2024;3800.9502;95023;760;281;269;2024-05-25 00:08:59 UTC
google;goog_camp_001;goog_adset_002;goog_ad_002;25.05.2024;3808.4298;95210;761;281;269;2024-05-25 00:35:00 UTC
google;goog_camp_001;goog_adset_002;goog_ad_002;25.05.2024;3815.9095;95397;762;282;270;2024-05-25 06:27:14 UTC
google;goog_camp_001;goog_adset_002;goog_ad_002;25.05.2024;3823.3891;95584;764;282;270;2024-05-25 12:16:29 UTC
google;goog_camp_001;goog_adset_002;goog_ad_002;25.05.2024;3830.8688;95771;765;283;271;2024-05-25 18:12:44 UTC
google;goog_camp_001;goog_adset_002;goog_ad_002;25.05.2024;3838.3484;95958;767;284;272;2024-05-26 00:01:59 UTC
google;goog_camp_001;goog_adset_002;goog_ad_002;26.05.2024;3844.8062;96119;768;284;272;2024-05-26 02:02:00 UTC
google;goog_camp_001;goog_adset_002;goog_ad_002;26.05.2024;3851.264;96280;769;284;272;2024-05-26 07:38:44 UTC
google;goog_camp_001;goog_adset_002;goog_ad_002;26.05.2024;3857.7218;96442;771;285;273;2024-05-26 13:09:29 UTC
google;goog_camp_001;goog_adset_002;goog_ad_002;26.05.2024;3864.1796;96603;772;285;273;2024-05-26 18:42:14 UTC
google;goog_camp_001;goog_adset_002;goog_ad_002;26.05.2024;3870.6374;96765;774;286;274;2024-05-27 00:01:59 UTC
google;goog_camp_001;goog_adset_002;goog_ad_002;27.05.2024;3880.3642;97008;775;286;274;2024-05-27 02:35:00 UTC
google;goog_camp_001;goog_adset_002;goog_ad_002;27.05.2024;3890.091;97251;777;287;275;2024-05-27 07:57:29 UTC
google;goog_camp_001;goog_adset_002;goog_ad_002;27.05.2024;3899.8179;97494;779;288;276;2024-05-27 13:18:59 UTC
google;goog_camp_001;goog_adset_002;goog_ad_002;27.05.2024;3909.5447;97737;781;289;277;2024-05-27 18:38:29 UTC
google;goog_camp_001;goog_adset_002;goog_ad_002;27.05.2024;3919.2715;97981;783;290;278;2024-05-28 00:11:59 UTC
google;goog_camp_001;goog_adset_002;goog_ad_002;28.05.2024;3923.2837;98081;783;290;278;2024-05-28 02:04:00 UTC
google;goog_camp_001;goog_adset_002;goog_ad_002;28.05.2024;3927.2959;98181;784;290;278;2024-05-28 06:38:11 UTC
google;goog_camp_001;goog_adset_002;goog_ad_002;28.05.2024;3931.308;98282;785;290;278;2024-05-28 11:02:23 UTC
google;goog_camp_001;goog_adset_002;goog_ad_002;28.05.2024;3935.3202;98382;786;290;278;2024-05-28 15:22:35 UTC
google;goog_camp_001;goog_adset_002;goog_ad_002;28.05.2024;3939.3324;98482;787;290;278;2024-05-28 19:44:47 UTC
google;goog_camp_001;goog_adset_002;goog_ad_002;28.05.2024;3943.3446;98583;788;291;279;2024-05-29 00:13:59 UTC
google;goog_camp_001;goog_adset_002;goog_ad_002;29.05.2024;3949.567;98738;789;291;279;2024-05-29 04:07:00 UTC
google;goog_camp_001;goog_adset_002;goog_ad_002;29.05.2024;3955.7895;98894;790;292;280;2024-05-29 14:12:29 UTC
google;goog_camp_001;goog_adset_002;goog_ad_002;29.05.2024;3962.0119;99050;792;293;281;2024-05-30 00:07:59 UTC
google;goog_camp_001;goog_adset_002;goog_ad_002;30.05.2024;3971.0974;99277;793;293;281;2024-05-30 02:10:00 UTC
google;goog_camp_001;goog_adset_002;goog_ad_002;30.05.2024;3980.183;99504;795;294;282;2024-05-30 13:07:59 UTC
google;goog_camp_001;goog_adset_002;goog_ad_002;30.05.2024;3989.2685;99731;797;295;283;2024-05-31 00:05:59 UTC
google;goog_camp_001;goog_adset_002;goog_ad_002;31.05.2024;3989.7972;99744;797;295;283;2024-05-31 02:07:00 UTC
google;goog_camp_001;goog_adset_002;goog_ad_002;31.05.2024;3990.3259;99757;797;295;283;2024-05-31 07:40:29 UTC
google;goog_camp_001;goog_adset_002;goog_ad_002;31.05.2024;3990.8547;99770;797;295;283;2024-05-31 13:17:59 UTC
google;goog_camp_001;goog_adset_002;goog_ad_002;31.05.2024;3991.3834;99783;797;295;283;2024-05-31 18:43:29 UTC
google;goog_camp_001;goog_adset_002;goog_ad_002;31.05.2024;3991.9121;99797;798;295;283;2024-06-01 00:02:59 UTC
google;goog_camp_001;goog_adset_002;goog_ad_002;01.06.2024;3995.934;99897;798;295;283;2024-06-01 02:02:00 UTC
google;goog_camp_001;goog_adset_002;goog_ad_002;01.06.2024;3999.9558;99998;799;295;283;2024-06-01 06:30:59 UTC
google;goog_camp_001;goog_adset_002;goog_ad_002;01.06.2024;4003.9777;100099;800;296;284;2024-06-01 10:55:59 UTC
google;goog_camp_001;goog_adset_002;goog_ad_002;01.06.2024;4007.9996;100199;801;296;284;2024-06-01 15:15:59 UTC
google;goog_camp_001;goog_adset_002;goog_ad_002;01.06.2024;4012.0214;100300;802;296;284;2024-06-01 19:37:59 UTC
google;goog_camp_001;goog_adset_002;goog_ad_002;01.06.2024;4016.0433;100401;803;297;285;2024-06-02 00:08:59 UTC
google;goog_camp_001;goog_adset_002;goog_ad_002;02.06.2024;4021.0658;100526;804;297;285;2024-06-02 03:22:00 UTC
google;goog_camp_001;goog_adset_002;goog_ad_002;02.06.2024;4026.0883;100652;805;297;285;2024-06-02 10:12:39 UTC
google;goog_camp_001;goog_adset_002;goog_ad_002;02.06.2024;4031.1108;100777;806;297;285;2024-06-02 17:03:19 UTC
google;goog_camp_001;goog_adset_002;goog_ad_002;02.06.2024;4036.1333;100903;807;298;286;2024-06-03 00:02:59 UTC
google;goog_camp_001;goog_adset_002;goog_ad_002;03.06.2024;4042.0245;101050;808;298;286;2024-06-03 01:37:00 UTC
google;goog_camp_001;goog_adset_002;goog_ad_002;03.06.2024;4047.9157;101197;809;298;286;2024-06-03 07:13:29 UTC
google;goog_camp_001;goog_adset_002;goog_ad_002;03.06.2024;4053.8069;101344;810;299;287;2024-06-03 12:49:59 UTC
google;goog_camp_001;goog_adset_002;goog_ad_002;03.06.2024;4059.6981;101491;811;299;287;2024-06-03 18:28:29 UTC
google;goog_camp_001;goog_adset_002;goog_ad_002;03.06.2024;4065.5893;101639;813;300;288;2024-06-04 00:06:59 UTC
google;goog_camp_001;goog_adset_002;goog_ad_002;04.06.2024;4076.6414;101915;815;301;288;2024-06-04 02:14:00 UTC
google;goog_camp_001;goog_adset_002;goog_ad_002;04.06.2024;4087.6936;102191;817;302;289;2024-06-04 09:34:59 UTC
google;goog_camp_001;goog_adset_002;goog_ad_002;04.06.2024;4098.7458;102467;819;303;290;2024-06-04 16:55:59 UTC
google;goog_camp_001;goog_adset_002;goog_ad_002;04.06.2024;4109.7979;102744;821;304;291;2024-06-05 00:07:59 UTC
google;goog_camp_001;goog_adset_002;goog_ad_002;05.06.2024;4118.0382;102950;822;304;291;2024-06-05 01:34:00 UTC
google;goog_camp_001;goog_adset_002;goog_ad_002;05.06.2024;4126.2785;103156;824;305;292;2024-06-05 09:01:39 UTC
google;goog_camp_001;goog_adset_002;goog_ad_002;05.06.2024;4134.5188;103362;826;305;293;2024-06-05 16:28:19 UTC
google;goog_camp_001;goog_adset_002;goog_ad_002;05.06.2024;4142.7591;103568;828;306;294;2024-06-06 00:05:59 UTC
google;goog_camp_001;goog_adset_002;goog_ad_002;06.06.2024;4145.7139;103642;828;306;294;2024-06-06 00:17:00 UTC
google;goog_camp_001;goog_adset_002;goog_ad_002;06.06.2024;4148.6686;103716;829;306;294;2024-06-06 08:08:59 UTC
google;goog_camp_001;goog_adset_002;goog_ad_002;06.06.2024;4151.6234;103790;829;306;294;2024-06-06 16:06:59 UTC
google;goog_camp_001;goog_adset_002;goog_ad_002;06.06.2024;4154.5782;103864;830;307;294;2024-06-07 00:06:59 UTC
google;goog_camp_001;goog_adset_002;goog_ad_002;07.06.2024;4161.1403;104028;831;307;294;2024-06-07 02:58:00 UTC
google;goog_camp_001;goog_adset_002;goog_ad_002;07.06.2024;4167.7024;104192;832;308;295;2024-06-07 07:12:35 UTC
google;goog_camp_001;goog_adset_002;goog_ad_002;07.06.2024;4174.2645;104356;834;308;295;2024-06-07 11:33:11 UTC
google;goog_camp_001;goog_adset_002;goog_ad_002;07.06.2024;4180.8266;104520;835;309;296;2024-06-07 15:38:47 UTC
google;goog_camp_001;goog_adset_002;goog_ad_002;07.06.2024;4187.3887;104684;836;309;296;2024-06-07 19:55:23 UTC
google;goog_camp_001;goog_adset_002;goog_ad_002;07.06.2024;4193.9508;104848;838;310;297;2024-06-08 00:10:59 UTC
google;goog_camp_001;goog_adset_002;goog_ad_002;08.06.2024;4206.495;105161;840;310;298;2024-06-08 00:34:00 UTC
google;goog_camp_001;goog_adset_002;goog_ad_002;08.06.2024;4219.0392;105475;843;311;299;2024-06-08 06:28:29 UTC
google;goog_camp_001;goog_adset_002;goog_ad_002;08.06.2024;4231.5833;105788;845;312;300;2024-06-08 12:20:59 UTC
google;goog_camp_001;goog_adset_002;goog_ad_002;08.06.2024;4244.1275;106102;848;313;301;2024-06-08 18:19:29 UTC
google;goog_camp_001;goog_adset_002;goog_ad_002;08.06.2024;4256.6717;106416;851;314;302;2024-06-09 00:10:59 UTC
google;goog_camp_001;goog_adset_002;goog_ad_002;09.06.2024;4267.9199;106697;853;315;302;2024-06-09 03:01:00 UTC
google;goog_camp_001;goog_adset_002;goog_ad_002;09.06.2024;4279.168;106978;855;316;303;2024-06-09 10:04:59 UTC
google;goog_camp_001;goog_adset_002;goog_ad_002;09.06.2024;4290.4162;107259;857;317;304;2024-06-09 17:10:59 UTC
google;goog_camp_001;goog_adset_002;goog_ad_002;09.06.2024;4301.6644;107541;860;318;305;2024-06-10 00:06:59 UTC
google;goog_camp_001;goog_adset_002;goog_ad_002;10.06.2024;4302.7301;107567;860;318;305;2024-06-10 01:09:00 UTC
google;goog_camp_001;goog_adset_002;goog_ad_002;10.06.2024;4303.7958;107594;860;318;305;2024-06-10 05:54:35 UTC
google;goog_camp_001;goog_adset_002;goog_ad_002;10.06.2024;4304.8615;107621;860;318;305;2024-06-10 10:17:11 UTC
google;goog_camp_001;goog_adset_002;goog_ad_002;10.06.2024;4305.9273;107647;860;318;305;2024-06-10 14:53:47 UTC
google;goog_camp_001;goog_adset_002;goog_ad_002;10.06.2024;4306.993;107674;860;318;305;2024-06-10 19:28:23 UTC
google;goog_camp_001;goog_adset_002;goog_ad_002;10.06.2024;4308.0587;107701;861;318;305;2024-06-11 00:05:59 UTC
google;goog_camp_001;goog_adset_002;goog_ad_002;11.06.2024;4318.9635;107973;863;319;306;2024-06-11 01:14:00 UTC
google;goog_camp_001;goog_adset_002;goog_ad_002;11.06.2024;4329.8682;108246;865;320;307;2024-06-11 12:45:29 UTC
google;goog_camp_001;goog_adset_002;goog_ad_002;11.06.2024;4340.773;108519;868;321;308;2024-06-12 00:05:59 UTC
google;goog_camp_001;goog_adset_002;goog_ad_002;12.06.2024;4342.0099;108549;868;321;308;2024-06-12 00:35:00 UTC
google;goog_camp_001;goog_adset_002;goog_ad_002;12.06.2024;4343.2469;108580;868;321;308;2024-06-12 05:14:35 UTC
google;goog_camp_001;goog_adset_002;goog_ad_002;12.06.2024;4344.4838;108611;868;321;308;2024-06-12 09:57:11 UTC
google;goog_camp_001;goog_adset_002;goog_ad_002;12.06.2024;4345.7207;108642;868;321;308;2024-06-12 14:42:47 UTC
google;goog_camp_001;goog_adset_002;goog_ad_002;12.06.2024;4346.9577;108673;868;321;308;2024-06-12 19:19:23 UTC
google;goog_camp_001;goog_adset_002;goog_ad_002;12.06.2024;4348.1946;108704;869;321;308;2024-06-13 00:12:59 UTC
google;goog_camp_001;goog_adset_002;goog_ad_002;13.06.2024;4351.066;108775;869;321;308;2024-06-13 01:42:00 UTC
google;goog_camp_001;goog_adset_002;goog_ad_002;13.06.2024;4353.9373;108847;870;321;308;2024-06-13 06:19:11 UTC
google;goog_camp_001;goog_adset_002;goog_ad_002;13.06.2024;4356.8087;108919;871;322;308;2024-06-13 10:44:23 UTC
google;goog_camp_001;goog_adset_002;goog_ad_002;13.06.2024;4359.6801;108991;871;322;308;2024-06-13 15:06:35 UTC
google;goog_camp_001;goog_adset_002;goog_ad_002;13.06.2024;4362.5514;109063;872;322;308;2024-06-13 19:35:47 UTC
google;goog_camp_001;goog_adset_002;goog_ad_002;13.06.2024;4365.4228;109135;873;323;309;2024-06-14 00:04:59 UTC
google;goog_camp_001;goog_adset_002;goog_ad_002;14.06.2024;4375.0328;109375;874;323;309;2024-06-14 02:48:00 UTC
google;goog_camp_001;goog_adset_002;goog_ad_002;14.06.2024;4384.6427;109615;876;324;310;2024-06-14 13:32:59 UTC
google;goog_camp_001;goog_adset_002;goog_ad_002;14.06.2024;4394.2527;109856;878;325;311;2024-06-15 00:13:59 UTC
google;goog_camp_001;goog_adset_002;goog_ad_002;15.06.2024;4398.6074;109964;879;325;311;2024-06-15 01:42:00 UTC
google;goog_camp_001;goog_adset_002;goog_ad_002;15.06.2024;4402.9622;110073;880;325;311;2024-06-15 06:12:59 UTC
google;goog_camp_001;goog_adset_002;goog_ad_002;15.06.2024;4407.3169;110182;881;326;312;2024-06-15 10:42:59 UTC
google;goog_camp_001;goog_adset_002;goog_ad_002;15.06.2024;4411.6716;110291;882;326;312;2024-06-15 15:01:59 UTC
google;goog_camp_001;goog_adset_002;goog_ad_002;15.06.2024;4416.0264;110400;883;326;312;2024-06-15 19:41:59 UTC
google;goog_camp_001;goog_adset_002;goog_ad_002;15.06.2024;4420.3811;110509;884;327;313;2024-06-16 00:11:59 UTC
google;goog_camp_001;goog_adset_002;goog_ad_002;16.06.2024;4431.4804;110786;886;327;313;2024-06-16 02:04:00 UTC
google;goog_camp_001;goog_adset_002;goog_ad_002;16.06.2024;4442.5798;111064;888;328;314;2024-06-16 09:26:59 UTC
google;goog_camp_001;goog_adset_002;goog_ad_002;16.06.2024;4453.6791;111341;890;329;315;2024-06-16 16:48:59 UTC
google;goog_camp_001;goog_adset_002;goog_ad_002;16.06.2024;4464.7784;111619;892;330;316;2024-06-17 00:02:59 UTC
google;goog_camp_001;goog_adset_002;goog_ad_002;17.06.2024;4480.5092;112012;895;331;317;2024-06-17 00:15:00 UTC
google;goog_camp_001;goog_adset_002;goog_ad_002;17.06.2024;4496.2399;112405;898;332;318;2024-06-17 08:06:19 UTC
google;goog_camp_001;goog_adset_002;goog_ad_002;17.06.2024;4511.9706;112798;901;333;319;2024-06-17 16:07:39 UTC
google;goog_camp_001;goog_adset_002;goog_ad_002;17.06.2024;4527.7014;113192;905;335;321;2024-06-18 00:03:59 UTC
google;goog_camp_001;goog_adset_002;goog_ad_002;18.06.2024;4535.44;113385;906;335;321;2024-06-18 03:11:00 UTC
google;goog_camp_001;goog_adset_002;goog_ad_002;18.06.2024;4543.1787;113579;908;336;322;2024-06-18 10:04:39 UTC
google;goog_camp_001;goog_adset_002;goog_ad_002;18.06.2024;4550.9174;113772;909;336;322;2024-06-18 17:02:19 UTC
google;goog_camp_001;goog_adset_002;goog_ad_002;18.06.2024;4558.656;113966;911;337;323;2024-06-19 00:13:59 UTC
google;goog_camp_001;goog_adset_002;goog_ad_002;19.06.2024;4564.0468;114100;912;337;323;2024-06-19 03:35:00 UTC
google;goog_camp_001;goog_adset_002;goog_ad_002;19.06.2024;4569.4375;114235;913;337;323;2024-06-19 13:47:59 UTC
google;goog_camp_001;goog_adset_002;goog_ad_002;19.06.2024;4574.8283;114370;914;338;324;2024-06-20 00:11:59 UTC
google;goog_camp_001;goog_adset_002;goog_ad_002;20.06.2024;4575.5332;114387;914;338;324;2024-06-20 01:28:00 UTC
google;goog_camp_001;goog_adset_002;goog_ad_002;20.06.2024;4576.2381;114405;914;338;324;2024-06-20 09:01:59 UTC
google;goog_camp_001;goog_adset_002;goog_ad_002;20.06.2024;4576.943;114423;914;338;324;2024-06-20 16:27:59 UTC
google;goog_camp_001;goog_adset_002;goog_ad_002;20.06.2024;4577.6479;114441;915;338;325;2024-06-21 00:08:59 UTC
google;goog_camp_001;goog_adset_002;goog_ad_002;21.06.2024;4586.3312;114658;916;338;325;2024-06-21 00:21:00 UTC
google;goog_camp_001;goog_adset_002;goog_ad_002;21.06.2024;4595.0146;114875;918;339;326;2024-06-21 05:08:11 UTC
google;goog_camp_001;goog_adset_002;goog_ad_002;21.06.2024;4603.698;115092;920;340;326;2024-06-21 09:53:23 UTC
google;goog_camp_001;goog_adset_002;goog_ad_002;21.06.2024;4612.3813;115309;921;340;327;2024-06-21 14:36:35 UTC
google;goog_camp_001;goog_adset_002;goog_ad_002;21.06.2024;4621.0646;115526;923;341;327;2024-06-21 19:21:47 UTC
google;goog_camp_001;goog_adset_002;goog_ad_002;21.06.2024;4629.748;115743;925;342;328;2024-06-22 00:11:59 UTC
google;goog_camp_001;goog_adset_002;goog_ad_002;22.06.2024;4633.1102;115827;925;342;328;2024-06-22 01:35:00 UTC
google;goog_camp_001;goog_adset_002;goog_ad_002;22.06.2024;4636.4725;115911;926;342;328;2024-06-22 05:52:59 UTC
google;goog_camp_001;goog_adset_002;goog_ad_002;22.06.2024;4639.8348;115995;927;343;329;2024-06-22 10:26:59 UTC
google;goog_camp_001;goog_adset_002;goog_ad_002;22.06.2024;4643.197;116079;927;343;329;2024-06-22 14:56:59 UTC
google;goog_camp_001;goog_adset_002;goog_ad_002;22.06.2024;4646.5592;116163;928;343;329;2024-06-22 19:28:59 UTC
google;goog_camp_001;goog_adset_002;goog_ad_002;22.06.2024;4649.9215;116248;929;344;330;2024-06-23 00:00:59 UTC
google;goog_camp_001;goog_adset_002;goog_ad_002;23.06.2024;4654.1237;116353;930;344;330;2024-06-23 01:26:00 UTC
google;goog_camp_001;goog_adset_002;goog_ad_002;23.06.2024;4658.3259;116458;931;344;330;2024-06-23 07:03:29 UTC
google;goog_camp_001;goog_adset_002;goog_ad_002;23.06.2024;4662.5282;116563;932;344;330;2024-06-23 12:53:59 UTC
google;goog_camp_001;goog_adset_002;goog_ad_002;23.06.2024;4666.7304;116668;933;344;330;2024-06-23 18:29:29 UTC
google;goog_camp_001;goog_adset_002;goog_ad_002;23.06.2024;4670.9326;116773;934;345;331;2024-06-24 00:01:59 UTC
google;goog_camp_001;goog_adset_002;goog_ad_002;24.06.2024;4674.655;116866;934;345;331;2024-06-24 01:24:00 UTC
google;goog_camp_001;goog_adset_002;goog_ad_002;24.06.2024;4678.3775;116959;935;345;331;2024-06-24 05:54:47 UTC
google;goog_camp_001;goog_adset_002;goog_ad_002;24.06.2024;4682.1;117052;936;346;332;2024-06-24 10:27:35 UTC
google;goog_camp_001;goog_adset_002;goog_ad_002;24.06.2024;4685.8224;117145;936;346;332;2024-06-24 14:59:23 UTC
google;goog_camp_001;goog_adset_002;goog_ad_002;24.06.2024;4689.5448;117238;937;346;332;2024-06-24 19:29:11 UTC
google;goog_camp_001;goog_adset_002;goog_ad_002;24.06.2024;4693.2673;117331;938;347;333;2024-06-25 00:01:59 UTC
google;goog_camp_001;goog_adset_002;goog_ad_002;25.06.2024;4703.2473;117580;940;347;333;2024-06-25 01:27:00 UTC
google;goog_camp_001;goog_adset_002;goog_ad_002;25.06.2024;4713.2274;117830;942;348;334;2024-06-25 12:52:29 UTC
google;goog_camp_001;goog_adset_002;goog_ad_002;25.06.2024;4723.2074;118080;944;349;335;2024-06-26 00:12:59 UTC
google;goog_camp_001;goog_adset_002;goog_ad_002;26.06.2024;4729.3231;118232;945;349;335;2024-06-26 02:26:00 UTC
google;goog_camp_001;goog_adset_002;goog_ad_002;26.06.2024;4735.4389;118385;946;349;335;2024-06-26 07:46:14 UTC
google;goog_camp_001;goog_adset_002;goog_ad_002;26.06.2024;4741.5546;118538;947;350;336;2024-06-26 13:11:29 UTC
google;goog_camp_001;goog_adset_002;goog_ad_002;26.06.2024;4747.6704;118691;948;350;336;2024-06-26 18:43:44 UTC
google;goog_camp_001;goog_adset_002;goog_ad_002;26.06.2024;4753.7861;118844;950;351;337;2024-06-27 00:06:59 UTC
google;goog_camp_001;goog_adset_002;goog_ad_002;27.06.2024;4759.6035;118989;951;351;337;2024-06-27 00:19:00 UTC
google;goog_camp_001;goog_adset_002;goog_ad_002;27.06.2024;4765.421;119134;952;352;337;2024-06-27 12:15:59 UTC
google;goog_camp_001;goog_adset_002;goog_ad_002;27.06.2024;4771.2384;119280;954;353;338;2024-06-28 00:09:59 UTC
google;goog_camp_001;goog_adset_002;goog_ad_002;28.06.2024;4777.9105;119447;955;353;338;2024-06-28 00:52:00 UTC
google;goog_camp_001;goog_adset_002;goog_ad_002;28.06.2024;4784.5825;119614;956;353;339;2024-06-28 12:33:29 UTC
google;goog_camp_001;goog_adset_002;goog_ad_002;28.06.2024;4791.2546;119781;958;354;340;2024-06-29 00:10:59 UTC
google;goog_camp_001;goog_adset_002;goog_ad_002;29.06.2024;4794.5104;119862;958;354;340;2024-06-29 01:53:00 UTC
google;goog_camp_001;goog_adset_002;goog_ad_002;29.06.2024;4797.7663;119943;959;354;340;2024-06-29 09:24:59 UTC
google;goog_camp_001;goog_adset_002;goog_ad_002;29.06.2024;4801.0221;120024;959;354;340;2024-06-29 16:36:59 UTC
google;goog_camp_001;goog_adset_002;goog_ad_002;29.06.2024;4804.2779;120106;960;355;341;2024-06-30 00:01:59 UTC
google;goog_camp_001;goog_adset_002;goog_ad_002;30.06.2024;4806.6401;120165;960;355;341;2024-06-30 02:54:00 UTC
google;goog_camp_001;goog_adset_002;goog_ad_002;30.06.2024;4809.0022;120224;961;355;341;2024-06-30 08:17:29 UTC
google;goog_camp_001;goog_adset_002;goog_ad_002;30.06.2024;4811.3644;120283;961;355;341;2024-06-30 13:26:59 UTC
google;goog_camp_001;goog_adset_002;goog_ad_002;30.06.2024;4813.7265;120342;962;355;341;2024-06-30 18:50:29 UTC
google;goog_camp_001;goog_adset_002;goog_ad_002;30.06.2024;4816.0887;120402;963;356;341;2024-07-01 00:11:59 UTC
google;goog_camp_001;goog_adset_002;goog_ad_002;01.07.2024;4819.0287;120475;963;356;341;2024-07-01 00:12:00 UTC
google;goog_camp_001;goog_adset_002;goog_ad_002;01.07.2024;4821.9688;120549;964;356;341;2024-07-01 08:12:19 UTC
google;goog_camp_001;goog_adset_002;goog_ad_002;01.07.2024;4824.9088;120622;964;356;341;2024-07-01 16:11:39 UTC
google;goog_camp_001;goog_adset_002;goog_ad_002;01.07.2024;4827.8488;120696;965;357;342;2024-07-02 00:11:59 UTC
google;goog_camp_001;goog_adset_002;goog_ad_002;02.07.2024;4831.8153;120795;965;357;342;2024-07-02 03:03:00 UTC
google;goog_camp_001;goog_adset_002;goog_ad_002;02.07.2024;4835.7818;120894;966;357;342;2024-07-02 08:20:44 UTC
google;goog_camp_001;goog_adset_002;goog_ad_002;02.07.2024;4839.7484;120993;967;357;343;2024-07-02 13:39:29 UTC
google;goog_camp_001;goog_adset_002;goog_ad_002;02.07.2024;4843.7149;121092;968;357;343;2024-07-02 18:56:14 UTC
google;goog_camp_001;goog_adset_002;goog_ad_002;02.07.2024;4847.6814;121192;969;358;344;2024-07-03 00:01:59 UTC
google;goog_camp_001;goog_adset_002;goog_ad_002;03.07.2024;4849.3179;121232;969;358;344;2024-07-03 00:37:00 UTC
google;goog_camp_001;goog_adset_002;goog_ad_002;03.07.2024;4850.9543;121273;969;358;344;2024-07-03 05:20:59 UTC
google;goog_camp_001;goog_adset_002;goog_ad_002;03.07.2024;4852.5908;121314;970;358;344;2024-07-03 10:08:59 UTC
google;goog_camp_001;goog_adset_002;goog_ad_002;03.07.2024;4854.2273;121355;970;358;344;2024-07-03 14:44:59 UTC
google;goog_camp_001;goog_adset_002;goog_ad_002;03.07.2024;4855.8637;121396;970;358;344;2024-07-03 19:30:59 UTC
google;goog_camp_001;goog_adset_002;goog_ad_002;03.07.2024;4857.5002;121437;971;359;344;2024-07-04 00:00:59 UTC
google;goog_camp_001;goog_adset_002;goog_ad_002;04.07.2024;4857.5841;121439;971;359;344;2024-07-04 02:47:00 UTC
google;goog_camp_001;goog_adset_002;goog_ad_002;04.07.2024;4857.668;121441;971;359;344;2024-07-04 09:54:19 UTC
google;goog_camp_001;goog_adset_002;goog_ad_002;04.07.2024;4857.752;121443;971;359;344;2024-07-04 16:55:39 UTC
google;goog_camp_001;goog_adset_002;goog_ad_002;04.07.2024;4857.8359;121445;971;359;344;2024-07-05 00:09:59 UTC
google;goog_camp_001;goog_adset_002;goog_ad_002;05.07.2024;4863.1498;121578;972;359;344;2024-07-05 02:01:00 UTC
google;goog_camp_001;goog_adset_002;goog_ad_002;05.07.2024;4868.4637;121711;973;359;345;2024-07-05 13:00:29 UTC
google;goog_camp_001;goog_adset_002;goog_ad_002;05.07.2024;4873.7776;121844;974;360;346;2024-07-06 00:07:59 UTC
google;goog_camp_001;goog_adset_002;goog_ad_002;06.07.2024;4876.0501;121900;974;360;346;2024-07-06 01:41:00 UTC
google;goog_camp_001;goog_adset_002;goog_ad_002;06.07.2024;4878.3227;121957;975;360;346;2024-07-06 12:52:59 UTC
google;goog_camp_001;goog_adset_002;goog_ad_002;06.07.2024;4880.5952;122014;976;361;346;2024-07-07 00:06:59 UTC
google;goog_camp_001;goog_adset_002;goog_ad_002;07.07.2024;4884.5153;122112;976;361;346;2024-07-07 03:43:00 UTC
google;goog_camp_001;goog_adset_002;goog_ad_002;07.07.2024;4888.4353;122210;977;361;346;2024-07-07 07:46:23 UTC
google;goog_camp_001;goog_adset_002;goog_ad_002;07.07.2024;4892.3554;122308;978;361;347;2024-07-07 11:49:47 UTC
google;goog_camp_001;goog_adset_002;goog_ad_002;07.07.2024;4896.2755;122406;978;361;347;2024-07-07 15:52:11 UTC
google;goog_camp_001;goog_adset_002;goog_ad_002;07.07.2024;4900.1955;122504;979;361;347;2024-07-07 19:58:35 UTC
google;goog_camp_001;goog_adset_002;goog_ad_002;07.07.2024;4904.1156;122602;980;362;348;2024-07-08 00:09:59 UTC
google;goog_camp_001;goog_adset_002;goog_ad_002;08.07.2024;4907.3604;122683;980;362;348;2024-07-08 01:11:00 UTC
google;goog_camp_001;goog_adset_002;goog_ad_002;08.07.2024;4910.6053;122764;981;362;348;2024-07-08 08:50:19 UTC
google;goog_camp_001;goog_adset_002;goog_ad_002;08.07.2024;4913.8502;122845;982;362;348;2024-07-08 16:27:39 UTC
google;goog_camp_001;goog_adset_002;goog_ad_002;08.07.2024;4917.095;122927;983;363;349;2024-07-09 00:07:59 UTC
google;goog_camp_001;goog_adset_002;goog_ad_002;09.07.2024;4923.1369;123078;984;363;349;2024-07-09 02:58:00 UTC
google;goog_camp_001;goog_adset_002;goog_ad_002;09.07.2024;4929.1788;123229;985;364;349;2024-07-09 08:15:29 UTC
google;goog_camp_001;goog_adset_002;goog_ad_002;09.07.2024;4935.2206;123380;986;364;350;2024-07-09 13:38:59 UTC
google;goog_camp_001;goog_adset_002;goog_ad_002;09.07.2024;4941.2625;123531;987;365;350;2024-07-09 18:48:29 UTC
google;goog_camp_001;goog_adset_002;goog_ad_002;09.07.2024;4947.3044;123682;989;366;351;2024-07-10 00:08:59 UTC
google;goog_camp_001;goog_adset_002;goog_ad_002;10.07.2024;4949.7986;123744;989;366;351;2024-07-10 01:15:00 UTC
google;goog_camp_001;goog_adset_002;goog_ad_002;10.07.2024;4952.2929;123806;989;366;351;2024-07-10 12:45:59 UTC
google;goog_camp_001;goog_adset_002;goog_ad_002;10.07.2024;4954.7871;123869;990;366;351;2024-07-11 00:03:59 UTC
google;goog_camp_001;goog_adset_002;goog_ad_002;11.07.2024;4955.4979;123886;990;366;351;2024-07-11 00:43:00 UTC
google;goog_camp_001;goog_adset_002;goog_ad_002;11.07.2024;4956.2087;123904;990;366;351;2024-07-11 06:44:59 UTC
google;goog_camp_001;goog_adset_002;goog_ad_002;11.07.2024;4956.9196;123922;990;366;351;2024-07-11 12:24:59 UTC
google;goog_camp_001;goog_adset_002;goog_ad_002;11.07.2024;4957.6304;123940;990;366;351;2024-07-11 18:24:59 UTC
google;goog_camp_001;goog_adset_002;goog_ad_002;11.07.2024;4958.3412;123958;991;366;352;2024-07-12 00:02:59 UTC
google;goog_camp_001;goog_adset_002;goog_ad_002;12.07.2024;4962.3523;124058;991;366;352;2024-07-12 00:45:00 UTC
google;goog_camp_001;goog_adset_002;goog_ad_002;12.07.2024;4966.3634;124158;992;366;352;2024-07-12 06:44:44 UTC
google;goog_camp_001;goog_adset_002;goog_ad_002;12.07.2024;4970.3745;124258;993;367;352;2024-07-12 12:24:29 UTC
google;goog_camp_001;goog_adset_002;goog_ad_002;12.07.2024;4974.3856;124358;994;367;352;2024-07-12 18:19:14 UTC
google;goog_camp_001;goog_adset_002;goog_ad_002;12.07.2024;4978.3967;124459;995;368;353;2024-07-13 00:01:59 UTC
google;goog_camp_001;goog_adset_002;goog_ad_002;13.07.2024;4983.5253;124587;996;368;353;2024-07-13 02:50:00 UTC
google;goog_camp_001;goog_adset_002;goog_ad_002;13.07.2024;4988.6538;124715;997;368;353;2024-07-13 13:25:59 UTC
google;goog_camp_001;goog_adset_002;goog_ad_002;13.07.2024;4993.7824;124844;998;369;354;2024-07-14 00:05:59 UTC
google;goog_camp_001;goog_adset_002;goog_ad_002;14.07.2024;4995.8549;124895;998;369;354;2024-07-14 02:49:00 UTC
google;goog_camp_001;goog_adset_002;goog_ad_002;14.07.2024;4997.9275;124947;998;369;354;2024-07-14 08:55:47 UTC
google;goog_camp_001;goog_adset_002;goog_ad_002;14.07.2024;5000.0;124999;999;369;354;2024-07-14 14:51:34 UTC
google;goog_camp_002;goog_adset_003;goog_ad_003;02.01.2024;6.7104;167;1;0;0;2024-01-02 02:14:00 UTC
google;goog_camp_002;goog_adset_003;goog_ad_003;02.01.2024;13.4208;335;2;0;0;2024-01-02 07:46:14 UTC
google;goog_camp_002;goog_adset_003;goog_ad_003;02.01.2024;20.1311;502;3;1;1;2024-01-02 13:02:29 UTC
google;goog_camp_002;goog_adset_003;goog_ad_003;02.01.2024;26.8415;670;4;1;1;2024-01-02 18:44:44 UTC
google;goog_camp_002;goog_adset_003;goog_ad_003;02.01.2024;33.5519;838;6;2;2;2024-01-03 00:05:59 UTC
google;goog_camp_002;goog_adset_003;goog_ad_003;03.01.2024;35.5269;887;6;2;2;2024-01-03 02:16:00 UTC
google;goog_camp_002;goog_adset_003;goog_ad_003;03.01.2024;37.5019;937;7;2;2;2024-01-03 09:28:19 UTC
google;goog_camp_002;goog_adset_003;goog_ad_003;03.01.2024;39.4769;986;7;2;2;2024-01-03 16:52:39 UTC
google;goog_camp_002;goog_adset_003;goog_ad_003;03.01.2024;41.4519;1036;8;3;2;2024-01-04 00:10:59 UTC
google;goog_camp_002;goog_adset_003;goog_ad_003;04.01.2024;44.8342;1120;8;3;2;2024-01-04 03:46:00 UTC
google;goog_camp_002;goog_adset_003;goog_ad_003;04.01.2024;48.2164;1204;9;3;2;2024-01-04 14:04:29 UTC
google;goog_camp_002;goog_adset_003;goog_ad_003;04.01.2024;51.5987;1289;10;3;3;2024-01-05 00:10:59 UTC
google;goog_camp_002;goog_adset_003;goog_ad_003;05.01.2024;61.1122;1527;11;3;3;2024-01-05 03:20:00 UTC
google;goog_camp_002;goog_adset_003;goog_ad_003;05.01.2024;70.6258;1765;13;4;4;2024-01-05 10:14:19 UTC
google;goog_camp_002;goog_adset_003;goog_ad_003;05.01.2024;80.1394;2003;15;5;5;2024-01-05 17:08:39 UTC
google;goog_camp_002;goog_adset_003;goog_ad_003;05.01.2024;89.6529;2241;17;6;6;2024-01-06 00:09:59 UTC
google;goog_camp_002;goog_adset_003;goog_ad_003;06.01.2024;94.3569;2358;18;6;6;2024-01-06 01:32:00 UTC
google;goog_camp_002;goog_adset_003;goog_ad_003;06.01.2024;99.0609;2476;19;6;6;2024-01-06 06:10:23 UTC
google;goog_camp_002;goog_adset_003;goog_ad_003;06.01.2024;103.7648;2593;20;7;7;2024-01-06 10:40:47 UTC
google;goog_camp_002;goog_adset_003;goog_ad_003;06.01.2024;108.4688;2711;21;7;7;2024-01-06 15:06:11 UTC
google;goog_camp_002;goog_adset_003;goog_ad_003;06.01.2024;113.1728;2828;22;7;7;2024-01-06 19:35:35 UTC
google;goog_camp_002;goog_adset_003;goog_ad_003;06.01.2024;117.8768;2946;23;8;8;2024-01-07 00:02:59 UTC
google;goog_camp_002;goog_adset_003;goog_ad_003;07.01.2024;119.0588;2975;23;8;8;2024-01-07 00:34:00 UTC
google;goog_camp_002;goog_adset_003;goog_ad_003;07.01.2024;120.2407;3005;23;8;8;2024-01-07 05:20:47 UTC
google;goog_camp_002;goog_adset_003;goog_ad_003;07.01.2024;121.4226;3035;23;8;8;2024-01-07 09:57:35 UTC
google;goog_camp_002;goog_adset_003;goog_ad_003;07.01.2024;122.6046;3064;23;8;8;2024-01-07 14:50:23 UTC
google;goog_camp_002;goog_adset_003;goog_ad_003;07.01.2024;123.7866;3094;23;8;8;2024-01-07 19:32:11 UTC
google;goog_camp_002;goog_adset_003;goog_ad_003;07.01.2024;124.9685;3124;24;9;8;2024-01-08 00:02:59 UTC
google;goog_camp_002;goog_adset_003;goog_ad_003;08.01.2024;128.6786;3216;24;9;8;2024-01-08 03:49:00 UTC
google;goog_camp_002;goog_adset_003;goog_ad_003;08.01.2024;132.3888;3309;25;9;8;2024-01-08 10:41:39 UTC
google;goog_camp_002;goog_adset_003;goog_ad_003;08.01.2024;136.099;3402;26;9;8;2024-01-08 17:20:19 UTC
google;goog_camp_002;goog_adset_003;goog_ad_003;08.01.2024;139.8091;3495;27;10;9;2024-01-09 00:00:59 UTC
google;goog_camp_002;goog_adset_003;goog_ad_003;09.01.2024;141.0891;3527;27;10;9;2024-01-09 01:59:00 UTC
google;goog_camp_002;goog_adset_003;goog_ad_003;09.01.2024;142.3692;3559;27;10;9;2024-01-09 07:40:59 UTC
google;goog_camp_002;goog_adset_003;goog_ad_003;09.01.2024;143.6492;3591;28;10;9;2024-01-09 13:04:59 UTC
google;goog_camp_002;goog_adset_003;goog_ad_003;09.01.2024;144.9293;3623;28;10;9;2024-01-09 18:39:59 UTC
google;goog_camp_002;goog_adset_003;goog_ad_003;09.01.2024;146.2093;3655;29;10;10;2024-01-10 00:09:59 UTC
google;goog_camp_002;goog_adset_003;goog_ad_003;10.01.2024;155.2504;3881;30;10;10;2024-01-10 00:11:00 UTC
google;goog_camp_002;goog_adset_003;goog_ad_003;10.01.2024;164.2916;4107;32;11;11;2024-01-10 08:12:59 UTC
google;goog_camp_002;goog_adset_003;goog_ad_003;10.01.2024;173.3328;4333;34;12;11;2024-01-10 16:06:59 UTC
google;goog_camp_002;goog_adset_003;goog_ad_003;10.01.2024;182.3739;4559;36;13;12;2024-01-11 00:07:59 UTC
google;goog_camp_002;goog_adset_003;goog_ad_003;11.01.2024;188.3985;4709;37;13;12;2024-01-11 00:55:00 UTC
google;goog_camp_002;goog_adset_003;goog_ad_003;11.01.2024;194.4231;4860;38;14;13;2024-01-11 05:27:47 UTC
google;goog_camp_002;goog_adset_003;goog_ad_003;11.01.2024;200.4477;5011;39;14;13;2024-01-11 10:15:35 UTC
google;goog_camp_002;goog_adset_003;goog_ad_003;11.01.2024;206.4723;5161;40;15;14;2024-01-11 14:55:23 UTC
google;goog_camp_002;goog_adset_003;goog_ad_003;11.01.2024;212.4969;5312;41;15;14;2024-01-11 19:34:11 UTC
google;goog_camp_002;goog_adset_003;goog_ad_003;11.01.2024;218.5215;5463;43;16;15;2024-01-12 00:00:59 UTC
google;goog_camp_002;goog_adset_003;goog_ad_003;12.01.2024;239.1626;5979;47;17;16;2024-01-12 03:25:00 UTC
google;goog_camp_002;goog_adset_003;goog_ad_003;12.01.2024;259.8038;6495;51;18;17;2024-01-12 13:43:59 UTC
google;goog_camp_002;goog_adset_003;goog_ad_003;12.01.2024;280.4449;7011;56;20;19;2024-01-13 00:13:59 UTC
google;goog_camp_002;goog_adset_003;goog_ad_003;13.01.2024;306.3939;7659;61;22;21;2024-01-13 00:12:00 UTC
google;goog_camp_002;goog_adset_003;goog_ad_003;13.01.2024;332.343;8308;66;24;23;2024-01-13 12:16:59 UTC
google;goog_camp_002;goog_adset_003;goog_ad_003;13.01.2024;358.292;8957;71;26;25;2024-01-14 00:01:59 UTC
google;goog_camp_002;goog_adset_003;goog_ad_003;14.01.2024;360.5959;9014;71;26;25;2024-01-14 01:50:00 UTC
google;goog_camp_002;goog_adset_003;goog_ad_003;14.01.2024;362.8997;9072;71;26;25;2024-01-14 07:15:59 UTC
google;goog_camp_002;goog_adset_003;goog_ad_003;14.01.2024;365.2036;9129;72;26;25;2024-01-14 13:02:59 UTC
google;goog_camp_002;goog_adset_003;goog_ad_003;14.01.2024;367.5074;9187;72;26;25;2024-01-14 18:25:59 UTC
google;goog_camp_002;goog_adset_003;goog_ad_003;14.01.2024;369.8113;9245;73;27;26;2024-01-15 00:12:59 UTC
google;goog_camp_002;goog_adset_003;goog_ad_003;15.01.2024;380.5445;9513;75;27;26;2024-01-15 03:06:00 UTC
google;goog_camp_002;goog_adset_003;goog_ad_003;15.01.2024;391.2777;9781;77;28;27;2024-01-15 13:28:59 UTC
google;goog_camp_002;goog_adset_003;goog_ad_003;15.01.2024;402.0109;10050;80;29;28;2024-01-16 00:03:59 UTC
google;goog_camp_002;goog_adset_003;goog_ad_003;16.01.2024;402.6686;10066;80;29;28;2024-01-16 03:58:00 UTC
google;goog_camp_002;goog_adset_003;goog_ad_003;16.01.2024;403.3263;10083;80;29;28;2024-01-16 10:46:59 UTC
google;goog_camp_002;goog_adset_003;goog_ad_003;16.01.2024;403.984;10099;80;29;28;2024-01-16 17:23:59 UTC
google;goog_camp_002;goog_adset_003;goog_ad_003;16.01.2024;404.6417;10116;80;29;28;2024-01-17 00:13:59 UTC
google;goog_camp_002;goog_adset_003;goog_ad_003;17.01.2024;410.2208;10255;81;29;28;2024-01-17 02:29:00 UTC
google;goog_camp_002;goog_adset_003;goog_ad_003;17.01.2024;415.7998;10394;82;30;29;2024-01-17 09:36:59 UTC
google;goog_camp_002;goog_adset_003;goog_ad_003;17.01.2024;421.3789;10533;83;30;29;2024-01-17 16:50:59 UTC
google;goog_camp_002;goog_adset_003;goog_ad_003;17.01.2024;426.958;10673;85;31;30;2024-01-18 00:00:59 UTC
google;goog_camp_002;goog_adset_003;goog_ad_003;18.01.2024;432.2619;10805;86;31;30;2024-01-18 00:15:00 UTC
google;goog_camp_002;goog_adset_003;goog_ad_003;18.01.2024;437.5658;10938;87;31;30;2024-01-18 06:01:44 UTC
google;goog_camp_002;goog_adset_003;goog_ad_003;18.01.2024;442.8696;11070;88;32;31;2024-01-18 12:02:29 UTC
google;goog_camp_002;goog_adset_003;goog_ad_003;18.01.2024;448.1735;11203;89;32;31;2024-01-18 18:09:14 UTC
google;goog_camp_002;goog_adset_003;goog_ad_003;18.01.2024;453.4774;11336;90;33;32;2024-01-19 00:04:59 UTC
google;goog_camp_002;goog_adset_003;goog_ad_003;19.01.2024;456.2505;11405;90;33;32;2024-01-19 03:10:00 UTC
google;goog_camp_002;goog_adset_003;goog_ad_003;19.01.2024;459.0235;11474;91;33;32;2024-01-19 13:49:29 UTC
google;goog_camp_002;goog_adset_003;goog_ad_003;19.01.2024;461.7966;11544;92;34;32;2024-01-20 00:03:59 UTC
google;goog_camp_002;goog_adset_003;goog_ad_003;20.01.2024;465.4301;11635;92;34;32;2024-01-20 01:34:00 UTC
google;goog_camp_002;goog_adset_003;goog_ad_003;20.01.2024;469.0637;11726;93;34;32;2024-01-20 12:46:29 UTC
google;goog_camp_002;goog_adset_003;goog_ad_003;20.01.2024;472.6972;11817;94;34;33;2024-01-21 00:05:59 UTC
google;goog_camp_002;goog_adset_003;goog_ad_003;21.01.2024;479.9607;11998;95;34;33;2024-01-21 02:13:00 UTC
google;goog_camp_002;goog_adset_003;goog_ad_003;21.01.2024;487.2242;12180;96;35;34;2024-01-21 07:39:29 UTC
google;goog_camp_002;goog_adset_003;goog_ad_003;21.01.2024;494.4876;12361;98;35;34;2024-01-21 13:05:59 UTC
google;goog_camp_002;goog_adset_003;goog_ad_003;21.01.2024;501.7511;12543;99;36;35;2024-01-21 18:40:29 UTC
google;goog_camp_002;goog_adset_003;goog_ad_003;21.01.2024;509.0146;12725;101;37;36;2024-01-22 00:14:59 UTC
google;goog_camp_002;goog_adset_003;goog_ad_003;22.01.2024;518.0144;12950;103;37;36;2024-01-22 03:12:00 UTC
google;goog_camp_002;goog_adset_003;goog_ad_003;22.01.2024;527.0142;13175;105;38;37;2024-01-22 13:38:59 UTC
google;goog_camp_002;goog_adset_003;goog_ad_003;22.01.2024;536.014;13400;107;39;38;2024-01-23 00:01:59 UTC
google;goog_camp_002;goog_adset_003;goog_ad_003;23.01.2024;547.3705;13683;109;39;38;2024-01-23 02:14:00 UTC
google;goog_camp_002;goog_adset_003;goog_ad_003;23.01.2024;558.727;13967;111;40;39;2024-01-23 07:38:59 UTC
google;goog_camp_002;goog_adset_003;goog_ad_003;23.01.2024;570.0834;14251;113;41;40;2024-01-23 13:03:59 UTC
google;goog_camp_002;goog_adset_003;goog_ad_003;23.01.2024;581.4399;14535;115;42;41;2024-01-23 18:36:59 UTC
google;goog_camp_002;goog_adset_003;goog_ad_003;23.01.2024;592.7964;14819;118;43;42;2024-01-24 00:14:59 UTC
google;goog_camp_002;goog_adset_003;goog_ad_003;24.01.2024;610.2861;15256;121;44;43;2024-01-24 00:41:00 UTC
google;goog_camp_002;goog_adset_003;goog_ad_003;24.01.2024;627.7759;15693;125;45;44;2024-01-24 12:21:59 UTC
google;goog_camp_002;goog_adset_003;goog_ad_003;24.01.2024;645.2656;16131;129;47;45;2024-01-25 00:06:59 UTC
google;goog_camp_002;goog_adset_003;goog_ad_003;25.01.2024;645.9927;16149;129;47;45;2024-01-25 01:50:00 UTC
google;goog_camp_002;goog_adset_003;goog_ad_003;25.01.2024;646.7198;16167;129;47;45;2024-01-25 07:20:14 UTC
google;goog_camp_002;goog_adset_003;goog_ad_003;25.01.2024;647.4469;16185;129;47;45;2024-01-25 13:06:29 UTC
google;goog_camp_002;goog_adset_003;goog_ad_003;25.01.2024;648.174;16203;129;47;45;2024-01-25 18:36:44 UTC
google;goog_camp_002;goog_adset_003;goog_ad_003;25.01.2024;648.9011;16222;129;48;46;2024-01-26 00:10:59 UTC
google;goog_camp_002;goog_adset_003;goog_ad_003;26.01.2024;651.4085;16284;129;48;46;2024-01-26 02:37:00 UTC
google;goog_camp_002;goog_adset_003;goog_ad_003;26.01.2024;653.9159;16347;130;48;46;2024-01-26 07:48:29 UTC
google;goog_camp_002;goog_adset_003;goog_ad_003;26.01.2024;656.4234;16409;130;48;46;2024-01-26 13:15:59 UTC
google;goog_camp_002;goog_adset_003;goog_ad_003;26.01.2024;658.9308;16472;131;48;46;2024-01-26 18:50:29 UTC
google;goog_camp_002;goog_adset_003;goog_ad_003;26.01.2024;661.4382;16535;132;48;46;2024-01-27 00:07:59 UTC
google;goog_camp_002;goog_adset_003;goog_ad_003;27.01.2024;662.9404;16572;132;48;46;2024-01-27 03:06:00 UTC
google;goog_camp_002;goog_adset_003;goog_ad_003;27.01.2024;664.4426;16610;132;48;46;2024-01-27 08:20:14 UTC
google;goog_camp_002;goog_adset_003;goog_ad_003;27.01.2024;665.9448;16647;132;48;46;2024-01-27 13:38:29 UTC
google;goog_camp_002;goog_adset_003;goog_ad_003;27.01.2024;667.447;16685;132;48;46;2024-01-27 18:44:44 UTC
google;goog_camp_002;goog_adset_003;goog_ad_003;27.01.2024;668.9492;16723;133;49;47;2024-01-28 00:12:59 UTC
google;goog_camp_002;goog_adset_003;goog_ad_003;28.01.2024;679.9999;16999;135;49;47;2024-01-28 02:00:00 UTC
google;goog_camp_002;goog_adset_003;goog_ad_003;28.01.2024;691.0507;17275;137;50;48;2024-01-28 12:57:29 UTC
google;goog_camp_002;goog_adset_003;goog_ad_003;28.01.2024;702.1014;17552;140;51;49;2024-01-29 00:05:59 UTC
google;goog_camp_002;goog_adset_003;goog_ad_003;29.01.2024;708.097;17702;141;51;49;2024-01-29 03:40:00 UTC
google;goog_camp_002;goog_adset_003;goog_ad_003;29.01.2024;714.0926;17852;142;52;50;2024-01-29 10:31:39 UTC
google;goog_camp_002;goog_adset_003;goog_ad_003;29.01.2024;720.0882;18002;143;52;50;2024-01-29 17:22:19 UTC
google;goog_camp_002;goog_adset_003;goog_ad_003;29.01.2024;726.0838;18152;145;53;51;2024-01-30 00:07:59 UTC
google;goog_camp_002;goog_adset_003;goog_ad_003;30.01.2024;728.7568;18218;145;53;51;2024-01-30 00:43:00 UTC
google;goog_camp_002;goog_adset_003;goog_ad_003;30.01.2024;731.4299;18285;145;53;51;2024-01-30 12:29:59 UTC
google;goog_camp_002;goog_adset_003;goog_ad_003;30.01.2024;734.1029;18352;146;54;52;2024-01-31 00:04:59 UTC
google;goog_camp_002;goog_adset_003;goog_ad_003;31.01.2024;736.4162;18409;146;54;52;2024-01-31 00:23:00 UTC
google;goog_camp_002;goog_adset_003;goog_ad_003;31.01.2024;738.7296;18467;147;54;52;2024-01-31 08:16:19 UTC
google;goog_camp_002;goog_adset_003;goog_ad_003;31.01.2024;741.0429;18525;147;54;52;2024-01-31 16:19:39 UTC
google;goog_camp_002;goog_adset_003;goog_ad_003;31.01.2024;743.3562;18583;148;55;52;2024-02-01 00:06:59 UTC
google;goog_camp_002;goog_adset_003;goog_ad_003;01.02.2024;752.3333;18807;149;55;52;2024-02-01 02:38:00 UTC
google;goog_camp_002;goog_adset_003;goog_ad_003;01.02.2024;761.3104;19032;151;56;53;2024-02-01 08:01:14 UTC
google;goog_camp_002;goog_adset_003;goog_ad_003;01.02.2024;770.2876;19256;153;56;53;2024-02-01 13:27:29 UTC
google;goog_camp_002;goog_adset_003;goog_ad_003;01.02.2024;779.2647;19481;155;57;54;2024-02-01 18:44:44 UTC
google;goog_camp_002;goog_adset_003;goog_ad_003;01.02.2024;788.2418;19706;157;58;55;2024-02-02 00:09:59 UTC
google;goog_camp_002;goog_adset_003;goog_ad_003;02.02.2024;790.9963;19774;157;58;55;2024-02-02 02:02:00 UTC
google;goog_camp_002;goog_adset_003;goog_ad_003;02.02.2024;793.7507;19843;158;58;55;2024-02-02 07:38:14 UTC
google;goog_camp_002;goog_adset_003;goog_ad_003;02.02.2024;796.5052;19912;158;58;55;2024-02-02 12:59:29 UTC
google;goog_camp_002;goog_adset_003;goog_ad_003;02.02.2024;799.2596;19981;159;58;55;2024-02-02 18:34:44 UTC
google;goog_camp_002;goog_adset_003;goog_ad_003;02.02.2024;802.0141;20050;160;59;56;2024-02-03 00:06:59 UTC
google;goog_camp_002;goog_adset_003;goog_ad_003;03.02.2024;802.3649;20058;160;59;56;2024-02-03 03:43:00 UTC
google;goog_camp_002;goog_adset_003;goog_ad_003;03.02.2024;802.7156;20067;160;59;56;2024-02-03 07:53:11 UTC
google;goog_camp_002;goog_adset_003;goog_ad_003;03.02.2024;803.0664;20076;160;59;56;2024-02-03 11:48:23 UTC
google;goog_camp_002;goog_adset_003;goog_ad_003;03.02.2024;803.4172;20084;160;59;56;2024-02-03 15:56:35 UTC
google;goog_camp_002;goog_adset_003;goog_ad_003;03.02.2024;803.7679;20093;160;59;56;2024-02-03 19:56:47 UTC
google;goog_camp_002;goog_adset_003;goog_ad_003;03.02.2024;804.1187;20102;160;59;57;2024-02-04 00:09:59 UTC
google;goog_camp_002;goog_adset_003;goog_ad_003;04.02.2024;805.3432;20132;160;59;57;2024-02-04 01:46:00 UTC
google;goog_camp_002;goog_adset_003;goog_ad_003;04.02.2024;806.5676;20163;160;59;57;2024-02-04 06:15:11 UTC
google;goog_camp_002;goog_adset_003;goog_ad_003;04.02.2024;807.7921;20194;161;59;57;2024-02-04 10:44:23 UTC
google;goog_camp_002;goog_adset_003;goog_ad_003;04.02.2024;809.0166;20224;161;59;57;2024-02-04 15:06:35 UTC
google;goog_camp_002;goog_adset_003;goog_ad_003;04.02.2024;810.241;20255;161;59;57;2024-02-04 19:36:47 UTC
google;goog_camp_002;goog_adset_003;goog_ad_003;04.02.2024;811.4655;20286;162;60;57;2024-02-05 00:13:59 UTC
google;goog_camp_002;goog_adset_003;goog_ad_003;05.02.2024;833.0077;20824;166;61;58;2024-02-05 02:43:00 UTC
google;goog_camp_002;goog_adset_003;goog_ad_003;05.02.2024;854.5499;21363;170;62;60;2024-02-05 13:20:29 UTC
google;goog_camp_002;goog_adset_003;goog_ad_003;05.02.2024;876.0921;21902;175;64;62;2024-02-06 00:14:59 UTC
google;goog_camp_002;goog_adset_003;goog_ad_003;06.02.2024;889.0307;22225;177;65;62;2024-02-06 01:04:00 UTC
google;goog_camp_002;goog_adset_003;goog_ad_003;06.02.2024;901.9693;22548;179;66;63;2024-02-06 12:34:59 UTC
google;goog_camp_002;goog_adset_003;goog_ad_003;06.02.2024;914.9079;22872;182;67;64;2024-02-07 00:13:59 UTC
google;goog_camp_002;goog_adset_003;goog_ad_003;07.02.2024;916.4059;22909;182;67;64;2024-02-07 02:32:00 UTC
google;goog_camp_002;goog_adset_003;goog_ad_003;07.02.2024;917.9039;22947;183;67;64;2024-02-07 09:53:19 UTC
google;goog_camp_002;goog_adset_003;goog_ad_003;07.02.2024;919.4019;22984;183;67;64;2024-02-07 17:03:39 UTC
google;goog_camp_002;goog_adset_003;goog_ad_003;07.02.2024;920.8999;23022;184;68;65;2024-02-08 00:08:59 UTC
google;goog_camp_002;goog_adset_003;goog_ad_003;08.02.2024;924.618;23115;184;68;65;2024-02-08 01:27:00 UTC
google;goog_camp_002;goog_adset_003;goog_ad_003;08.02.2024;928.3361;23208;185;68;65;2024-02-08 05:50:23 UTC
google;goog_camp_002;goog_adset_003;goog_ad_003;08.02.2024;932.0542;23301;186;68;65;2024-02-08 10:20:47 UTC
google;goog_camp_002;goog_adset_003;goog_ad_003;08.02.2024;935.7724;23394;186;68;65;2024-02-08 15:05:11 UTC
google;goog_camp_002;goog_adset_003;goog_ad_003;08.02.2024;939.4905;23487;187;68;65;2024-02-08 19:29:35 UTC
google;goog_camp_002;goog_adset_003;goog_ad_003;08.02.2024;943.2086;23580;188;69;66;2024-02-09 00:01:59 UTC
google;goog_camp_002;goog_adset_003;goog_ad_003;09.02.2024;952.5037;23812;190;69;66;2024-02-09 03:47:00 UTC
google;goog_camp_002;goog_adset_003;goog_ad_003;09.02.2024;961.7988;24044;192;70;67;2024-02-09 10:42:39 UTC
google;goog_camp_002;goog_adset_003;goog_ad_003;09.02.2024;971.0939;24276;194;71;68;2024-02-09 17:22:19 UTC
google;goog_camp_002;goog_adset_003;goog_ad_003;09.02.2024;980.389;24509;196;72;69;2024-02-10 00:05:59 UTC
google;goog_camp_002;goog_adset_003;goog_ad_003;10.02.2024;981.5813;24539;196;72;69;2024-02-10 00:52:00 UTC
google;goog_camp_002;goog_adset_003;goog_ad_003;10.02.2024;982.7735;24569;196;72;69;2024-02-10 12:22:59 UTC
google;goog_camp_002;goog_adset_003;goog_ad_003;10.02.2024;983.9658;24599;196;72;69;2024-02-11 00:07:59 UTC
google;goog_camp_002;goog_adset_003;goog_ad_003;11.02.2024;993.9789;24849;198;72;69;2024-02-11 00:15:00 UTC
google;goog_camp_002;goog_adset_003;goog_ad_003;11.02.2024;1003.992;25099;200;73;70;2024-02-11 08:08:59 UTC
google;goog_camp_002;goog_adset_003;goog_ad_003;11.02.2024;1014.0051;25349;202;74;71;2024-02-11 16:04:59 UTC
google;goog_camp_002;goog_adset_003;goog_ad_003;11.02.2024;1024.0182;25600;204;75;72;2024-02-12 00:03:59 UTC
google;goog_camp_002;goog_adset_003;goog_ad_003;12.02.2024;1032.9562;25823;206;75;72;2024-02-12 00:50:00 UTC
google;goog_camp_002;goog_adset_003;goog_ad_003;12.02.2024;1041.8943;26046;208;76;73;2024-02-12 12:31:59 UTC
google;goog_camp_002;goog_adset_003;goog_ad_003;12.02.2024;1050.8323;26270;210;77;74;2024-02-13 00:06:59 UTC
google;goog_camp_002;goog_adset_003;goog_ad_003;13.02.2024;1053.4163;26334;210;77;74;2024-02-13 01:42:00 UTC
google;goog_camp_002;goog_adset_003;goog_ad_003;13.02.2024;1056.0003;26399;211;77;74;2024-02-13 09:02:59 UTC
google;goog_camp_002;goog_adset_003;goog_ad_003;13.02.2024;1058.5843;26464;211;77;74;2024-02-13 16:41:59 UTC
google;goog_camp_002;goog_adset_003;goog_ad_003;13.02.2024;1061.1683;26529;212;78;75;2024-02-14 00:08:59 UTC
google;goog_camp_002;goog_adset_003;goog_ad_003;14.02.2024;1067.158;26678;213;78;75;2024-02-14 03:38:00 UTC
google;goog_camp_002;goog_adset_003;goog_ad_003;14.02.2024;1073.1476;26828;214;78;75;2024-02-14 08:40:29 UTC
google;goog_camp_002;goog_adset_003;goog_ad_003;14.02.2024;1079.1373;26977;215;79;76;2024-02-14 13:50:59 UTC
google;goog_camp_002;goog_adset_003;goog_ad_003;14.02.2024;1085.1269;27127;216;79;76;2024-02-14 19:04:29 UTC
google;goog_camp_002;goog_adset_003;goog_ad_003;14.02.2024;1091.1166;27277;218;80;77;2024-02-15 00:10:59 UTC
google;goog_camp_002;goog_adset_003;goog_ad_003;15.02.2024;1099.1941;27479;219;80;77;2024-02-15 02:10:00 UTC
google;goog_camp_002;goog_adset_003;goog_ad_003;15.02.2024;1107.2717;27681;221;81;78;2024-02-15 13:04:29 UTC
google;goog_camp_002;goog_adset_003;goog_ad_003;15.02.2024;1115.3492;27883;223;82;79;2024-02-16 00:14:59 UTC
google;goog_camp_002;goog_adset_003;goog_ad_003;16.02.2024;1123.837;28095;224;82;79;2024-02-16 01:35:00 UTC
google;goog_camp_002;goog_adset_003;goog_ad_003;16.02.2024;1132.3249;28307;226;83;79;2024-02-16 12:46:59 UTC
google;goog_camp_002;goog_adset_003;goog_ad_003;16.02.2024;1140.8127;28520;228;84;80;2024-02-17 00:06:59 UTC
google;goog_camp_002;goog_adset_003;goog_ad_003;17.02.2024;1144.431;28610;228;84;80;2024-02-17 03:47:00 UTC
google;goog_camp_002;goog_adset_003;goog_ad_003;17.02.2024;1148.0494;28701;229;84;80;2024-02-17 07:53:59 UTC
google;goog_camp_002;goog_adset_003;goog_ad_003;17.02.2024;1151.6678;28791;230;85;81;2024-02-17 11:49:59 UTC
google;goog_camp_002;goog_adset_003;goog_ad_003;17.02.2024;1155.2861;28882;230;85;81;2024-02-17 16:04:59 UTC
google;goog_camp_002;goog_adset_003;goog_ad_003;17.02.2024;1158.9044;28972;231;85;81;2024-02-17 20:04:59 UTC
google;goog_camp_002;goog_adset_003;goog_ad_003;17.02.2024;1162.5228;29063;232;86;82;2024-02-18 00:08:59 UTC
google;goog_camp_002;goog_adset_003;goog_ad_003;18.02.2024;1164.3114;29107;232;86;82;2024-02-18 01:42:00 UTC
google;goog_camp_002;goog_adset_003;goog_ad_003;18.02.2024;1166.1;29152;232;86;82;2024-02-18 07:08:14 UTC
google;goog_camp_002;goog_adset_003;goog_ad_003;18.02.2024;1167.8886;29196;233;86;82;2024-02-18 12:48:29 UTC
google;goog_camp_002;goog_adset_003;goog_ad_003;18.02.2024;1169.6772;29241;233;86;82;2024-02-18 18:23:44 UTC
google;goog_camp_002;goog_adset_003;goog_ad_003;18.02.2024;1171.4658;29286;234;86;83;2024-02-19 00:08:59 UTC
google;goog_camp_002;goog_adset_003;goog_ad_003;19.02.2024;1173.2232;29330;234;86;83;2024-02-19 01:51:00 UTC
google;goog_camp_002;goog_adset_003;goog_ad_003;19.02.2024;1174.9805;29374;234;86;83;2024-02-19 06:20:35 UTC
google;goog_camp_002;goog_adset_003;goog_ad_003;19.02.2024;1176.7378;29418;235;86;83;2024-02-19 10:50:11 UTC
google;goog_camp_002;goog_adset_003;goog_ad_003;19.02.2024;1178.4952;29462;235;86;83;2024-02-19 15:07:47 UTC
google;goog_camp_002;goog_adset_003;goog_ad_003;19.02.2024;1180.2526;29506;235;86;83;2024-02-19 19:37:23 UTC
google;goog_camp_002;goog_adset_003;goog_ad_003;19.02.2024;1182.0099;29550;236;87;83;2024-02-20 00:06:59 UTC
google;goog_camp_002;goog_adset_003;goog_ad_003;20.02.2024;1186.019;29650;236;87;83;2024-02-20 01:04:00 UTC
google;goog_camp_002;goog_adset_003;goog_ad_003;20.02.2024;1190.028;29750;237;87;84;2024-02-20 08:42:39 UTC
google;goog_camp_002;goog_adset_003;goog_ad_003;20.02.2024;1194.0371;29850;238;87;84;2024-02-20 16:25:19 UTC
google;goog_camp_002;goog_adset_003;goog_ad_003;20.02.2024;1198.0462;29951;239;88;85;2024-02-21 00:05:59 UTC
google;goog_camp_002;goog_adset_003;goog_ad_003;21.02.2024;1201.3959;30034;239;88;85;2024-02-21 03:11:00 UTC
google;goog_camp_002;goog_adset_003;goog_ad_003;21.02.2024;1204.7456;30118;240;88;85;2024-02-21 07:32:59 UTC
google;goog_camp_002;goog_adset_003;goog_ad_003;21.02.2024;1208.0953;30202;241;89;85;2024-02-21 11:35:59 UTC
google;goog_camp_002;goog_adset_003;goog_ad_003;21.02.2024;1211.445;30285;241;89;85;2024-02-21 15:50:59 UTC
google;goog_camp_002;goog_adset_003;goog_ad_003;21.02.2024;1214.7947;30369;242;89;85;2024-02-21 19:56:59 UTC
google;goog_camp_002;goog_adset_003;goog_ad_003;21.02.2024;1218.1444;30453;243;90;86;2024-02-22 00:03:59 UTC
google;goog_camp_002;goog_adset_003;goog_ad_003;22.02.2024;1224.3871;30609;244;90;86;2024-02-22 00:08:00 UTC
google;goog_camp_002;goog_adset_003;goog_ad_003;22.02.2024;1230.6298;30765;245;90;86;2024-02-22 06:10:29 UTC
google;goog_camp_002;goog_adset_003;goog_ad_003;22.02.2024;1236.8725;30921;246;91;87;2024-02-22 12:12:59 UTC
google;goog_camp_002;goog_adset_003;goog_ad_003;22.02.2024;1243.1152;31077;247;91;87;2024-02-22 18:14:29 UTC
google;goog_camp_002;goog_adset_003;goog_ad_003;22.02.2024;1249.3579;31233;249;92;88;2024-02-23 00:13:59 UTC
google;goog_camp_002;goog_adset_003;goog_ad_003;23.02.2024;1262.484;31561;251;93;89;2024-02-23 00:20:00 UTC
google;goog_camp_002;goog_adset_003;goog_ad_003;23.02.2024;1275.6101;31889;254;94;90;2024-02-23 06:14:14 UTC
google;goog_camp_002;goog_adset_003;goog_ad_003;23.02.2024;1288.7362;32217;256;95;91;2024-02-23 12:16:29 UTC
google;goog_camp_002;goog_adset_003;goog_ad_003;23.02.2024;1301.8623;32545;259;96;92;2024-02-23 18:05:44 UTC
google;goog_camp_002;goog_adset_003;goog_ad_003;23.02.2024;1314.9884;32874;262;97;93;2024-02-24 00:01:59 UTC
google;goog_camp_002;goog_adset_003;goog_ad_003;24.02.2024;1320.7605;33018;263;97;93;2024-02-24 01:03:00 UTC
google;goog_camp_002;goog_adset_003;goog_ad_003;24.02.2024;1326.5326;33162;264;98;94;2024-02-24 08:36:59 UTC
google;goog_camp_002;goog_adset_003;goog_ad_003;24.02.2024;1332.3047;33306;265;98;94;2024-02-24 16:19:59 UTC
google;goog_camp_002;goog_adset_003;goog_ad_003;24.02.2024;1338.0768;33451;267;99;95;2024-02-25 00:08:59 UTC
google;goog_camp_002;goog_adset_003;goog_ad_003;25.02.2024;1345.783;33643;268;99;95;2024-02-25 00:20:00 UTC
google;goog_camp_002;goog_adset_003;goog_ad_003;25.02.2024;1353.4891;33836;270;100;96;2024-02-25 08:11:59 UTC
google;goog_camp_002;goog_adset_003;goog_ad_003;25.02.2024;1361.1953;34029;271;100;96;2024-02-25 16:14:59 UTC
google;goog_camp_002;goog_adset_003;goog_ad_003;25.02.2024;1368.9015;34222;273;101;97;2024-02-26 00:09:59 UTC
google;goog_camp_002;goog_adset_003;goog_ad_003;26.02.2024;1380.8633;34521;275;101;97;2024-02-26 03:03:00 UTC
google;goog_camp_002;goog_adset_003;goog_ad_003;26.02.2024;1392.8252;34820;277;102;98;2024-02-26 13:36:59 UTC
google;goog_camp_002;goog_adset_003;goog_ad_003;26.02.2024;1404.787;35119;280;103;99;2024-02-27 00:01:59 UTC
google;goog_camp_002;goog_adset_003;goog_ad_003;27.02.2024;1411.2625;35281;281;103;99;2024-02-27 00:35:00 UTC
google;goog_camp_002;goog_adset_003;goog_ad_003;27.02.2024;1417.738;35443;282;104;100;2024-02-27 06:21:29 UTC
google;goog_camp_002;goog_adset_003;goog_ad_003;27.02.2024;1424.2134;35605;284;104;100;2024-02-27 12:17:59 UTC
google;goog_camp_002;goog_adset_003;goog_ad_003;27.02.2024;1430.6889;35767;285;105;101;2024-02-27 18:14:29 UTC
google;goog_camp_002;goog_adset_003;goog_ad_003;27.02.2024;1437.1644;35929;287;106;102;2024-02-28 00:03:59 UTC
google;goog_camp_002;goog_adset_003;goog_ad_003;28.02.2024;1438.8906;35972;287;106;102;2024-02-28 03:52:00 UTC
google;goog_camp_002;goog_adset_003;goog_ad_003;28.02.2024;1440.6168;36015;287;106;102;2024-02-28 08:52:29 UTC
google;goog_camp_002;goog_adset_003;goog_ad_003;28.02.2024;1442.343;36058;288;106;102;2024-02-28 14:04:59 UTC
google;goog_camp_002;goog_adset_003;goog_ad_003;28.02.2024;1444.0692;36101;288;106;102;2024-02-28 19:07:29 UTC
google;goog_camp_002;goog_adset_003;goog_ad_003;28.02.2024;1445.7954;36144;289;106;102;2024-02-29 00:01:59 UTC
google;goog_camp_002;goog_adset_003;goog_ad_003;29.02.2024;1455.3405;36382;290;106;102;2024-02-29 04:09:00 UTC
google;goog_camp_002;goog_adset_003;goog_ad_003;29.02.2024;1464.8855;36621;292;107;103;2024-02-29 09:06:44 UTC
google;goog_camp_002;goog_adset_003;goog_ad_003;29.02.2024;1474.4306;36860;294;108;104;2024-02-29 14:00:29 UTC
google;goog_camp_002;goog_adset_003;goog_ad_003;29.02.2024;1483.9756;37099;296;109;105;2024-02-29 19:08:14 UTC
google;goog_camp_002;goog_adset_003;goog_ad_003;29.02.2024;1493.5207;37338;298;110;106;2024-03-01 00:12:59 UTC
google;goog_camp_002;goog_adset_003;goog_ad_003;01.03.2024;1504.2282;37605;300;110;106;2024-03-01 00:50:00 UTC
google;goog_camp_002;goog_adset_003;goog_ad_003;01.03.2024;1514.9358;37873;302;111;107;2024-03-01 08:31:39 UTC
google;goog_camp_002;goog_adset_003;goog_ad_003;01.03.2024;1525.6433;38140;304;112;108;2024-03-01 16:20:19 UTC
google;goog_camp_002;goog_adset_003;goog_ad_003;01.03.2024;1536.3508;38408;307;113;109;2024-03-02 00:09:59 UTC
google;goog_camp_002;goog_adset_003;goog_ad_003;02.03.2024;1543.5133;38587;308;113;109;2024-03-02 02:13:00 UTC
google;goog_camp_002;goog_adset_003;goog_ad_003;02.03.2024;1550.6757;38766;309;114;109;2024-03-02 13:15:59 UTC
google;goog_camp_002;goog_adset_003;goog_ad_003;02.03.2024;1557.8382;38945;311;115;110;2024-03-03 00:07:59 UTC
google;goog_camp_002;goog_adset_003;goog_ad_003;03.03.2024;1560.8775;39021;311;115;110;2024-03-03 00:49:00 UTC
google;goog_camp_002;goog_adset_003;goog_ad_003;03.03.2024;1563.9167;39097;312;115;110;2024-03-03 12:37:29 UTC
google;goog_camp_002;goog_adset_003;goog_ad_003;03.03.2024;1566.956;39173;313;115;111;2024-03-04 00:03:59 UTC
google;goog_camp_002;goog_adset_003;goog_ad_003;04.03.2024;1571.9194;39297;314;115;111;2024-03-04 01:41:00 UTC
google;goog_camp_002;goog_adset_003;goog_ad_003;04.03.2024;1576.8828;39421;315;116;111;2024-03-04 09:13:19 UTC
google;goog_camp_002;goog_adset_003;goog_ad_003;04.03.2024;1581.8461;39545;316;116;111;2024-03-04 16:40:39 UTC
google;goog_camp_002;goog_adset_003;goog_ad_003;04.03.2024;1586.8095;39670;317;117;112;2024-03-05 00:10:59 UTC
google;goog_camp_002;goog_adset_003;goog_ad_003;05.03.2024;1587.6343;39690;317;117;112;2024-03-05 03:53:00 UTC
google;goog_camp_002;goog_adset_003;goog_ad_003;05.03.2024;1588.4591;39711;317;117;112;2024-03-05 08:58:29 UTC
google;goog_camp_002;goog_adset_003;goog_ad_003;05.03.2024;1589.2838;39731;317;117;112;2024-03-05 13:59:59 UTC
google;goog_camp_002;goog_adset_003;goog_ad_003;05.03.2024;1590.1086;39752;317;117;112;2024-03-05 19:03:29 UTC
google;goog_camp_002;goog_adset_003;goog_ad_003;05.03.2024;1590.9334;39773;318;117;112;2024-03-06 00:09:59 UTC
google;goog_camp_002;goog_adset_003;goog_ad_003;06.03.2024;1599.5823;39989;319;117;112;2024-03-06 01:09:00 UTC
google;goog_camp_002;goog_adset_003;goog_ad_003;06.03.2024;1608.2311;40205;321;118;113;2024-03-06 05:46:35 UTC
google;goog_camp_002;goog_adset_003;goog_ad_003;06.03.2024;1616.88;40421;323;119;114;2024-03-06 10:21:11 UTC
google;goog_camp_002;goog_adset_003;goog_ad_003;06.03.2024;1625.5289;40637;324;119;114;2024-03-06 14:53:47 UTC
google;goog_camp_002;goog_adset_003;goog_ad_003;06.03.2024;1634.1777;40853;326;120;115;2024-03-06 19:27:23 UTC
google;goog_camp_002;goog_adset_003;goog_ad_003;06.03.2024;1642.8266;41070;328;121;116;2024-03-07 00:03:59 UTC
google;goog_camp_002;goog_adset_003;goog_ad_003;07.03.2024;1646.6308;41165;328;121;116;2024-03-07 01:47:00 UTC
google;goog_camp_002;goog_adset_003;goog_ad_003;07.03.2024;1650.4349;41260;329;121;116;2024-03-07 12:55:59 UTC
google;goog_camp_002;goog_adset_003;goog_ad_003;07.03.2024;1654.2391;41355;330;122;117;2024-03-08 00:01:59 UTC
google;goog_camp_002;goog_adset_003;goog_ad_003;08.03.2024;1659.3673;41483;331;122;117;2024-03-08 02:03:00 UTC
google;goog_camp_002;goog_adset_003;goog_ad_003;08.03.2024;1664.4954;41611;332;122;117;2024-03-08 12:59:29 UTC
google;goog_camp_002;goog_adset_003;goog_ad_003;08.03.2024;1669.6236;41740;333;123;118;2024-03-09 00:08:59 UTC
google;goog_camp_002;goog_adset_003;goog_ad_003;09.03.2024;1686.1149;42152;336;124;119;2024-03-09 03:14:00 UTC
google;goog_camp_002;goog_adset_003;goog_ad_003;09.03.2024;1702.6061;42564;339;125;120;2024-03-09 13:38:59 UTC
google;goog_camp_002;goog_adset_003;goog_ad_003;09.03.2024;1719.0974;42977;343;127;122;2024-03-10 00:02:59 UTC
google;goog_camp_002;goog_adset_003;goog_ad_003;10.03.2024;1728.2191;43205;344;127;122;2024-03-10 01:09:00 UTC
google;goog_camp_002;goog_adset_003;goog_ad_003;10.03.2024;1737.3407;43433;346;128;123;2024-03-10 06:57:59 UTC
google;goog_camp_002;goog_adset_003;goog_ad_003;10.03.2024;1746.4624;43661;348;128;123;2024-03-10 12:37:59 UTC
google;goog_camp_002;goog_adset_003;goog_ad_003;10.03.2024;1755.584;43889;350;129;124;2024-03-10 18:21:59 UTC
google;goog_camp_002;goog_adset_003;goog_ad_003;10.03.2024;1764.7057;44117;352;130;125;2024-03-11 00:01:59 UTC
google;goog_camp_002;goog_adset_003;goog_ad_003;11.03.2024;1773.0171;44324;353;130;125;2024-03-11 01:58:00 UTC
google;goog_camp_002;goog_adset_003;goog_ad_003;11.03.2024;1781.3284;44532;355;131;126;2024-03-11 13:00:29 UTC
google;goog_camp_002;goog_adset_003;goog_ad_003;11.03.2024;1789.6398;44740;357;132;127;2024-03-12 00:04:59 UTC
google;goog_camp_002;goog_adset_003;goog_ad_003;12.03.2024;1799.1506;44977;359;132;127;2024-03-12 03:03:00 UTC
google;goog_camp_002;goog_adset_003;goog_ad_003;12.03.2024;1808.6614;45215;361;133;128;2024-03-12 07:10:23 UTC
google;goog_camp_002;goog_adset_003;goog_ad_003;12.03.2024;1818.1722;45453;363;134;129;2024-03-12 11:27:47 UTC
google;goog_camp_002;goog_adset_003;goog_ad_003;12.03.2024;1827.6829;45691;365;134;129;2024-03-12 15:46:11 UTC
google;goog_camp_002;goog_adset_003;goog_ad_003;12.03.2024;1837.1937;45929;367;135;130;2024-03-12 19:48:35 UTC
google;goog_camp_002;goog_adset_003;goog_ad_003;12.03.2024;1846.7045;46167;369;136;131;2024-03-13 00:01:59 UTC
google;goog_camp_002;goog_adset_003;goog_ad_003;13.03.2024;1848.1008;46202;369;136;131;2024-03-13 00:37:00 UTC
google;goog_camp_002;goog_adset_003;goog_ad_003;13.03.2024;1849.497;46237;369;136;131;2024-03-13 05:11:23 UTC
google;goog_camp_002;goog_adset_003;goog_ad_003;13.03.2024;1850.8932;46272;370;136;131;2024-03-13 09:56:47 UTC
google;goog_camp_002;goog_adset_003;goog_ad_003;13.03.2024;1852.2895;46307;370;136;131;2024-03-13 14:40:11 UTC
google;goog_camp_002;goog_adset_003;goog_ad_003;13.03.2024;1853.6858;46342;370;136;131;2024-03-13 19:30:35 UTC
google;goog_camp_002;goog_adset_003;goog_ad_003;13.03.2024;1855.082;46377;371;137;131;2024-03-14 00:09:59 UTC
google;goog_camp_002;goog_adset_003;goog_ad_003;14.03.2024;1861.3179;46532;372;137;131;2024-03-14 03:32:00 UTC
google;goog_camp_002;goog_adset_003;goog_ad_003;14.03.2024;1867.5538;46688;373;138;132;2024-03-14 10:29:19 UTC
google;goog_camp_002;goog_adset_003;goog_ad_003;14.03.2024;1873.7896;46844;374;138;132;2024-03-14 17:17:39 UTC
google;goog_camp_002;goog_adset_003;goog_ad_003;14.03.2024;1880.0255;47000;376;139;133;2024-03-15 00:05:59 UTC
google;goog_camp_002;goog_adset_003;goog_ad_003;15.03.2024;1881.7141;47042;376;139;133;2024-03-15 00:50:00 UTC
google;goog_camp_002;goog_adset_003;goog_ad_003;15.03.2024;1883.4026;47084;376;139;133;2024-03-15 06:41:14 UTC
google;goog_camp_002;goog_adset_003;goog_ad_003;15.03.2024;1885.0912;47126;376;139;133;2024-03-15 12:29:29 UTC
google;goog_camp_002;goog_adset_003;goog_ad_003;15.03.2024;1886.7797;47168;376;139;133;2024-03-15 18:15:44 UTC
google;goog_camp_002;goog_adset_003;goog_ad_003;15.03.2024;1888.4683;47211;377;139;134;2024-03-16 00:14:59 UTC
google;goog_camp_002;goog_adset_003;goog_ad_003;16.03.2024;1902.1639;47553;379;140;134;2024-03-16 01:00:00 UTC
google;goog_camp_002;goog_adset_003;goog_ad_003;16.03.2024;1915.8594;47895;382;141;135;2024-03-16 12:27:29 UTC
google;goog_camp_002;goog_adset_003;goog_ad_003;16.03.2024;1929.555;48238;385;142;136;2024-03-17 00:11:59 UTC
google;goog_camp_002;goog_adset_003;goog_ad_003;17.03.2024;1942.9273;48572;387;143;137;2024-03-17 01:56:00 UTC
google;goog_camp_002;goog_adset_003;goog_ad_003;17.03.2024;1956.2995;48906;390;144;138;2024-03-17 13:01:59 UTC
google;goog_camp_002;goog_adset_003;goog_ad_003;17.03.2024;1969.6718;49241;393;145;139;2024-03-18 00:06:59 UTC
google;goog_camp_002;goog_adset_003;goog_ad_003;18.03.2024;1984.602;49614;396;146;140;2024-03-18 03:56:00 UTC
google;goog_camp_002;goog_adset_003;goog_ad_003;18.03.2024;1999.5322;49987;399;147;141;2024-03-18 10:39:59 UTC
google;goog_camp_002;goog_adset_003;goog_ad_003;18.03.2024;2014.4624;50360;402;148;142;2024-03-18 17:24:59 UTC
google;goog_camp_002;goog_adset_003;goog_ad_003;18.03.2024;2029.3926;50734;405;150;144;2024-03-19 00:13:59 UTC
google;goog_camp_002;goog_adset_003;goog_ad_003;19.03.2024;2032.6249;50814;405;150;144;2024-03-19 00:30:00 UTC
google;goog_camp_002;goog_adset_003;goog_ad_003;19.03.2024;2035.8572;50895;406;150;144;2024-03-19 05:13:35 UTC
google;goog_camp_002;goog_adset_003;goog_ad_003;19.03.2024;2039.0896;50976;407;150;144;2024-03-19 10:00:11 UTC
google;goog_camp_002;goog_adset_003;goog_ad_003;19.03.2024;2042.3219;51057;407;150;144;2024-03-19 14:41:47 UTC
google;goog_camp_002;goog_adset_003;goog_ad_003;19.03.2024;2045.5542;51138;408;150;144;2024-03-19 19:31:23 UTC
google;goog_camp_002;goog_adset_003;goog_ad_003;19.03.2024;2048.7865;51219;409;151;145;2024-03-20 00:13:59 UTC
google;goog_camp_002;goog_adset_003;goog_ad_003;20.03.2024;2060.5629;51513;411;151;145;2024-03-20 00:08:00 UTC
google;goog_camp_002;goog_adset_003;goog_ad_003;20.03.2024;2072.3392;51808;413;152;146;2024-03-20 05:03:59 UTC
google;goog_camp_002;goog_adset_003;goog_ad_003;20.03.2024;2084.1156;52102;416;153;147;2024-03-20 09:40:59 UTC
google;goog_camp_002;goog_adset_003;goog_ad_003;20.03.2024;2095.892;52397;418;154;148;2024-03-20 14:40:59 UTC
google;goog_camp_002;goog_adset_003;goog_ad_003;20.03.2024;2107.6683;52691;420;155;149;2024-03-20 19:27:59 UTC
google;goog_camp_002;goog_adset_003;goog_ad_003;20.03.2024;2119.4447;52986;423;156;150;2024-03-21 00:06:59 UTC
google;goog_camp_002;goog_adset_003;goog_ad_003;21.03.2024;2120.7442;53018;423;156;150;2024-03-21 01:31:00 UTC
google;goog_camp_002;goog_adset_003;goog_ad_003;21.03.2024;2122.0437;53051;423;156;150;2024-03-21 05:57:59 UTC
google;goog_camp_002;goog_adset_003;goog_ad_003;21.03.2024;2123.3431;53083;424;156;150;2024-03-21 10:32:59 UTC
google;goog_camp_002;goog_adset_003;goog_ad_003;21.03.2024;2124.6426;53116;424;156;150;2024-03-21 15:03:59 UTC
google;goog_camp_002;goog_adset_003;goog_ad_003;21.03.2024;2125.9421;53148;424;156;150;2024-03-21 19:38:59 UTC
google;goog_camp_002;goog_adset_003;goog_ad_003;21.03.2024;2127.2416;53181;425;157;151;2024-03-22 00:07:59 UTC
google;goog_camp_002;goog_adset_003;goog_ad_003;22.03.2024;2131.8916;53297;426;157;151;2024-03-22 03:12:00 UTC
google;goog_camp_002;goog_adset_003;goog_ad_003;22.03.2024;2136.5416;53413;427;157;151;2024-03-22 10:12:39 UTC
google;goog_camp_002;goog_adset_003;goog_ad_003;22.03.2024;2141.1915;53529;428;157;151;2024-03-22 17:03:19 UTC
google;goog_camp_002;goog_adset_003;goog_ad_003;22.03.2024;2145.8415;53646;429;158;152;2024-03-23 00:08:59 UTC
google;goog_camp_002;goog_adset_003;goog_ad_003;23.03.2024;2147.8579;53696;429;158;152;2024-03-23 03:20:00 UTC
google;goog_camp_002;goog_adset_003;goog_ad_003;23.03.2024;2149.8743;53746;429;158;152;2024-03-23 10:09:59 UTC
google;goog_camp_002;goog_adset_003;goog_ad_003;23.03.2024;2151.8907;53796;429;158;152;2024-03-23 17:08:59 UTC
google;goog_camp_002;goog_adset_003;goog_ad_003;23.03.2024;2153.9071;53847;430;159;152;2024-03-24 00:09:59 UTC
google;goog_camp_002;goog_adset_003;goog_ad_003;24.03.2024;2161.4063;54034;431;159;152;2024-03-24 03:18:00 UTC
google;goog_camp_002;goog_adset_003;goog_ad_003;24.03.2024;2168.9054;54222;433;160;153;2024-03-24 13:44:29 UTC
google;goog_camp_002;goog_adset_003;goog_ad_003;24.03.2024;2176.4046;54410;435;161;154;2024-03-25 00:05:59 UTC
google;goog_camp_002;goog_adset_003;goog_ad_003;25.03.2024;2177.861;54446;435;161;154;2024-03-25 03:14:00 UTC
google;goog_camp_002;goog_adset_003;goog_ad_003;25.03.2024;2179.3174;54482;435;161;154;2024-03-25 07:26:23 UTC
google;goog_camp_002;goog_adset_003;goog_ad_003;25.03.2024;2180.7738;54519;436;161;154;2024-03-25 11:45:47 UTC
google;goog_camp_002;goog_adset_003;goog_ad_003;25.03.2024;2182.2302;54555;436;161;154;2024-03-25 15:42:11 UTC
google;goog_camp_002;goog_adset_003;goog_ad_003;25.03.2024;2183.6866;54591;436;161;154;2024-03-25 20:03:35 UTC
google;goog_camp_002;goog_adset_003;goog_ad_003;25.03.2024;2185.143;54628;437;161;155;2024-03-26 00:10:59 UTC
google;goog_camp_002;goog_adset_003;goog_ad_003;26.03.2024;2192.0034;54799;438;161;155;2024-03-26 02:27:00 UTC
google;goog_camp_002;goog_adset_003;goog_ad_003;26.03.2024;2198.8638;54971;439;162;156;2024-03-26 06:39:47 UTC
google;goog_camp_002;goog_adset_003;goog_ad_003;26.03.2024;2205.7243;55142;441;162;156;2024-03-26 10:59:35 UTC
google;goog_camp_002;goog_adset_003;goog_ad_003;26.03.2024;2212.5847;55314;442;163;157;2024-03-26 15:21:23 UTC
google;goog_camp_002;goog_adset_003;goog_ad_003;26.03.2024;2219.4451;55485;443;163;157;2024-03-26 19:41:11 UTC
google;goog_camp_002;goog_adset_003;goog_ad_003;26.03.2024;2226.3055;55657;445;164;158;2024-03-27 00:04:59 UTC
google;goog_camp_002;goog_adset_003;goog_ad_003;27.03.2024;2230.8806;55771;445;164;158;2024-03-27 00:33:00 UTC
google;goog_camp_002;goog_adset_003;goog_ad_003;27.03.2024;2235.4556;55885;446;164;158;2024-03-27 05:15:11 UTC
google;goog_camp_002;goog_adset_003;goog_ad_003;27.03.2024;2240.0307;56000;447;165;159;2024-03-27 09:55:23 UTC
google;goog_camp_002;goog_adset_003;goog_ad_003;27.03.2024;2244.6058;56114;448;165;159;2024-03-27 14:45:35 UTC
google;goog_camp_002;goog_adset_003;goog_ad_003;27.03.2024;2249.1808;56228;449;165;159;2024-03-27 19:22:47 UTC
google;goog_camp_002;goog_adset_003;goog_ad_003;27.03.2024;2253.7559;56343;450;166;160;2024-03-28 00:08:59 UTC
google;goog_camp_002;goog_adset_003;goog_ad_003;28.03.2024;2255.551;56388;450;166;160;2024-03-28 02:25:00 UTC
google;goog_camp_002;goog_adset_003;goog_ad_003;28.03.2024;2257.3462;56433;451;166;160;2024-03-28 09:28:19 UTC
google;goog_camp_002;goog_adset_003;goog_ad_003;28.03.2024;2259.1413;56478;451;166;160;2024-03-28 16:45:39 UTC
google;goog_camp_002;goog_adset_003;goog_ad_003;28.03.2024;2260.9364;56523;452;167;160;2024-03-29 00:14:59 UTC
google;goog_camp_002;goog_adset_003;goog_ad_003;29.03.2024;2266.743;56668;453;167;160;2024-03-29 02:53:00 UTC
google;goog_camp_002;goog_adset_003;goog_ad_003;29.03.2024;2272.5495;56813;454;167;161;2024-03-29 07:05:23 UTC
google;goog_camp_002;goog_adset_003;goog_ad_003;29.03.2024;2278.3561;56958;455;168;161;2024-03-29 11:20:47 UTC
google;goog_camp_002;goog_adset_003;goog_ad_003;29.03.2024;2284.1627;57103;456;168;162;2024-03-29 15:37:11 UTC
google;goog_camp_002;goog_adset_003;goog_ad_003;29.03.2024;2289.9692;57248;457;168;162;2024-03-29 19:52:35 UTC
google;goog_camp_002;goog_adset_003;goog_ad_003;29.03.2024;2295.7758;57394;459;169;163;2024-03-30 00:07:59 UTC
google;goog_camp_002;goog_adset_003;goog_ad_003;30.03.2024;2304.8485;57620;460;169;163;2024-03-30 01:51:00 UTC
google;goog_camp_002;goog_adset_003;goog_ad_003;30.03.2024;2313.9212;57847;462;170;164;2024-03-30 06:17:11 UTC
google;goog_camp_002;goog_adset_003;goog_ad_003;30.03.2024;2322.9938;58074;464;171;164;2024-03-30 10:53:23 UTC
google;goog_camp_002;goog_adset_003;goog_ad_003;30.03.2024;2332.0665;58301;466;171;165;2024-03-30 15:17:35 UTC
google;goog_camp_002;goog_adset_003;goog_ad_003;30.03.2024;2341.1392;58528;468;172;165;2024-03-30 19:42:47 UTC
google;goog_camp_002;goog_adset_003;goog_ad_003;30.03.2024;2350.2119;58755;470;173;166;2024-03-31 00:06:59 UTC
google;goog_camp_002;goog_adset_003;goog_ad_003;31.03.2024;2360.0007;58999;471;174;166;2024-03-31 01:16:00 UTC
google;goog_camp_002;goog_adset_003;goog_ad_003;31.03.2024;2369.7896;59244;473;175;167;2024-03-31 12:42:59 UTC
google;goog_camp_002;goog_adset_003;goog_ad_003;31.03.2024;2379.5784;59489;475;176;168;2024-04-01 00:09:59 UTC
google;goog_camp_002;goog_adset_003;goog_ad_003;01.04.2024;2380.894;59522;475;176;168;2024-04-01 02:56:00 UTC
google;goog_camp_002;goog_adset_003;goog_ad_003;01.04.2024;2382.2096;59555;475;176;168;2024-04-01 09:59:59 UTC
google;goog_camp_002;goog_adset_003;goog_ad_003;01.04.2024;2383.5252;59588;475;176;168;2024-04-01 17:05:59 UTC
google;goog_camp_002;goog_adset_003;goog_ad_003;01.04.2024;2384.8408;59621;476;176;169;2024-04-02 00:13:59 UTC
google;goog_camp_002;goog_adset_003;goog_ad_003;02.04.2024;2388.2898;59707;476;176;169;2024-04-02 00:24:00 UTC
google;goog_camp_002;goog_adset_003;goog_ad_003;02.04.2024;2391.7389;59793;477;176;169;2024-04-02 06:14:44 UTC
google;goog_camp_002;goog_adset_003;goog_ad_003;02.04.2024;2395.1879;59879;478;176;169;2024-04-02 12:19:29 UTC
google;goog_camp_002;goog_adset_003;goog_ad_003;02.04.2024;2398.637;59965;479;176;169;2024-04-02 18:05:14 UTC
google;goog_camp_002;goog_adset_003;goog_ad_003;02.04.2024;2402.086;60052;480;177;170;2024-04-03 00:07:59 UTC
google;goog_camp_002;goog_adset_003;goog_ad_003;03.04.2024;2408.498;60212;481;177;170;2024-04-03 01:01:00 UTC
google;goog_camp_002;goog_adset_003;goog_ad_003;03.04.2024;2414.91;60372;482;178;170;2024-04-03 06:44:29 UTC
google;goog_camp_002;goog_adset_003;goog_ad_003;03.04.2024;2421.3221;60532;483;178;171;2024-04-03 12:29:59 UTC
google;goog_camp_002;goog_adset_003;goog_ad_003;03.04.2024;2427.7341;60692;484;179;171;2024-04-03 18:21:29 UTC
google;goog_camp_002;goog_adset_003;goog_ad_003;03.04.2024;2434.1461;60853;486;180;172;2024-04-04 00:11:59 UTC
google;goog_camp_002;goog_adset_003;goog_ad_003;04.04.2024;2439.4714;60986;487;180;172;2024-04-04 04:07:00 UTC
google;goog_camp_002;goog_adset_003;goog_ad_003;04.04.2024;2444.7967;61119;488;180;172;2024-04-04 13:59:29 UTC
google;goog_camp_002;goog_adset_003;goog_ad_003;04.04.2024;2450.122;61253;490;181;173;2024-04-05 00:10:59 UTC
google;goog_camp_002;goog_adset_003;goog_ad_003;05.04.2024;2451.4057;61285;490;181;173;2024-04-05 00:06:00 UTC
google;goog_camp_002;goog_adset_003;goog_ad_003;05.04.2024;2452.6894;61317;490;181;173;2024-04-05 05:01:35 UTC
google;goog_camp_002;goog_adset_003;goog_ad_003;05.04.2024;2453.9731;61349;490;181;173;2024-04-05 09:41:11 UTC
google;goog_camp_002;goog_adset_003;goog_ad_003;05.04.2024;2455.2569;61381;490;181;173;2024-04-05 14:31:47 UTC
google;goog_camp_002;goog_adset_003;goog_ad_003;05.04.2024;2456.5406;61413;490;181;173;2024-04-05 19:24:23 UTC
google;goog_camp_002;goog_adset_003;goog_ad_003;05.04.2024;2457.8243;61445;491;181;174;2024-04-06 00:08:59 UTC
google;goog_camp_002;goog_adset_003;goog_ad_003;06.04.2024;2468.9173;61722;493;182;174;2024-04-06 03:19:00 UTC
google;goog_camp_002;goog_adset_003;goog_ad_003;06.04.2024;2480.0103;61999;495;183;175;2024-04-06 10:12:39 UTC
google;goog_camp_002;goog_adset_003;goog_ad_003;06.04.2024;2491.1032;62276;497;184;176;2024-04-06 17:08:19 UTC
google;goog_camp_002;goog_adset_003;goog_ad_003;06.04.2024;2502.1962;62554;500;185;177;2024-04-07 00:10:59 UTC
google;goog_camp_002;goog_adset_003;goog_ad_003;07.04.2024;2507.34;62682;501;185;177;2024-04-07 02:58:00 UTC
google;goog_camp_002;goog_adset_003;goog_ad_003;07.04.2024;2512.4839;62811;502;185;177;2024-04-07 13:26:59 UTC
google;goog_camp_002;goog_adset_003;goog_ad_003;07.04.2024;2517.6277;62940;503;186;178;2024-04-08 00:04:59 UTC
google;goog_camp_002;goog_adset_003;goog_ad_003;08.04.2024;2528.5194;63212;505;186;178;2024-04-08 00:52:00 UTC
google;goog_camp_002;goog_adset_003;goog_ad_003;08.04.2024;2539.411;63484;507;187;179;2024-04-08 06:43:59 UTC
google;goog_camp_002;goog_adset_003;goog_ad_003;08.04.2024;2550.3027;63757;509;188;180;2024-04-08 12:29:59 UTC
google;goog_camp_002;goog_adset_003;goog_ad_003;08.04.2024;2561.1943;64029;511;189;181;2024-04-08 18:17:59 UTC
google;goog_camp_002;goog_adset_003;goog_ad_003;08.04.2024;2572.086;64302;514;190;182;2024-04-09 00:06:59 UTC
google;goog_camp_002;goog_adset_003;goog_ad_003;09.04.2024;2574.6048;64364;514;190;182;2024-04-09 03:02:00 UTC
google;goog_camp_002;goog_adset_003;goog_ad_003;09.04.2024;2577.1236;64427;514;190;182;2024-04-09 08:16:44 UTC
google;goog_camp_002;goog_adset_003;goog_ad_003;09.04.2024;2579.6424;64490;515;190;182;2024-04-09 13:35:29 UTC
google;goog_camp_002;goog_adset_003;goog_ad_003;09.04.2024;2582.1612;64553;515;190;182;2024-04-09 18:56:14 UTC
google;goog_camp_002;goog_adset_003;goog_ad_003;09.04.2024;2584.68;64616;516;191;183;2024-04-10 00:05:59 UTC
google;goog_camp_002;goog_adset_003;goog_ad_003;10.04.2024;2589.5846;64738;517;191;183;2024-04-10 01:36:00 UTC
google;goog_camp_002;goog_adset_003;goog_ad_003;10.04.2024;2594.4892;64861;518;191;183;2024-04-10 12:50:29 UTC
google;goog_camp_002;goog_adset_003;goog_ad_003;10.04.2024;2599.3938;64984;519;192;184;2024-04-11 00:02:59 UTC
google;goog_camp_002;goog_adset_003;goog_ad_003;11.04.2024;2602.3373;65057;519;192;184;2024-04-11 03:29:00 UTC
google;goog_camp_002;goog_adset_003;goog_ad_003;11.04.2024;2605.2808;65131;520;192;184;2024-04-11 10:29:59 UTC
google;goog_camp_002;goog_adset_003;goog_ad_003;11.04.2024;2608.2244;65205;521;192;184;2024-04-11 17:18:59 UTC
google;goog_camp_002;goog_adset_003;goog_ad_003;11.04.2024;2611.1679;65279;522;193;185;2024-04-12 00:11:59 UTC
google;goog_camp_002;goog_adset_003;goog_ad_003;12.04.2024;2614.0037;65349;522;193;185;2024-04-12 02:54:00 UTC
google;goog_camp_002;goog_adset_003;goog_ad_003;12.04.2024;2616.8395;65420;523;193;185;2024-04-12 07:14:11 UTC
google;goog_camp_002;goog_adset_003;goog_ad_003;12.04.2024;2619.6753;65491;523;193;185;2024-04-12 11:29:23 UTC
google;goog_camp_002;goog_adset_003;goog_ad_003;12.04.2024;2622.5111;65562;524;193;185;2024-04-12 15:43:35 UTC
google;goog_camp_002;goog_adset_003;goog_ad_003;12.04.2024;2625.3469;65633;524;193;185;2024-04-12 19:46:47 UTC
google;goog_camp_002;goog_adset_003;goog_ad_003;12.04.2024;2628.1827;65704;525;194;186;2024-04-13 00:01:59 UTC
google;goog_camp_002;goog_adset_003;goog_ad_003;13.04.2024;2637.2259;65930;527;194;186;2024-04-13 00:42:00 UTC
google;goog_camp_002;goog_adset_003;goog_ad_003;13.04.2024;2646.2692;66156;529;195;187;2024-04-13 12:30:29 UTC
google;goog_camp_002;goog_adset_003;goog_ad_003;13.04.2024;2655.3124;66382;531;196;188;2024-04-14 00:14:59 UTC
google;goog_camp_002;goog_adset_003;goog_ad_003;14.04.2024;2656.6603;66415;531;196;188;2024-04-14 00:43:00 UTC
google;goog_camp_002;goog_adset_003;goog_ad_003;14.04.2024;2658.0081;66449;531;196;188;2024-04-14 05:25:47 UTC
google;goog_camp_002;goog_adset_003;goog_ad_003;14.04.2024;2659.356;66483;531;196;188;2024-04-14 10:04:35 UTC
google;goog_camp_002;goog_adset_003;goog_ad_003;14.04.2024;2660.7039;66516;531;196;188;2024-04-14 14:51:23 UTC
google;goog_camp_002;goog_adset_003;goog_ad_003;14.04.2024;2662.0517;66550;531;196;188;2024-04-14 19:27:11 UTC
google;goog_camp_002;goog_adset_003;goog_ad_003;14.04.2024;2663.3996;66584;532;197;189;2024-04-15 00:01:59 UTC
google;goog_camp_002;goog_adset_003;goog_ad_003;15.04.2024;2664.5191;66612;532;197;189;2024-04-15 00:47:00 UTC
google;goog_camp_002;goog_adset_003;goog_ad_003;15.04.2024;2665.6386;66640;532;197;189;2024-04-15 05:35:35 UTC
google;goog_camp_002;goog_adset_003;goog_ad_003;15.04.2024;2666.7581;66668;533;197;189;2024-04-15 10:08:11 UTC
google;goog_camp_002;goog_adset_003;goog_ad_003;15.04.2024;2667.8776;66696;533;197;189;2024-04-15 14:44:47 UTC
google;goog_camp_002;goog_adset_003;goog_ad_003;15.04.2024;2668.9971;66724;533;197;189;2024-04-15 19:24:23 UTC
google;goog_camp_002;goog_adset_003;goog_ad_003;15.04.2024;2670.1166;66752;534;197;189;2024-04-16 00:12:59 UTC
google;goog_camp_002;goog_adset_003;goog_ad_003;16.04.2024;2670.6977;66766;534;197;189;2024-04-16 03:11:00 UTC
google;goog_camp_002;goog_adset_003;goog_ad_003;16.04.2024;2671.2787;66781;534;197;189;2024-04-16 07:31:35 UTC
google;goog_camp_002;goog_adset_003;goog_ad_003;16.04.2024;2671.8598;66796;534;197;189;2024-04-16 11:36:11 UTC
google;goog_camp_002;goog_adset_003;goog_ad_003;16.04.2024;2672.4409;66810;534;197;189;2024-04-16 15:40:47 UTC
google;goog_camp_002;goog_adset_003;goog_ad_003;16.04.2024;2673.0219;66825;534;197;189;2024-04-16 19:55:23 UTC
google;goog_camp_002;goog_adset_003;goog_ad_003;16.04.2024;2673.603;66840;534;197;189;2024-04-17 00:12:59 UTC
google;goog_camp_002;goog_adset_003;goog_ad_003;17.04.2024;2674.1032;66852;534;197;189;2024-04-17 04:12:00 UTC
google;goog_camp_002;goog_adset_003;goog_ad_003;17.04.2024;2674.6033;66865;534;197;189;2024-04-17 08:09:23 UTC
google;goog_camp_002;goog_adset_003;goog_ad_003;17.04.2024;2675.1034;66877;534;197;189;2024-04-17 12:10:47 UTC
google;goog_camp_002;goog_adset_003;goog_ad_003;17.04.2024;2675.6036;66890;534;197;189;2024-04-17 16:12:11 UTC
google;goog_camp_002;goog_adset_003;goog_ad_003;17.04.2024;2676.1038;66902;534;197;189;2024-04-17 20:11:35 UTC
google;goog_camp_002;goog_adset_003;goog_ad_003;17.04.2024;2676.6039;66915;535;198;190;2024-04-18 00:06:59 UTC
google;goog_camp_002;goog_adset_003;goog_ad_003;18.04.2024;2678.3799;66959;535;198;190;2024-04-18 02:54:00 UTC
google;goog_camp_002;goog_adset_003;goog_ad_003;18.04.2024;2680.1559;67003;535;198;190;2024-04-18 13:33:59 UTC
google;goog_camp_002;goog_adset_003;goog_ad_003;18.04.2024;2681.9319;67048;536;198;190;2024-04-19 00:04:59 UTC
google;goog_camp_002;goog_adset_003;goog_ad_003;19.04.2024;2684.4361;67110;536;198;190;2024-04-19 02:33:00 UTC
google;goog_camp_002;goog_adset_003;goog_ad_003;19.04.2024;2686.9403;67173;536;198;190;2024-04-19 07:59:14 UTC
google;goog_camp_002;goog_adset_003;goog_ad_003;19.04.2024;2689.4446;67235;537;198;190;2024-04-19 13:22:29 UTC
google;goog_camp_002;goog_adset_003;goog_ad_003;19.04.2024;2691.9488;67298;537;198;190;2024-04-19 18:49:44 UTC
google;goog_camp_002;goog_adset_003;goog_ad_003;19.04.2024;2694.453;67361;538;199;191;2024-04-20 00:06:59 UTC
google;goog_camp_002;goog_adset_003;goog_ad_003;20.04.2024;2700.0015;67499;539;199;191;2024-04-20 01:12:00 UTC
google;goog_camp_002;goog_adset_003;goog_ad_003;20.04.2024;2705.55;67638;540;200;191;2024-04-20 08:44:59 UTC
google;goog_camp_002;goog_adset_003;goog_ad_003;20.04.2024;2711.0985;67777;541;200;191;2024-04-20 16:19:59 UTC
google;goog_camp_002;goog_adset_003;goog_ad_003;20.04.2024;2716.647;67916;543;201;192;2024-04-21 00:00:59 UTC
google;goog_camp_002;goog_adset_003;goog_ad_003;21.04.2024;2725.3337;68133;544;201;192;2024-04-21 01:56:00 UTC
google;goog_camp_002;goog_adset_003;goog_ad_003;21.04.2024;2734.0204;68350;546;201;193;2024-04-21 13:08:59 UTC
google;goog_camp_002;goog_adset_003;goog_ad_003;21.04.2024;2742.7071;68567;548;202;194;2024-04-22 00:13:59 UTC
google;goog_camp_002;goog_adset_003;goog_ad_003;22.04.2024;2746.9942;68674;548;202;194;2024-04-22 02:20:00 UTC
google;goog_camp_002;goog_adset_003;goog_ad_003;22.04.2024;2751.2813;68781;549;202;194;2024-04-22 07:44:29 UTC
google;goog_camp_002;goog_adset_003;goog_ad_003;22.04.2024;2755.5684;68888;550;203;195;2024-04-22 13:08:59 UTC
google;goog_camp_002;goog_adset_003;goog_ad_003;22.04.2024;2759.8555;68995;551;203;195;2024-04-22 18:41:29 UTC
google;goog_camp_002;goog_adset_003;goog_ad_003;22.04.2024;2764.1426;69103;552;204;196;2024-04-23 00:06:59 UTC
google;goog_camp_002;goog_adset_003;goog_ad_003;23.04.2024;2776.7396;69418;554;205;196;2024-04-23 03:54:00 UTC
google;goog_camp_002;goog_adset_003;goog_ad_003;23.04.2024;2789.3366;69733;557;206;197;2024-04-23 10:48:19 UTC
google;goog_camp_002;goog_adset_003;goog_ad_003;23.04.2024;2801.9336;70048;559;207;198;2024-04-23 17:32:39 UTC
google;goog_camp_002;goog_adset_003;goog_ad_003;23.04.2024;2814.5306;70363;562;208;199;2024-04-24 00:09:59 UTC
google;goog_camp_002;goog_adset_003;goog_ad_003;24.04.2024;2824.7299;70618;564;208;199;2024-04-24 01:47:00 UTC
google;goog_camp_002;goog_adset_003;goog_ad_003;24.04.2024;2834.9292;70873;566;209;200;2024-04-24 06:19:59 UTC
google;goog_camp_002;goog_adset_003;goog_ad_003;24.04.2024;2845.1285;71128;568;210;201;2024-04-24 10:38:59 UTC
google;goog_camp_002;goog_adset_003;goog_ad_003;24.04.2024;2855.3278;71383;570;210;202;2024-04-24 15:10:59 UTC
google;goog_camp_002;goog_adset_003;goog_ad_003;24.04.2024;2865.5271;71638;572;211;203;2024-04-24 19:46:59 UTC
google;goog_camp_002;goog_adset_003;goog_ad_003;24.04.2024;2875.7264;71893;575;212;204;2024-04-25 00:05:59 UTC
google;goog_camp_002;goog_adset_003;goog_ad_003;25.04.2024;2879.5991;71989;575;212;204;2024-04-25 03:16:00 UTC
google;goog_camp_002;goog_adset_003;goog_ad_003;25.04.2024;2883.4717;72086;576;212;204;2024-04-25 10:21:19 UTC
google;goog_camp_002;goog_adset_003;goog_ad_003;25.04.2024;2887.3444;72183;577;212;204;2024-04-25 17:17:39 UTC
google;goog_camp_002;goog_adset_003;goog_ad_003;25.04.2024;2891.2171;72280;578;213;205;2024-04-26 00:02:59 UTC
google;goog_camp_002;goog_adset_003;goog_ad_003;26.04.2024;2893.9555;72348;578;213;205;2024-04-26 04:06:00 UTC
google;goog_camp_002;goog_adset_003;goog_ad_003;26.04.2024;2896.6939;72416;578;213;205;2024-04-26 14:07:29 UTC
google;goog_camp_002;goog_adset_003;goog_ad_003;26.04.2024;2899.4323;72485;579;214;205;2024-04-27 00:14:59 UTC
google;goog_camp_002;goog_adset_003;goog_ad_003;27.04.2024;2914.1335;72852;582;215;206;2024-04-27 01:24:00 UTC
google;goog_camp_002;goog_adset_003;goog_ad_003;27.04.2024;2928.8347;73220;585;216;207;2024-04-27 07:01:59 UTC
google;goog_camp_002;goog_adset_003;goog_ad_003;27.04.2024;2943.536;73587;588;217;208;2024-04-27 12:41:59 UTC
google;goog_camp_002;goog_adset_003;goog_ad_003;27.04.2024;2958.2372;73955;591;218;209;2024-04-27 18:20:59 UTC
google;goog_camp_002;goog_adset_003;goog_ad_003;27.04.2024;2972.9384;74323;594;219;211;2024-04-28 00:06:59 UTC
google;goog_camp_002;goog_adset_003;goog_ad_003;28.04.2024;2987.3886;74684;597;220;212;2024-04-28 01:11:00 UTC
google;goog_camp_002;goog_adset_003;goog_ad_003;28.04.2024;3001.8388;75045;600;221;213;2024-04-28 12:42:29 UTC
google;goog_camp_002;goog_adset_003;goog_ad_003;28.04.2024;3016.289;75407;603;223;214;2024-04-29 00:08:59 UTC
google;goog_camp_002;goog_adset_003;goog_ad_003;29.04.2024;3030.0266;75750;605;224;215;2024-04-29 03:13:00 UTC
google;goog_camp_002;goog_adset_003;goog_ad_003;29.04.2024;3043.7642;76093;608;225;216;2024-04-29 13:42:29 UTC
google;goog_camp_002;goog_adset_003;goog_ad_003;29.04.2024;3057.5018;76437;611;226;217;2024-04-30 00:02:59 UTC
google;goog_camp_002;goog_adset_003;goog_ad_003;30.04.2024;3059.5182;76487;611;226;217;2024-04-30 02:15:00 UTC
google;goog_camp_002;goog_adset_003;goog_ad_003;30.04.2024;3061.5347;76538;611;226;217;2024-04-30 06:43:47 UTC
google;goog_camp_002;goog_adset_003;goog_ad_003;30.04.2024;3063.5512;76588;612;226;217;2024-04-30 11:09:35 UTC
google;goog_camp_002;goog_adset_003;goog_ad_003;30.04.2024;3065.5676;76639;612;226;217;2024-04-30 15:20:23 UTC
google;goog_camp_002;goog_adset_003;goog_ad_003;30.04.2024;3067.584;76689;612;226;217;2024-04-30 19:43:11 UTC
google;goog_camp_002;goog_adset_003;goog_ad_003;30.04.2024;3069.6005;76740;613;227;217;2024-05-01 00:03:59 UTC
google;goog_camp_002;goog_adset_003;goog_ad_003;01.05.2024;3078.4604;76961;615;227;217;2024-05-01 03:54:00 UTC
google;goog_camp_002;goog_adset_003;goog_ad_003;01.05.2024;3087.3204;77183;617;228;218;2024-05-01 10:43:39 UTC
google;goog_camp_002;goog_adset_003;goog_ad_003;01.05.2024;3096.1803;77404;619;228;219;2024-05-01 17:17:19 UTC
google;goog_camp_002;goog_adset_003;goog_ad_003;01.05.2024;3105.0402;77626;621;229;220;2024-05-02 00:04:59 UTC
google;goog_camp_002;goog_adset_003;goog_ad_003;02.05.2024;3112.2283;77805;622;229;220;2024-05-02 01:41:00 UTC
google;goog_camp_002;goog_adset_003;goog_ad_003;02.05.2024;3119.4163;77985;623;230;220;2024-05-02 13:00:59 UTC
google;goog_camp_002;goog_adset_003;goog_ad_003;02.05.2024;3126.6044;78165;625;231;221;2024-05-03 00:09:59 UTC
google;goog_camp_002;goog_adset_003;goog_ad_003;03.05.2024;3132.7071;78317;626;231;221;2024-05-03 00:44:00 UTC
google;goog_camp_002;goog_adset_003;goog_ad_003;03.05.2024;3138.8099;78469;627;231;222;2024-05-03 12:24:29 UTC
google;goog_camp_002;goog_adset_003;goog_ad_003;03.05.2024;3144.9126;78622;628;232;223;2024-05-04 00:01:59 UTC
google;goog_camp_002;goog_adset_003;goog_ad_003;04.05.2024;3151.0072;78774;629;232;223;2024-05-04 01:23:00 UTC
google;goog_camp_002;goog_adset_003;goog_ad_003;04.05.2024;3157.1018;78926;630;233;223;2024-05-04 12:53:59 UTC
google;goog_camp_002;goog_adset_003;goog_ad_003;04.05.2024;3163.1964;79079;632;234;224;2024-05-05 00:02:59 UTC
google;goog_camp_002;goog_adset_003;goog_ad_003;05.05.2024;3172.5399;79312;634;234;224;2024-05-05 00:45:00 UTC
google;goog_camp_002;goog_adset_003;goog_ad_003;05.05.2024;3181.8835;79546;636;235;225;2024-05-05 12:21:29 UTC
google;goog_camp_002;goog_adset_003;goog_ad_003;05.05.2024;3191.227;79780;638;236;226;2024-05-06 00:14:59 UTC
google;goog_camp_002;goog_adset_003;goog_ad_003;06.05.2024;3204.097;80101;640;236;227;2024-05-06 03:14:00 UTC
google;goog_camp_002;goog_adset_003;goog_ad_003;06.05.2024;3216.9671;80423;643;237;228;2024-05-06 10:16:59 UTC
google;goog_camp_002;goog_adset_003;goog_ad_003;06.05.2024;3229.8371;80745;645;238;229;2024-05-06 17:02:59 UTC
google;goog_camp_002;goog_adset_003;goog_ad_003;06.05.2024;3242.7071;81067;648;239;230;2024-05-07 00:06:59 UTC
google;goog_camp_002;goog_adset_003;goog_ad_003;07.05.2024;3268.5273;81712;653;241;231;2024-05-07 03:42:00 UTC
google;goog_camp_002;goog_adset_003;goog_ad_003;07.05.2024;3294.3475;82358;658;243;233;2024-05-07 13:53:59 UTC
google;goog_camp_002;goog_adset_003;goog_ad_003;07.05.2024;3320.1677;83004;664;245;235;2024-05-08 00:10:59 UTC
google;goog_camp_002;goog_adset_003;goog_ad_003;08.05.2024;3322.4901;83062;664;245;235;2024-05-08 04:02:00 UTC
google;goog_camp_002;goog_adset_003;goog_ad_003;08.05.2024;3324.8125;83120;664;245;235;2024-05-08 08:07:47 UTC
google;goog_camp_002;goog_adset_003;goog_ad_003;08.05.2024;3327.1349;83178;665;245;235;2024-05-08 12:12:35 UTC
google;goog_camp_002;goog_adset_003;goog_ad_003;08.05.2024;3329.4574;83236;665;245;235;2024-05-08 16:06:23 UTC
google;goog_camp_002;goog_adset_003;goog_ad_003;08.05.2024;3331.7798;83294;665;245;235;2024-05-08 20:12:11 UTC
google;goog_camp_002;goog_adset_003;goog_ad_003;08.05.2024;3334.1022;83352;666;246;236;2024-05-09 00:02:59 UTC
google;goog_camp_002;goog_adset_003;goog_ad_003;09.05.2024;3339.7239;83492;667;246;236;2024-05-09 02:15:00 UTC
google;goog_camp_002;goog_adset_003;goog_ad_003;09.05.2024;3345.3456;83633;668;247;237;2024-05-09 09:22:59 UTC
google;goog_camp_002;goog_adset_003;goog_ad_003;09.05.2024;3350.9673;83773;669;247;237;2024-05-09 16:50:59 UTC
google;goog_camp_002;goog_adset_003;goog_ad_003;09.05.2024;3356.589;83914;671;248;238;2024-05-10 00:09:59 UTC
google;goog_camp_002;goog_adset_003;goog_ad_003;10.05.2024;3362.5727;84063;672;248;238;2024-05-10 00:27:00 UTC
google;goog_camp_002;goog_adset_003;goog_ad_003;10.05.2024;3368.5563;84213;673;248;238;2024-05-10 12:18:29 UTC
google;goog_camp_002;goog_adset_003;goog_ad_003;10.05.2024;3374.54;84363;674;249;239;2024-05-11 00:09:59 UTC
google;goog_camp_002;goog_adset_003;goog_ad_003;11.05.2024;3383.4449;84585;676;249;239;2024-05-11 01:45:00 UTC
google;goog_camp_002;goog_adset_003;goog_ad_003;11.05.2024;3392.3499;84808;678;250;240;2024-05-11 12:51:29 UTC
google;goog_camp_002;goog_adset_003;goog_ad_003;11.05.2024;3401.2548;85031;680;251;241;2024-05-12 00:14:59 UTC
google;goog_camp_002;goog_adset_003;goog_ad_003;12.05.2024;3406.6695;85166;681;251;241;2024-05-12 01:39:00 UTC
google;goog_camp_002;goog_adset_003;goog_ad_003;12.05.2024;3412.0842;85301;682;251;241;2024-05-12 12:57:59 UTC
google;goog_camp_002;goog_adset_003;goog_ad_003;12.05.2024;3417.4989;85437;683;252;242;2024-05-13 00:00:59 UTC
google;goog_camp_002;goog_adset_003;goog_ad_003;13.05.2024;3420.2293;85505;683;252;242;2024-05-13 02:01:00 UTC
google;goog_camp_002;goog_adset_003;goog_ad_003;13.05.2024;3422.9598;85573;684;252;242;2024-05-13 09:18:39 UTC
google;goog_camp_002;goog_adset_003;goog_ad_003;13.05.2024;3425.6902;85641;684;252;242;2024-05-13 16:53:19 UTC
google;goog_camp_002;goog_adset_003;goog_ad_003;13.05.2024;3428.4206;85710;685;253;243;2024-05-14 00:03:59 UTC
google;goog_camp_002;goog_adset_003;goog_ad_003;14.05.2024;3433.0708;85826;686;253;243;2024-05-14 02:12:00 UTC
google;goog_camp_002;goog_adset_003;goog_ad_003;14.05.2024;3437.7209;85942;687;253;243;2024-05-14 13:05:59 UTC
google;goog_camp_002;goog_adset_003;goog_ad_003;14.05.2024;3442.3711;86059;688;254;244;2024-05-15 00:11:59 UTC
google;goog_camp_002;goog_adset_003;goog_ad_003;15.05.2024;3445.4339;86135;688;254;244;2024-05-15 02:25:00 UTC
google;goog_camp_002;goog_adset_003;goog_ad_003;15.05.2024;3448.4966;86212;689;254;244;2024-05-15 09:35:19 UTC
google;goog_camp_002;goog_adset_003;goog_ad_003;15.05.2024;3451.5594;86288;689;254;244;2024-05-15 16:47:39 UTC
google;goog_camp_002;goog_adset_003;goog_ad_003;15.05.2024;3454.6222;86365;690;255;245;2024-05-16 00:05:59 UTC
google;goog_camp_002;goog_adset_003;goog_ad_003;16.05.2024;3458.0767;86451;690;255;245;2024-05-16 04:00:00 UTC
google;goog_camp_002;goog_adset_003;goog_ad_003;16.05.2024;3461.5311;86537;691;255;245;2024-05-16 08:58:14 UTC
google;goog_camp_002;goog_adset_003;goog_ad_003;16.05.2024;3464.9856;86624;692;255;245;2024-05-16 14:00:29 UTC
google;goog_camp_002;goog_adset_003;goog_ad_003;16.05.2024;3468.44;86710;693;255;245;2024-05-16 19:05:44 UTC
google;goog_camp_002;goog_adset_003;goog_ad_003;16.05.2024;3471.8945;86797;694;256;246;2024-05-17 00:06:59 UTC
google;goog_camp_002;goog_adset_003;goog_ad_003;17.05.2024;3473.3287;86832;694;256;246;2024-05-17 02:15:00 UTC
google;goog_camp_002;goog_adset_003;goog_ad_003;17.05.2024;3474.7629;86868;694;256;246;2024-05-17 09:38:19 UTC
google;goog_camp_002;goog_adset_003;goog_ad_003;17.05.2024;3476.1971;86904;694;256;246;2024-05-17 16:57:39 UTC
google;goog_camp_002;goog_adset_003;goog_ad_003;17.05.2024;3477.6313;86940;695;257;246;2024-05-18 00:14:59 UTC
google;goog_camp_002;goog_adset_003;goog_ad_003;18.05.2024;3480.1214;87002;695;257;246;2024-05-18 03:16:00 UTC
google;goog_camp_002;goog_adset_003;goog_ad_003;18.05.2024;3482.6116;87064;696;257;246;2024-05-18 08:32:29 UTC
google;goog_camp_002;goog_adset_003;goog_ad_003;18.05.2024;3485.1017;87127;696;257;246;2024-05-18 13:45:59 UTC
google;goog_camp_002;goog_adset_003;goog_ad_003;18.05.2024;3487.5919;87189;697;257;246;2024-05-18 18:56:29 UTC
google;goog_camp_002;goog_adset_003;goog_ad_003;18.05.2024;3490.082;87252;698;258;247;2024-05-19 00:04:59 UTC
google;goog_camp_002;goog_adset_003;goog_ad_003;19.05.2024;3496.7137;87417;699;258;247;2024-05-19 01:54:00 UTC
google;goog_camp_002;goog_adset_003;goog_ad_003;19.05.2024;3503.3454;87583;700;259;248;2024-05-19 09:17:39 UTC
google;goog_camp_002;goog_adset_003;goog_ad_003;19.05.2024;3509.9771;87749;701;259;248;2024-05-19 16:50:19 UTC
google;goog_camp_002;goog_adset_003;goog_ad_003;19.05.2024;3516.6088;87915;703;260;249;2024-05-20 00:07:59 UTC
google;goog_camp_002;goog_adset_003;goog_ad_003;20.05.2024;3521.0064;88024;703;260;249;2024-05-20 02:58:00 UTC
google;goog_camp_002;goog_adset_003;goog_ad_003;20.05.2024;3525.404;88134;704;260;249;2024-05-20 07:15:35 UTC
google;goog_camp_002;goog_adset_003;goog_ad_003;20.05.2024;3529.8016;88244;705;261;250;2024-05-20 11:21:11 UTC
google;goog_camp_002;goog_adset_003;goog_ad_003;20.05.2024;3534.1993;88354;706;261;250;2024-05-20 15:42:47 UTC
google;goog_camp_002;goog_adset_003;goog_ad_003;20.05.2024;3538.5969;88464;707;261;250;2024-05-20 19:53:23 UTC
google;goog_camp_002;goog_adset_003;goog_ad_003;20.05.2024;3542.9945;88574;708;262;251;2024-05-21 00:06:59 UTC
google;goog_camp_002;goog_adset_003;goog_ad_003;21.05.2024;3548.8562;88720;709;262;251;2024-05-21 02:38:00 UTC
google;goog_camp_002;goog_adset_003;goog_ad_003;21.05.2024;3554.7178;88867;710;262;252;2024-05-21 09:46:19 UTC
google;goog_camp_002;goog_adset_003;goog_ad_003;21.05.2024;3560.5795;89014;711;262;252;2024-05-21 17:01:39 UTC
google;goog_camp_002;goog_adset_003;goog_ad_003;21.05.2024;3566.4412;89161;713;263;253;2024-05-22 00:01:59 UTC
google;goog_camp_002;goog_adset_003;goog_ad_003;22.05.2024;3574.5289;89363;714;263;253;2024-05-22 01:57:00 UTC
google;goog_camp_002;goog_adset_003;goog_ad_003;22.05.2024;3582.6166;89565;716;264;254;2024-05-22 06:29:47 UTC
google;goog_camp_002;goog_adset_003;goog_ad_003;22.05.2024;3590.7044;89767;717;265;254;2024-05-22 10:50:35 UTC
google;goog_camp_002;goog_adset_003;goog_ad_003;22.05.2024;3598.7921;89969;719;265;255;2024-05-22 15:20:23 UTC
google;goog_camp_002;goog_adset_003;goog_ad_003;22.05.2024;3606.8798;90171;720;266;255;2024-05-22 19:42:11 UTC
google;goog_camp_002;goog_adset_003;goog_ad_003;22.05.2024;3614.9675;90374;722;267;256;2024-05-23 00:04:59 UTC
google;goog_camp_002;goog_adset_003;goog_ad_003;23.05.2024;3620.425;90510;723;267;256;2024-05-23 03:03:00 UTC
google;goog_camp_002;goog_adset_003;goog_ad_003;23.05.2024;3625.8825;90646;724;267;256;2024-05-23 08:18:44 UTC
google;goog_camp_002;goog_adset_003;goog_ad_003;23.05.2024;3631.3399;90783;725;268;257;2024-05-23 13:43:29 UTC
google;goog_camp_002;goog_adset_003;goog_ad_003;23.05.2024;3636.7974;90919;726;268;257;2024-05-23 18:51:14 UTC
google;goog_camp_002;goog_adset_003;goog_ad_003;23.05.2024;3642.2549;91056;728;269;258;2024-05-24 00:06:59 UTC
google;goog_camp_002;goog_adset_003;goog_ad_003;24.05.2024;3654.1232;91352;730;270;258;2024-05-24 02:17:00 UTC
google;goog_camp_002;goog_adset_003;goog_ad_003;24.05.2024;3665.9916;91649;732;271;259;2024-05-24 09:33:59 UTC
google;goog_camp_002;goog_adset_003;goog_ad_003;24.05.2024;3677.8599;91946;734;272;260;2024-05-24 16:55:59 UTC
google;goog_camp_002;goog_adset_003;goog_ad_003;24.05.2024;3689.7282;92243;737;273;261;2024-05-25 00:05:59 UTC
google;goog_camp_002;goog_adset_003;goog_ad_003;25.05.2024;3705.2278;92630;740;274;262;2024-05-25 01:55:00 UTC
google;goog_camp_002;goog_adset_003;goog_ad_003;25.05.2024;3720.7274;93017;743;275;263;2024-05-25 07:23:44 UTC
google;goog_camp_002;goog_adset_003;goog_ad_003;25.05.2024;3736.2269;93405;746;276;264;2024-05-25 12:55:29 UTC
google;goog_camp_002;goog_adset_003;goog_ad_003;25.05.2024;3751.7265;93792;749;277;265;2024-05-25 18:33:14 UTC
google;goog_camp_002;goog_adset_003;goog_ad_003;25.05.2024;3767.2261;94180;753;278;267;2024-05-26 00:11:59 UTC
google;goog_camp_002;goog_adset_003;goog_ad_003;26.05.2024;3779.2456;94480;755;279;268;2024-05-26 02:21:00 UTC
google;goog_camp_002;goog_adset_003;goog_ad_003;26.05.2024;3791.2652;94781;757;280;269;2024-05-26 13:16:29 UTC
google;goog_camp_002;goog_adset_003;goog_ad_003;26.05.2024;3803.2847;95082;760;281;270;2024-05-27 00:12:59 UTC
google;goog_camp_002;goog_adset_003;goog_ad_003;27.05.2024;3804.4378;95110;760;281;270;2024-05-27 01:37:00 UTC
google;goog_camp_002;goog_adset_003;goog_ad_003;27.05.2024;3805.591;95139;760;281;270;2024-05-27 07:18:14 UTC
google;goog_camp_002;goog_adset_003;goog_ad_003;27.05.2024;3806.7441;95168;760;281;270;2024-05-27 12:52:29 UTC
google;goog_camp_002;goog_adset_003;goog_ad_003;27.05.2024;3807.8973;95197;760;281;270;2024-05-27 18:33:44 UTC
google;goog_camp_002;goog_adset_003;goog_ad_003;27.05.2024;3809.0504;95226;761;281;270;2024-05-28 00:03:59 UTC
google;goog_camp_002;goog_adset_003;goog_ad_003;28.05.2024;3815.0849;95376;762;281;270;2024-05-28 00:40:00 UTC
google;goog_camp_002;goog_adset_003;goog_ad_003;28.05.2024;3821.1194;95527;763;282;271;2024-05-28 08:35:19 UTC
google;goog_camp_002;goog_adset_003;goog_ad_003;28.05.2024;3827.1538;95678;764;282;271;2024-05-28 16:21:39 UTC
google;goog_camp_002;goog_adset_003;goog_ad_003;28.05.2024;3833.1883;95829;766;283;272;2024-05-29 00:14:59 UTC
google;goog_camp_002;goog_adset_003;goog_ad_003;29.05.2024;3840.3867;96009;767;283;272;2024-05-29 03:56:00 UTC
google;goog_camp_002;goog_adset_003;goog_ad_003;29.05.2024;3847.585;96189;768;284;272;2024-05-29 13:58:29 UTC
google;goog_camp_002;goog_adset_003;goog_ad_003;29.05.2024;3854.7834;96369;770;285;273;2024-05-30 00:05:59 UTC
google;goog_camp_002;goog_adset_003;goog_ad_003;30.05.2024;3865.6634;96641;772;285;273;2024-05-30 01:13:00 UTC
google;goog_camp_002;goog_adset_003;goog_ad_003;30.05.2024;3876.5433;96913;774;286;274;2024-05-30 07:06:59 UTC
google;goog_camp_002;goog_adset_003;goog_ad_003;30.05.2024;3887.4233;97185;776;287;275;2024-05-30 12:43:59 UTC
google;goog_camp_002;goog_adset_003;goog_ad_003;30.05.2024;3898.3032;97457;778;288;276;2024-05-30 18:25:59 UTC
google;goog_camp_002;goog_adset_003;goog_ad_003;30.05.2024;3909.1832;97729;781;289;277;2024-05-31 00:00:59 UTC
google;goog_camp_002;goog_adset_003;goog_ad_003;31.05.2024;3912.7374;97817;781;289;277;2024-05-31 03:09:00 UTC
google;goog_camp_002;goog_adset_003;goog_ad_003;31.05.2024;3916.2916;97906;782;289;277;2024-05-31 08:28:14 UTC
google;goog_camp_002;goog_adset_003;goog_ad_003;31.05.2024;3919.8457;97995;783;289;277;2024-05-31 13:36:29 UTC
google;goog_camp_002;goog_adset_003;goog_ad_003;31.05.2024;3923.3999;98084;784;289;277;2024-05-31 18:56:44 UTC
google;goog_camp_002;goog_adset_003;goog_ad_003;31.05.2024;3926.9541;98173;785;290;278;2024-06-01 00:05:59 UTC
google;goog_camp_002;goog_adset_003;goog_ad_003;01.06.2024;3928.5613;98213;785;290;278;2024-06-01 01:37:00 UTC
google;goog_camp_002;goog_adset_003;goog_ad_003;01.06.2024;3930.1684;98253;785;290;278;2024-06-01 06:09:47 UTC
google;goog_camp_002;goog_adset_003;goog_ad_003;01.06.2024;3931.7756;98293;786;290;278;2024-06-01 10:34:35 UTC
google;goog_camp_002;goog_adset_003;goog_ad_003;01.06.2024;3933.3828;98333;786;290;278;2024-06-01 15:13:23 UTC
google;goog_camp_002;goog_adset_003;goog_ad_003;01.06.2024;3934.9899;98373;786;290;278;2024-06-01 19:44:11 UTC
google;goog_camp_002;goog_adset_003;goog_ad_003;01.06.2024;3936.5971;98414;787;291;279;2024-06-02 00:13:59 UTC
google;goog_camp_002;goog_adset_003;goog_ad_003;02.06.2024;3940.9538;98523;787;291;279;2024-06-02 03:21:00 UTC
google;goog_camp_002;goog_adset_003;goog_ad_003;02.06.2024;3945.3106;98632;788;291;279;2024-06-02 13:52:59 UTC
google;goog_camp_002;goog_adset_003;goog_ad_003;02.06.2024;3949.6673;98741;789;292;280;2024-06-03 00:06:59 UTC
google;goog_camp_002;goog_adset_003;goog_ad_003;03.06.2024;3951.6642;98791;789;292;280;2024-06-03 00:32:00 UTC
google;goog_camp_002;goog_adset_003;goog_ad_003;03.06.2024;3953.661;98841;790;292;280;2024-06-03 12:11:29 UTC
google;goog_camp_002;goog_adset_003;goog_ad_003;03.06.2024;3955.6579;98891;791;292;280;2024-06-04 00:01:59 UTC
google;goog_camp_002;goog_adset_003;goog_ad_003;04.06.2024;3967.2392;99180;793;292;280;2024-06-04 01:06:00 UTC
google;goog_camp_002;goog_adset_003;goog_ad_003;04.06.2024;3978.8206;99470;795;293;281;2024-06-04 05:37:23 UTC
google;goog_camp_002;goog_adset_003;goog_ad_003;04.06.2024;3990.402;99759;798;294;282;2024-06-04 10:19:47 UTC
google;goog_camp_002;goog_adset_003;goog_ad_003;04.06.2024;4001.9833;100049;800;295;283;2024-06-04 14:50:11 UTC
google;goog_camp_002;goog_adset_003;goog_ad_003;04.06.2024;4013.5646;100338;802;296;284;2024-06-04 19:27:35 UTC
google;goog_camp_002;goog_adset_003;goog_ad_003;04.06.2024;4025.146;100628;805;297;285;2024-06-05 00:05:59 UTC
google;goog_camp_002;goog_adset_003;goog_ad_003;05.06.2024;4029.0826;100726;805;297;285;2024-06-05 03:14:00 UTC
google;goog_camp_002;goog_adset_003;goog_ad_003;05.06.2024;4033.0191;100824;806;297;285;2024-06-05 08:31:44 UTC
google;goog_camp_002;goog_adset_003;goog_ad_003;05.06.2024;4036.9557;100923;806;298;286;2024-06-05 13:38:29 UTC
google;goog_camp_002;goog_adset_003;goog_ad_003;05.06.2024;4040.8922;101021;807;298;286;2024-06-05 18:54:14 UTC
google;goog_camp_002;goog_adset_003;goog_ad_003;05.06.2024;4044.8288;101120;808;299;287;2024-06-06 00:09:59 UTC
google;goog_camp_002;goog_adset_003;goog_ad_003;06.06.2024;4047.0229;101175;808;299;287;2024-06-06 03:31:00 UTC
google;goog_camp_002;goog_adset_003;goog_ad_003;06.06.2024;4049.2169;101230;809;299;287;2024-06-06 13:47:29 UTC
google;goog_camp_002;goog_adset_003;goog_ad_003;06.06.2024;4051.411;101285;810;299;287;2024-06-07 00:07:59 UTC
google;goog_camp_002;goog_adset_003;goog_ad_003;07.06.2024;4070.632;101765;813;300;288;2024-06-07 02:41:00 UTC
google;goog_camp_002;goog_adset_003;goog_ad_003;07.06.2024;4089.8531;102245;817;302;289;2024-06-07 13:20:29 UTC
google;goog_camp_002;goog_adset_003;goog_ad_003;07.06.2024;4109.0741;102726;821;304;291;2024-06-08 00:03:59 UTC
google;goog_camp_002;goog_adset_003;goog_ad_003;08.06.2024;4130.4588;103260;825;305;292;2024-06-08 00:10:00 UTC
google;goog_camp_002;goog_adset_003;goog_ad_003;08.06.2024;4151.8435;103795;829;306;294;2024-06-08 12:09:59 UTC
google;goog_camp_002;goog_adset_003;goog_ad_003;08.06.2024;4173.2282;104330;834;308;296;2024-06-09 00:13:59 UTC
google;goog_camp_002;goog_adset_003;goog_ad_003;09.06.2024;4176.9204;104422;834;308;296;2024-06-09 01:12:00 UTC
google;goog_camp_002;goog_adset_003;goog_ad_003;09.06.2024;4180.6127;104514;835;308;296;2024-06-09 05:47:59 UTC
google;goog_camp_002;goog_adset_003;goog_ad_003;09.06.2024;4184.305;104607;836;309;296;2024-06-09 10:29:59 UTC
google;goog_camp_002;goog_adset_003;goog_ad_003;09.06.2024;4187.9972;104699;837;309;296;2024-06-09 15:06:59 UTC
google;goog_camp_002;goog_adset_003;goog_ad_003;09.06.2024;4191.6894;104791;838;309;296;2024-06-09 19:38:59 UTC
google;goog_camp_002;goog_adset_003;goog_ad_003;09.06.2024;4195.3817;104884;839;310;297;2024-06-10 00:05:59 UTC
google;goog_camp_002;goog_adset_003;goog_ad_003;10.06.2024;4197.1976;104929;839;310;297;2024-06-10 00:31:00 UTC
google;goog_camp_002;goog_adset_003;goog_ad_003;10.06.2024;4199.0136;104974;839;310;297;2024-06-10 12:20:59 UTC
google;goog_camp_002;goog_adset_003;goog_ad_003;10.06.2024;4200.8295;105020;840;310;298;2024-06-11 00:00:59 UTC
google;goog_camp_002;goog_adset_003;goog_ad_003;11.06.2024;4205.2758;105131;840;310;298;2024-06-11 00:21:00 UTC
google;goog_camp_002;goog_adset_003;goog_ad_003;11.06.2024;4209.722;105242;841;310;298;2024-06-11 12:14:29 UTC
google;goog_camp_002;goog_adset_003;goog_ad_003;11.06.2024;4214.1683;105354;842;311;299;2024-06-12 00:05:59 UTC
google;goog_camp_002;goog_adset_003;goog_ad_003;12.06.2024;4216.8842;105421;842;311;299;2024-06-12 02:47:00 UTC
google;goog_camp_002;goog_adset_003;goog_ad_003;12.06.2024;4219.6;105489;843;311;299;2024-06-12 07:14:11 UTC
google;goog_camp_002;goog_adset_003;goog_ad_003;12.06.2024;4222.3159;105557;844;312;299;2024-06-12 11:17:23 UTC
google;goog_camp_002;goog_adset_003;goog_ad_003;12.06.2024;4225.0318;105625;844;312;299;2024-06-12 15:39:35 UTC
google;goog_camp_002;goog_adset_003;goog_ad_003;12.06.2024;4227.7476;105693;845;312;299;2024-06-12 19:52:47 UTC
google;goog_camp_002;goog_adset_003;goog_ad_003;12.06.2024;4230.4635;105761;846;313;300;2024-06-13 00:01:59 UTC
google;goog_camp_002;goog_adset_003;goog_ad_003;13.06.2024;4235.5121;105887;847;313;300;2024-06-13 02:58:00 UTC
google;goog_camp_002;goog_adset_003;goog_ad_003;13.06.2024;4240.5608;106013;848;313;300;2024-06-13 10:09:39 UTC
google;goog_camp_002;goog_adset_003;goog_ad_003;13.06.2024;4245.6094;106139;849;313;300;2024-06-13 17:08:19 UTC
google;goog_camp_002;goog_adset_003;goog_ad_003;13.06.2024;4250.658;106266;850;314;301;2024-06-14 00:14:59 UTC
google;goog_camp_002;goog_adset_003;goog_ad_003;14.06.2024;4251.896;106297;850;314;301;2024-06-14 03:44:00 UTC
google;goog_camp_002;goog_adset_003;goog_ad_003;14.06.2024;4253.1339;106328;850;314;301;2024-06-14 07:54:35 UTC
google;goog_camp_002;goog_adset_003;goog_ad_003;14.06.2024;4254.3719;106359;850;314;301;2024-06-14 11:58:11 UTC
google;goog_camp_002;goog_adset_003;goog_ad_003;14.06.2024;4255.6099;106390;850;314;301;2024-06-14 15:56:47 UTC
google;goog_camp_002;goog_adset_003;goog_ad_003;14.06.2024;4256.8478;106421;850;314;301;2024-06-14 20:06:23 UTC
google;goog_camp_002;goog_adset_003;goog_ad_003;14.06.2024;4258.0858;106452;851;315;302;2024-06-15 00:07:59 UTC
google;goog_camp_002;goog_adset_003;goog_ad_003;15.06.2024;4264.438;106610;852;315;302;2024-06-15 02:33:00 UTC
google;goog_camp_002;goog_adset_003;goog_ad_003;15.06.2024;4270.7902;106769;853;315;303;2024-06-15 06:51:59 UTC
google;goog_camp_002;goog_adset_003;goog_ad_003;15.06.2024;4277.1424;106928;855;316;303;2024-06-15 11:07:59 UTC
google;goog_camp_002;goog_adset_003;goog_ad_003;15.06.2024;4283.4945;107086;856;316;304;2024-06-15 15:23:59 UTC
google;goog_camp_002;goog_adset_003;goog_ad_003;15.06.2024;4289.8467;107245;857;316;304;2024-06-15 19:41:59 UTC
google;goog_camp_002;goog_adset_003;goog_ad_003;15.06.2024;4296.1989;107404;859;317;305;2024-06-16 00:04:59 UTC
google;goog_camp_002;goog_adset_003;goog_ad_003;16.06.2024;4296.5676;107413;859;317;305;2024-06-16 00:31:00 UTC
google;goog_camp_002;goog_adset_003;goog_ad_003;16.06.2024;4296.9362;107422;859;317;305;2024-06-16 06:30:29 UTC
google;goog_camp_002;goog_adset_003;goog_ad_003;16.06.2024;4297.3049;107432;859;317;305;2024-06-16 12:24:59 UTC
google;goog_camp_002;goog_adset_003;goog_ad_003;16.06.2024;4297.6735;107441;859;317;305;2024-06-16 18:09:29 UTC
google;goog_camp_002;goog_adset_003;goog_ad_003;16.06.2024;4298.0422;107451;859;318;305;2024-06-17 00:10:59 UTC
google;goog_camp_002;goog_adset_003;goog_ad_003;17.06.2024;4308.6443;107716;861;318;305;2024-06-17 00:12:00 UTC
google;goog_camp_002;goog_adset_003;goog_ad_003;17.06.2024;4319.2464;107981;863;319;306;2024-06-17 08:03:39 UTC
google;goog_camp_002;goog_adset_003;goog_ad_003;17.06.2024;4329.8485;108246;865;320;307;2024-06-17 16:05:19 UTC
google;goog_camp_002;goog_adset_003;goog_ad_003;17.06.2024;4340.4506;108511;868;321;308;2024-06-18 00:00:59 UTC
google;goog_camp_002;goog_adset_003;goog_ad_003;18.06.2024;4352.5948;108814;870;321;308;2024-06-18 03:59:00 UTC
google;goog_camp_002;goog_adset_003;goog_ad_003;18.06.2024;4364.7389;109118;872;322;309;2024-06-18 10:38:39 UTC
google;goog_camp_002;goog_adset_003;goog_ad_003;18.06.2024;4376.883;109421;874;323;310;2024-06-18 17:25:19 UTC
google;goog_camp_002;goog_adset_003;goog_ad_003;18.06.2024;4389.0272;109725;877;324;311;2024-06-19 00:01:59 UTC
google;goog_camp_002;goog_adset_003;goog_ad_003;19.06.2024;4391.9193;109797;877;324;311;2024-06-19 02:02:00 UTC
google;goog_camp_002;goog_adset_003;goog_ad_003;19.06.2024;4394.8113;109869;878;324;311;2024-06-19 07:36:59 UTC
google;goog_camp_002;goog_adset_003;goog_ad_003;19.06.2024;4397.7034;109942;878;324;311;2024-06-19 13:04:59 UTC
google;goog_camp_002;goog_adset_003;goog_ad_003;19.06.2024;4400.5954;110014;879;324;311;2024-06-19 18:36:59 UTC
google;goog_camp_002;goog_adset_003;goog_ad_003;19.06.2024;4403.4875;110087;880;325;312;2024-06-20 00:13:59 UTC
google;goog_camp_002;goog_adset_003;goog_ad_003;20.06.2024;4407.1775;110179;880;325;312;2024-06-20 02:53:00 UTC
google;goog_camp_002;goog_adset_003;goog_ad_003;20.06.2024;4410.8675;110271;881;325;312;2024-06-20 08:14:44 UTC
google;goog_camp_002;goog_adset_003;goog_ad_003;20.06.2024;4414.5576;110363;882;326;312;2024-06-20 13:25:29 UTC
google;goog_camp_002;goog_adset_003;goog_ad_003;20.06.2024;4418.2476;110455;883;326;312;2024-06-20 18:55:14 UTC
google;goog_camp_002;goog_adset_003;goog_ad_003;20.06.2024;4421.9376;110548;884;327;313;2024-06-21 00:08:59 UTC
google;goog_camp_002;goog_adset_003;goog_ad_003;21.06.2024;4439.4951;110987;887;328;314;2024-06-21 01:29:00 UTC
google;goog_camp_002;goog_adset_003;goog_ad_003;21.06.2024;4457.0526;111426;890;329;315;2024-06-21 12:42:59 UTC
google;goog_camp_002;goog_adset_003;goog_ad_003;21.06.2024;4474.6101;111865;894;331;317;2024-06-22 00:06:59 UTC
google;goog_camp_002;goog_adset_003;goog_ad_003;22.06.2024;4479.8107;111995;895;331;317;2024-06-22 01:56:00 UTC
google;goog_camp_002;goog_adset_003;goog_ad_003;22.06.2024;4485.0112;112125;896;331;317;2024-06-22 06:19:11 UTC
google;goog_camp_002;goog_adset_003;goog_ad_003;22.06.2024;4490.2118;112255;897;332;318;2024-06-22 10:43:23 UTC
google;goog_camp_002;goog_adset_003;goog_ad_003;22.06.2024;4495.4124;112385;898;332;318;2024-06-22 15:12:35 UTC
google;goog_camp_002;goog_adset_003;goog_ad_003;22.06.2024;4500.6129;112515;899;332;318;2024-06-22 19:40:47 UTC
google;goog_camp_002;goog_adset_003;goog_ad_003;22.06.2024;4505.8135;112645;901;333;319;2024-06-23 00:02:59 UTC
google;goog_camp_002;goog_adset_003;goog_ad_003;23.06.2024;4508.7911;112719;901;333;319;2024-06-23 00:17:00 UTC
google;goog_camp_002;goog_adset_003;goog_ad_003;23.06.2024;4511.7687;112793;902;333;319;2024-06-23 06:21:44 UTC
google;goog_camp_002;goog_adset_003;goog_ad_003;23.06.2024;4514.7464;112868;902;333;319;2024-06-23 12:06:29 UTC
google;goog_camp_002;goog_adset_003;goog_ad_003;23.06.2024;4517.724;112942;903;333;319;2024-06-23 18:14:14 UTC
google;goog_camp_002;goog_adset_003;goog_ad_003;23.06.2024;4520.7016;113017;904;334;320;2024-06-24 00:01:59 UTC
google;goog_camp_002;goog_adset_003;goog_ad_003;24.06.2024;4524.7928;113119;904;334;320;2024-06-24 01:05:00 UTC
google;goog_camp_002;goog_adset_003;goog_ad_003;24.06.2024;4528.884;113221;905;334;321;2024-06-24 08:40:59 UTC
google;goog_camp_002;goog_adset_003;goog_ad_003;24.06.2024;4532.9752;113323;906;334;321;2024-06-24 16:23:59 UTC
google;goog_camp_002;goog_adset_003;goog_ad_003;24.06.2024;4537.0664;113426;907;335;322;2024-06-25 00:00:59 UTC
google;goog_camp_002;goog_adset_003;goog_ad_003;25.06.2024;4541.7571;113543;908;335;322;2024-06-25 03:27:00 UTC
google;goog_camp_002;goog_adset_003;goog_ad_003;25.06.2024;4546.4478;113660;909;335;322;2024-06-25 07:31:35 UTC
google;goog_camp_002;goog_adset_003;goog_ad_003;25.06.2024;4551.1386;113778;910;336;323;2024-06-25 11:52:11 UTC
google;goog_camp_002;goog_adset_003;goog_ad_003;25.06.2024;4555.8293;113895;911;336;323;2024-06-25 15:53:47 UTC
google;goog_camp_002;goog_adset_003;goog_ad_003;25.06.2024;4560.52;114012;912;336;323;2024-06-25 19:54:23 UTC
google;goog_camp_002;goog_adset_003;goog_ad_003;25.06.2024;4565.2107;114130;913;337;324;2024-06-26 00:05:59 UTC
google;goog_camp_002;goog_adset_003;goog_ad_003;26.06.2024;4576.1149;114402;915;337;324;2024-06-26 01:16:00 UTC
google;goog_camp_002;goog_adset_003;goog_ad_003;26.06.2024;4587.0191;114675;917;338;325;2024-06-26 05:52:11 UTC
google;goog_camp_002;goog_adset_003;goog_ad_003;26.06.2024;4597.9234;114947;919;339;326;2024-06-26 10:24:23 UTC
google;goog_camp_002;goog_adset_003;goog_ad_003;26.06.2024;4608.8276;115220;921;340;326;2024-06-26 15:00:35 UTC
google;goog_camp_002;goog_adset_003;goog_ad_003;26.06.2024;4619.7318;115492;923;341;327;2024-06-26 19:31:47 UTC
google;goog_camp_002;goog_adset_003;goog_ad_003;26.06.2024;4630.636;115765;926;342;328;2024-06-27 00:00:59 UTC
google;goog_camp_002;goog_adset_003;goog_ad_003;27.06.2024;4633.4318;115835;926;342;328;2024-06-27 02:25:00 UTC
google;goog_camp_002;goog_adset_003;goog_ad_003;27.06.2024;4636.2276;115905;927;342;328;2024-06-27 06:43:23 UTC
google;goog_camp_002;goog_adset_003;goog_ad_003;27.06.2024;4639.0234;115975;927;342;328;2024-06-27 11:12:47 UTC
google;goog_camp_002;goog_adset_003;goog_ad_003;27.06.2024;4641.8192;116045;928;342;328;2024-06-27 15:28:11 UTC
google;goog_camp_002;goog_adset_003;goog_ad_003;27.06.2024;4644.615;116115;928;342;328;2024-06-27 19:52:35 UTC
google;goog_camp_002;goog_adset_003;goog_ad_003;27.06.2024;4647.4108;116185;929;343;329;2024-06-28 00:14:59 UTC
google;goog_camp_002;goog_adset_003;goog_ad_003;28.06.2024;4649.8304;116245;929;343;329;2024-06-28 01:22:00 UTC
google;goog_camp_002;goog_adset_003;goog_ad_003;28.06.2024;4652.25;116306;930;343;329;2024-06-28 05:57:23 UTC
google;goog_camp_002;goog_adset_003;goog_ad_003;28.06.2024;4654.6696;116366;930;343;329;2024-06-28 10:25:47 UTC
google;goog_camp_002;goog_adset_003;goog_ad_003;28.06.2024;4657.0892;116427;931;343;329;2024-06-28 15:05:11 UTC
google;goog_camp_002;goog_adset_003;goog_ad_003;28.06.2024;4659.5088;116487;931;343;329;2024-06-28 19:32:35 UTC
google;goog_camp_002;goog_adset_003;goog_ad_003;28.06.2024;4661.9284;116548;932;344;330;2024-06-29 00:08:59 UTC
google;goog_camp_002;goog_adset_003;goog_ad_003;29.06.2024;4665.2761;116631;932;344;330;2024-06-29 03:17:00 UTC
google;goog_camp_002;goog_adset_003;goog_ad_003;29.06.2024;4668.6238;116715;933;344;330;2024-06-29 07:17:47 UTC
google;goog_camp_002;goog_adset_003;goog_ad_003;29.06.2024;4671.9715;116799;934;345;331;2024-06-29 11:38:35 UTC
google;goog_camp_002;goog_adset_003;goog_ad_003;29.06.2024;4675.3192;116882;934;345;331;2024-06-29 15:42:23 UTC
google;goog_camp_002;goog_adset_003;goog_ad_003;29.06.2024;4678.6669;116966;935;345;331;2024-06-29 19:51:11 UTC
google;goog_camp_002;goog_adset_003;goog_ad_003;29.06.2024;4682.0146;117050;936;346;332;2024-06-30 00:03:59 UTC
google;goog_camp_002;goog_adset_003;goog_ad_003;30.06.2024;4688.7407;117218;937;346;332;2024-06-30 00:58:00 UTC
google;goog_camp_002;goog_adset_003;goog_ad_003;30.06.2024;4695.4667;117386;938;346;332;2024-06-30 12:38:29 UTC
google;goog_camp_002;goog_adset_003;goog_ad_003;30.06.2024;4702.1928;117554;940;347;333;2024-07-01 00:04:59 UTC
google;goog_camp_002;goog_adset_003;goog_ad_003;01.07.2024;4708.3597;117708;941;347;333;2024-07-01 00:36:00 UTC
google;goog_camp_002;goog_adset_003;goog_ad_003;01.07.2024;4714.5266;117862;942;348;334;2024-07-01 08:27:39 UTC
google;goog_camp_002;goog_adset_003;goog_ad_003;01.07.2024;4720.6936;118016;943;348;334;2024-07-01 16:15:19 UTC
google;goog_camp_002;goog_adset_003;goog_ad_003;01.07.2024;4726.8605;118171;945;349;335;2024-07-02 00:14:59 UTC
google;goog_camp_002;goog_adset_003;goog_ad_003;02.07.2024;4729.9432;118248;945;349;335;2024-07-02 03:27:00 UTC
google;goog_camp_002;goog_adset_003;goog_ad_003;02.07.2024;4733.026;118325;946;349;335;2024-07-02 07:35:59 UTC
google;goog_camp_002;goog_adset_003;goog_ad_003;02.07.2024;4736.1087;118402;947;350;335;2024-07-02 11:50:59 UTC
google;goog_camp_002;goog_adset_003;goog_ad_003;02.07.2024;4739.1914;118479;947;350;335;2024-07-02 15:59:59 UTC
google;goog_camp_002;goog_adset_003;goog_ad_003;02.07.2024;4742.2742;118556;948;350;335;2024-07-02 20:07:59 UTC
google;goog_camp_002;goog_adset_003;goog_ad_003;02.07.2024;4745.3569;118633;949;351;336;2024-07-03 00:11:59 UTC
google;goog_camp_002;goog_adset_003;goog_ad_003;03.07.2024;4754.1835;118853;950;351;336;2024-07-03 03:16:00 UTC
google;goog_camp_002;goog_adset_003;goog_ad_003;03.07.2024;4763.0101;119074;952;352;337;2024-07-03 08:37:44 UTC
google;goog_camp_002;goog_adset_003;goog_ad_003;03.07.2024;4771.8366;119295;953;352;338;2024-07-03 13:40:29 UTC
google;goog_camp_002;goog_adset_003;goog_ad_003;03.07.2024;4780.6632;119516;955;353;339;2024-07-03 18:54:14 UTC
google;goog_camp_002;goog_adset_003;goog_ad_003;03.07.2024;4789.4898;119737;957;354;340;2024-07-04 00:10:59 UTC
google;goog_camp_002;goog_adset_003;goog_ad_003;04.07.2024;4791.2861;119781;957;354;340;2024-07-04 02:47:00 UTC
google;goog_camp_002;goog_adset_003;goog_ad_003;04.07.2024;4793.0824;119826;957;354;340;2024-07-04 08:06:29 UTC
google;goog_camp_002;goog_adset_003;goog_ad_003;04.07.2024;4794.8787;119871;958;354;340;2024-07-04 13:25:59 UTC
google;goog_camp_002;goog_adset_003;goog_ad_003;04.07.2024;4796.675;119916;958;354;340;2024-07-04 18:50:29 UTC
google;goog_camp_002;goog_adset_003;goog_ad_003;04.07.2024;4798.4713;119961;959;355;340;2024-07-05 00:14:59 UTC
google;goog_camp_002;goog_adset_003;goog_ad_003;05.07.2024;4802.92;120072;960;355;340;2024-07-05 03:09:00 UTC
google;goog_camp_002;goog_adset_003;goog_ad_003;05.07.2024;4807.3688;120183;961;355;340;2024-07-05 07:19:11 UTC
google;goog_camp_002;goog_adset_003;goog_ad_003;05.07.2024;4811.8175;120295;962;356;341;2024-07-05 11:24:23 UTC
google;goog_camp_002;goog_adset_003;goog_ad_003;05.07.2024;4816.2662;120406;963;356;341;2024-07-05 15:36:35 UTC
google;goog_camp_002;goog_adset_003;goog_ad_003;05.07.2024;4820.715;120517;964;356;341;2024-07-05 19:52:47 UTC
google;goog_camp_002;goog_adset_003;goog_ad_003;05.07.2024;4825.1637;120629;965;357;342;2024-07-06 00:10:59 UTC
google;goog_camp_002;goog_adset_003;goog_ad_003;06.07.2024;4834.3155;120857;966;357;342;2024-07-06 01:17:00 UTC
google;goog_camp_002;goog_adset_003;goog_ad_003;06.07.2024;4843.4673;121086;968;358;343;2024-07-06 12:50:29 UTC
google;goog_camp_002;goog_adset_003;goog_ad_003;06.07.2024;4852.6191;121315;970;359;344;2024-07-07 00:07:59 UTC
google;goog_camp_002;goog_adset_003;goog_ad_003;07.07.2024;4855.0521;121375;970;359;344;2024-07-07 00:50:00 UTC
google;goog_camp_002;goog_adset_003;goog_ad_003;07.07.2024;4857.4851;121436;971;359;344;2024-07-07 08:34:59 UTC
google;goog_camp_002;goog_adset_003;goog_ad_003;07.07.2024;4859.9181;121497;971;359;344;2024-07-07 16:19:59 UTC
google;goog_camp_002;goog_adset_003;goog_ad_003;07.07.2024;4862.3511;121558;972;359;345;2024-07-08 00:00:59 UTC
google;goog_camp_002;goog_adset_003;goog_ad_003;08.07.2024;4868.9761;121723;973;359;345;2024-07-08 02:58:00 UTC
google;goog_camp_002;goog_adset_003;goog_ad_003;08.07.2024;4875.6011;121889;974;360;346;2024-07-08 10:00:19 UTC
google;goog_camp_002;goog_adset_003;goog_ad_003;08.07.2024;4882.2261;122055;975;360;346;2024-07-08 17:09:39 UTC
google;goog_camp_002;goog_adset_003;goog_ad_003;08.07.2024;4888.8511;122221;977;361;347;2024-07-09 00:12:59 UTC
google;goog_camp_002;goog_adset_003;goog_ad_003;09.07.2024;4898.1764;122454;979;361;347;2024-07-09 02:40:00 UTC
google;goog_camp_002;goog_adset_003;goog_ad_003;09.07.2024;4907.5018;122687;981;362;348;2024-07-09 13:15:59 UTC
google;goog_camp_002;goog_adset_003;goog_ad_003;09.07.2024;4916.8271;122920;983;363;349;2024-07-10 00:07:59 UTC
google;goog_camp_002;goog_adset_003;goog_ad_003;10.07.2024;4917.0464;122925;983;363;349;2024-07-10 03:08:00 UTC
google;goog_camp_002;goog_adset_003;goog_ad_003;10.07.2024;4917.2656;122931;983;363;349;2024-07-10 10:18:39 UTC
google;goog_camp_002;goog_adset_003;goog_ad_003;10.07.2024;4917.4848;122936;983;363;349;2024-07-10 17:03:19 UTC
google;goog_camp_002;goog_adset_003;goog_ad_003;10.07.2024;4917.7041;122942;983;363;349;2024-07-11 00:09:59 UTC
google;goog_camp_002;goog_adset_003;goog_ad_003;11.07.2024;4919.3452;122983;983;363;349;2024-07-11 01:42:00 UTC
google;goog_camp_002;goog_adset_003;goog_ad_003;11.07.2024;4920.9864;123024;983;363;349;2024-07-11 07:12:44 UTC
google;goog_camp_002;goog_adset_003;goog_ad_003;11.07.2024;4922.6275;123065;984;363;349;2024-07-11 12:59:29 UTC
google;goog_camp_002;goog_adset_003;goog_ad_003;11.07.2024;4924.2687;123106;984;363;349;2024-07-11 18:26:14 UTC
google;goog_camp_002;goog_adset_003;goog_ad_003;11.07.2024;4925.9098;123147;985;364;349;2024-07-12 00:12:59 UTC
google;goog_camp_002;goog_adset_003;goog_ad_003;12.07.2024;4944.4498;123610;988;365;350;2024-07-12 00:32:00 UTC
google;goog_camp_002;goog_adset_003;goog_ad_003;12.07.2024;4962.9899;124074;992;366;351;2024-07-12 12:21:29 UTC
google;goog_camp_002;goog_adset_003;goog_ad_003;12.07.2024;4981.5299;124538;996;368;353;2024-07-13 00:05:59 UTC
google;goog_camp_002;goog_adset_003;goog_ad_003;13.07.2024;4983.5139;124587;996;368;353;2024-07-13 03:53:00 UTC
google;goog_camp_002;goog_adset_003;goog_ad_003;13.07.2024;4985.498;124637;996;368;353;2024-07-13 07:58:35 UTC
google;goog_camp_002;goog_adset_003;goog_ad_003;13.07.2024;4987.482;124686;997;368;353;2024-07-13 11:57:11 UTC
google;goog_camp_002;goog_adset_003;goog_ad_003;13.07.2024;4989.466;124736;997;368;353;2024-07-13 16:05:47 UTC
google;goog_camp_002;goog_adset_003;goog_ad_003;13.07.2024;4991.4501;124785;997;368;353;2024-07-13 20:05:23 UTC
google;goog_camp_002;goog_adset_003;goog_ad_003;13.07.2024;4993.4341;124835;998;369;354;2024-07-14 00:04:59 UTC
google;goog_camp_002;goog_adset_003;goog_ad_003;14.07.2024;4994.7473;124868;998;369;354;2024-07-14 03:14:00 UTC
google;goog_camp_002;goog_adset_003;goog_ad_003;14.07.2024;4996.0605;124901;998;369;354;2024-07-14 06:03:53 UTC
google;goog_camp_002;goog_adset_003;goog_ad_003;14.07.2024;4997.3736;124934;999;369;354;2024-07-14 09:00:47 UTC
google;goog_camp_002;goog_adset_003;goog_ad_003;14.07.2024;4998.6868;124967;999;369;354;2024-07-14 12:05:40 UTC
google;goog_camp_002;goog_adset_003;goog_ad_003;14.07.2024;5000.0;125000;1000;370;355;2024-07-14 14:51:34 UTC
meta;fb_camp_001;fb_adset_001;fb_ad_001;02.01.2024;25.2637;1804;21;8;8;2024-01-02 01:26:01 UTC
meta;fb_camp_001;fb_adset_001;fb_ad_001;02.01.2024;50.5275;3608;42;16;16;2024-01-02 12:42:00 UTC
meta;fb_camp_001;fb_adset_001;fb_ad_001;02.01.2024;75.7912;5413;64;25;24;2024-01-03 00:00:59 UTC
meta;fb_camp_001;fb_adset_001;fb_ad_001;03.01.2024;81.132;5794;68;26;25;2024-01-03 00:36:00 UTC
meta;fb_camp_001;fb_adset_001;fb_ad_001;03.01.2024;86.4728;6176;73;28;27;2024-01-03 05:14:47 UTC
meta;fb_camp_001;fb_adset_001;fb_ad_001;03.01.2024;91.8136;6557;78;30;29;2024-01-03 09:52:35 UTC
meta;fb_camp_001;fb_adset_001;fb_ad_001;03.01.2024;97.1545;6939;82;32;30;2024-01-03 14:45:23 UTC
meta;fb_camp_001;fb_adset_001;fb_ad_001;03.01.2024;102.4953;7320;87;34;32;2024-01-03 19:19:11 UTC
meta;fb_camp_001;fb_adset_001;fb_ad_001;03.01.2024;107.8361;7702;92;36;34;2024-01-04 00:05:59 UTC
meta;fb_camp_001;fb_adset_001;fb_ad_001;04.01.2024;147.0217;10501;125;49;46;2024-01-04 02:04:00 UTC
meta;fb_camp_001;fb_adset_001;fb_ad_001;04.01.2024;186.2072;13300;159;63;59;2024-01-04 09:24:59 UTC
meta;fb_camp_001;fb_adset_001;fb_ad_001;04.01.2024;225.3928;16099;192;76;72;2024-01-04 16:50:59 UTC
meta;fb_camp_001;fb_adset_001;fb_ad_001;04.01.2024;264.5784;18898;226;90;85;2024-01-05 00:11:59 UTC
meta;fb_camp_001;fb_adset_001;fb_ad_001;05.01.2024;282.4294;20173;241;96;90;2024-01-05 01:03:00 UTC
meta;fb_camp_001;fb_adset_001;fb_ad_001;05.01.2024;300.2804;21448;256;102;96;2024-01-05 08:49:59 UTC
meta;fb_camp_001;fb_adset_001;fb_ad_001;05.01.2024;318.1313;22723;271;108;102;2024-01-05 16:23:59 UTC
meta;fb_camp_001;fb_adset_001;fb_ad_001;05.01.2024;335.9823;23998;287;115;108;2024-01-06 00:01:59 UTC
meta;fb_camp_001;fb_adset_001;fb_ad_001;06.01.2024;346.6578;24760;296;118;111;2024-01-06 03:39:00 UTC
meta;fb_camp_001;fb_adset_001;fb_ad_001;06.01.2024;357.3333;25523;305;122;114;2024-01-06 08:48:44 UTC
meta;fb_camp_001;fb_adset_001;fb_ad_001;06.01.2024;368.0088;26285;314;125;118;2024-01-06 13:53:29 UTC
meta;fb_camp_001;fb_adset_001;fb_ad_001;06.01.2024;378.6843;27048;323;129;121;2024-01-06 19:00:14 UTC
meta;fb_camp_001;fb_adset_001;fb_ad_001;06.01.2024;389.3598;27811;333;133;125;2024-01-07 00:02:59 UTC
meta;fb_camp_001;fb_adset_001;fb_ad_001;07.01.2024;403.5616;28825;345;137;129;2024-01-07 04:01:00 UTC
meta;fb_camp_001;fb_adset_001;fb_ad_001;07.01.2024;417.7634;29840;357;142;134;2024-01-07 10:41:19 UTC
meta;fb_camp_001;fb_adset_001;fb_ad_001;07.01.2024;431.9651;30854;369;147;138;2024-01-07 17:27:39 UTC
meta;fb_camp_001;fb_adset_001;fb_ad_001;07.01.2024;446.1669;31869;382;152;143;2024-01-08 00:05:59 UTC
meta;fb_camp_001;fb_adset_001;fb_ad_001;08.01.2024;456.7104;32622;391;155;146;2024-01-08 02:25:00 UTC
meta;fb_camp_001;fb_adset_001;fb_ad_001;08.01.2024;467.2538;33375;400;159;150;2024-01-08 09:39:19 UTC
meta;fb_camp_001;fb_adset_001;fb_ad_001;08.01.2024;477.7972;34128;409;163;153;2024-01-08 16:58:39 UTC
meta;fb_camp_001;fb_adset_001;fb_ad_001;08.01.2024;488.3407;34881;418;167;157;2024-01-09 00:02:59 UTC
meta;fb_camp_001;fb_adset_001;fb_ad_001;09.01.2024;489.9337;34994;419;167;157;2024-01-09 02:58:00 UTC
meta;fb_camp_001;fb_adset_001;fb_ad_001;09.01.2024;491.5267;35108;420;168;158;2024-01-09 07:05:47 UTC
meta;fb_camp_001;fb_adset_001;fb_ad_001;09.01.2024;493.1198;35222;422;168;158;2024-01-09 11:18:35 UTC
meta;fb_camp_001;fb_adset_001;fb_ad_001;09.01.2024;494.7128;35336;423;169;159;2024-01-09 15:33:23 UTC
meta;fb_camp_001;fb_adset_001;fb_ad_001;09.01.2024;496.3058;35450;424;169;159;2024-01-09 19:57:11 UTC
meta;fb_camp_001;fb_adset_001;fb_ad_001;09.01.2024;497.8988;35564;426;170;160;2024-01-10 00:00:59 UTC
meta;fb_camp_001;fb_adset_001;fb_ad_001;10.01.2024;503.6913;35977;431;172;161;2024-01-10 00:21:00 UTC
meta;fb_camp_001;fb_adset_001;fb_ad_001;10.01.2024;509.4839;36391;436;174;163;2024-01-10 05:02:47 UTC
meta;fb_camp_001;fb_adset_001;fb_ad_001;10.01.2024;515.2764;36805;441;176;165;2024-01-10 09:57:35 UTC
meta;fb_camp_001;fb_adset_001;fb_ad_001;10.01.2024;521.0689;37218;446;178;167;2024-01-10 14:41:23 UTC
meta;fb_camp_001;fb_adset_001;fb_ad_001;10.01.2024;526.8615;37632;451;180;169;2024-01-10 19:24:11 UTC
meta;fb_camp_001;fb_adset_001;fb_ad_001;10.01.2024;532.654;38046;456;182;171;2024-01-11 00:03:59 UTC
meta;fb_camp_001;fb_adset_001;fb_ad_001;11.01.2024;580.7206;41479;497;198;186;2024-01-11 03:15:00 UTC
meta;fb_camp_001;fb_adset_001;fb_ad_001;11.01.2024;628.7872;44912;538;215;202;2024-01-11 13:46:29 UTC
meta;fb_camp_001;fb_adset_001;fb_ad_001;11.01.2024;676.8538;48346;580;232;218;2024-01-12 00:01:59 UTC
meta;fb_camp_001;fb_adset_001;fb_ad_001;12.01.2024;692.1991;49442;593;237;222;2024-01-12 02:23:00 UTC
meta;fb_camp_001;fb_adset_001;fb_ad_001;12.01.2024;707.5444;50538;606;242;227;2024-01-12 09:44:19 UTC
meta;fb_camp_001;fb_adset_001;fb_ad_001;12.01.2024;722.8898;51634;619;247;232;2024-01-12 17:01:39 UTC
meta;fb_camp_001;fb_adset_001;fb_ad_001;12.01.2024;738.2351;52731;632;253;237;2024-01-13 00:01:59 UTC
meta;fb_camp_001;fb_adset_001;fb_ad_001;13.01.2024;759.4894;54249;650;260;244;2024-01-13 03:05:00 UTC
meta;fb_camp_001;fb_adset_001;fb_ad_001;13.01.2024;780.7437;55767;668;267;251;2024-01-13 08:18:59 UTC
meta;fb_camp_001;fb_adset_001;fb_ad_001;13.01.2024;801.9979;57285;686;274;258;2024-01-13 13:33:59 UTC
meta;fb_camp_001;fb_adset_001;fb_ad_001;13.01.2024;823.2522;58803;704;281;265;2024-01-13 18:56:59 UTC
meta;fb_camp_001;fb_adset_001;fb_ad_001;13.01.2024;844.5065;60321;723;289;272;2024-01-14 00:01:59 UTC
meta;fb_camp_001;fb_adset_001;fb_ad_001;14.01.2024;866.1727;61868;741;296;278;2024-01-14 02:52:00 UTC
meta;fb_camp_001;fb_adset_001;fb_ad_001;14.01.2024;887.8389;63416;760;303;285;2024-01-14 08:19:29 UTC
meta;fb_camp_001;fb_adset_001;fb_ad_001;14.01.2024;909.5052;64963;778;311;292;2024-01-14 13:25:59 UTC
meta;fb_camp_001;fb_adset_001;fb_ad_001;14.01.2024;931.1714;66511;797;318;299;2024-01-14 18:43:29 UTC
meta;fb_camp_001;fb_adset_001;fb_ad_001;14.01.2024;952.8376;68059;816;326;306;2024-01-15 00:06:59 UTC
meta;fb_camp_001;fb_adset_001;fb_ad_001;15.01.2024;961.2219;68658;823;328;308;2024-01-15 03:25:00 UTC
meta;fb_camp_001;fb_adset_001;fb_ad_001;15.01.2024;969.6062;69257;830;331;311;2024-01-15 07:26:59 UTC
meta;fb_camp_001;fb_adset_001;fb_ad_001;15.01.2024;977.9904;69856;837;334;314;2024-01-15 11:37:59 UTC
meta;fb_camp_001;fb_adset_001;fb_ad_001;15.01.2024;986.3747;70455;844;337;317;2024-01-15 15:54:59 UTC
meta;fb_camp_001;fb_adset_001;fb_ad_001;15.01.2024;994.759;71054;851;340;320;2024-01-15 19:56:59 UTC
meta;fb_camp_001;fb_adset_001;fb_ad_001;15.01.2024;1003.1433;71653;859;343;323;2024-01-16 00:05:59 UTC
meta;fb_camp_001;fb_adset_001;fb_ad_001;16.01.2024;1016.9247;72637;870;347;327;2024-01-16 01:01:00 UTC
meta;fb_camp_001;fb_adset_001;fb_ad_001;16.01.2024;1030.706;73621;882;352;331;2024-01-16 05:43:23 UTC
meta;fb_camp_001;fb_adset_001;fb_ad_001;16.01.2024;1044.4874;74606;894;357;336;2024-01-16 10:21:47 UTC
meta;fb_camp_001;fb_adset_001;fb_ad_001;16.01.2024;1058.2688;75590;906;362;340;2024-01-16 14:55:11 UTC
meta;fb_camp_001;fb_adset_001;fb_ad_001;16.01.2024;1072.0501;76574;918;367;344;2024-01-16 19:33:35 UTC
meta;fb_camp_001;fb_adset_001;fb_ad_001;16.01.2024;1085.8315;77559;930;372;349;2024-01-17 00:12:59 UTC
meta;fb_camp_001;fb_adset_001;fb_ad_001;17.01.2024;1088.5335;77752;932;372;350;2024-01-17 01:30:00 UTC
meta;fb_camp_001;fb_adset_001;fb_ad_001;17.01.2024;1091.2355;77945;934;373;351;2024-01-17 09:11:39 UTC
meta;fb_camp_001;fb_adset_001;fb_ad_001;17.01.2024;1093.9376;78138;936;374;352;2024-01-17 16:43:19 UTC
meta;fb_camp_001;fb_adset_001;fb_ad_001;17.01.2024;1096.6396;78331;939;375;353;2024-01-18 00:00:59 UTC
meta;fb_camp_001;fb_adset_001;fb_ad_001;18.01.2024;1123.9592;80282;962;384;361;2024-01-18 00:25:00 UTC
meta;fb_camp_001;fb_adset_001;fb_ad_001;18.01.2024;1151.2789;82233;986;393;370;2024-01-18 06:16:59 UTC
meta;fb_camp_001;fb_adset_001;fb_ad_001;18.01.2024;1178.5985;84185;1009;403;379;2024-01-18 12:11:59 UTC
meta;fb_camp_001;fb_adset_001;fb_ad_001;18.01.2024;1205.9182;86136;1033;412;388;2024-01-18 18:10:59 UTC
meta;fb_camp_001;fb_adset_001;fb_ad_001;18.01.2024;1233.2378;88088;1057;422;397;2024-01-19 00:02:59 UTC
meta;fb_camp_001;fb_adset_001;fb_ad_001;19.01.2024;1254.7948;89627;1075;429;403;2024-01-19 01:48:00 UTC
meta;fb_camp_001;fb_adset_001;fb_ad_001;19.01.2024;1276.3519;91167;1093;437;410;2024-01-19 06:21:47 UTC
meta;fb_camp_001;fb_adset_001;fb_ad_001;19.01.2024;1297.9089;92707;1112;444;417;2024-01-19 10:54:35 UTC
meta;fb_camp_001;fb_adset_001;fb_ad_001;19.01.2024;1319.4659;94247;1130;452;424;2024-01-19 15:08:23 UTC
meta;fb_camp_001;fb_adset_001;fb_ad_001;19.01.2024;1341.023;95787;1148;459;431;2024-01-19 19:39:11 UTC
meta;fb_camp_001;fb_adset_001;fb_ad_001;19.01.2024;1362.58;97327;1167;467;438;2024-01-20 00:09:59 UTC
meta;fb_camp_001;fb_adset_001;fb_ad_001;20.01.2024;1374.9652;98211;1177;471;442;2024-01-20 00:38:00 UTC
meta;fb_camp_001;fb_adset_001;fb_ad_001;20.01.2024;1387.3503;99096;1188;475;446;2024-01-20 05:12:35 UTC
meta;fb_camp_001;fb_adset_001;fb_ad_001;20.01.2024;1399.7355;99981;1199;479;450;2024-01-20 10:02:11 UTC
meta;fb_camp_001;fb_adset_001;fb_ad_001;20.01.2024;1412.1207;100865;1209;483;454;2024-01-20 14:49:47 UTC
meta;fb_camp_001;fb_adset_001;fb_ad_001;20.01.2024;1424.5058;101750;1220;487;458;2024-01-20 19:24:23 UTC
meta;fb_camp_001;fb_adset_001;fb_ad_001;20.01.2024;1436.891;102635;1231;492;462;2024-01-21 00:02:59 UTC
meta;fb_camp_001;fb_adset_001;fb_ad_001;21.01.2024;1457.8989;104135;1249;499;469;2024-01-21 00:25:00 UTC
meta;fb_camp_001;fb_adset_001;fb_ad_001;21.01.2024;1478.9067;105635;1267;506;476;2024-01-21 12:14:29 UTC
meta;fb_camp_001;fb_adset_001;fb_ad_001;21.01.2024;1499.9146;107136;1285;514;483;2024-01-22 00:06:59 UTC
meta;fb_camp_001;fb_adset_001;fb_ad_001;22.01.2024;1510.0781;107862;1293;517;486;2024-01-22 02:23:00 UTC
meta;fb_camp_001;fb_adset_001;fb_ad_001;22.01.2024;1520.2415;108588;1302;520;489;2024-01-22 07:46:14 UTC
meta;fb_camp_001;fb_adset_001;fb_ad_001;22.01.2024;1530.405;109314;1311;524;492;2024-01-22 13:10:29 UTC
meta;fb_camp_001;fb_adset_001;fb_ad_001;22.01.2024;1540.5684;110040;1320;527;495;2024-01-22 18:41:44 UTC
meta;fb_camp_001;fb_adset_001;fb_ad_001;22.01.2024;1550.7319;110766;1329;531;499;2024-01-23 00:09:59 UTC
meta;fb_camp_001;fb_adset_001;fb_ad_001;23.01.2024;1569.8355;112130;1345;537;505;2024-01-23 01:09:00 UTC
meta;fb_camp_001;fb_adset_001;fb_ad_001;23.01.2024;1588.9391;113495;1361;544;511;2024-01-23 05:39:23 UTC
meta;fb_camp_001;fb_adset_001;fb_ad_001;23.01.2024;1608.0428;114859;1378;550;517;2024-01-23 10:20:47 UTC
meta;fb_camp_001;fb_adset_001;fb_ad_001;23.01.2024;1627.1464;116224;1394;557;523;2024-01-23 14:51:11 UTC
meta;fb_camp_001;fb_adset_001;fb_ad_001;23.01.2024;1646.25;117588;1410;563;529;2024-01-23 19:29:35 UTC
meta;fb_camp_001;fb_adset_001;fb_ad_001;23.01.2024;1665.3536;118953;1427;570;536;2024-01-24 00:13:59 UTC
meta;fb_camp_001;fb_adset_001;fb_ad_001;24.01.2024;1680.2546;120017;1439;575;540;2024-01-24 01:07:00 UTC
meta;fb_camp_001;fb_adset_001;fb_ad_001;24.01.2024;1695.1557;121081;1452;580;545;2024-01-24 05:44:47 UTC
meta;fb_camp_001;fb_adset_001;fb_ad_001;24.01.2024;1710.0567;122146;1465;585;550;2024-01-24 10:18:35 UTC
meta;fb_camp_001;fb_adset_001;fb_ad_001;24.01.2024;1724.9577;123210;1478;590;555;2024-01-24 15:01:23 UTC
meta;fb_camp_001;fb_adset_001;fb_ad_001;24.01.2024;1739.8588;124274;1491;595;560;2024-01-24 19:30:11 UTC
meta;fb_camp_001;fb_adset_001;fb_ad_001;24.01.2024;1754.7598;125339;1504;601;565;2024-01-25 00:01:59 UTC
meta;fb_camp_001;fb_adset_001;fb_ad_001;25.01.2024;1761.1936;125798;1509;603;567;2024-01-25 00:32:00 UTC
meta;fb_camp_001;fb_adset_001;fb_ad_001;25.01.2024;1767.6275;126258;1515;605;569;2024-01-25 05:10:11 UTC
meta;fb_camp_001;fb_adset_001;fb_ad_001;25.01.2024;1774.0614;126718;1520;607;571;2024-01-25 09:55:23 UTC
meta;fb_camp_001;fb_adset_001;fb_ad_001;25.01.2024;1780.4952;127177;1526;609;573;2024-01-25 14:39:35 UTC
meta;fb_camp_001;fb_adset_001;fb_ad_001;25.01.2024;1786.9291;127637;1531;611;575;2024-01-25 19:30:47 UTC
meta;fb_camp_001;fb_adset_001;fb_ad_001;25.01.2024;1793.3629;128097;1537;614;577;2024-01-26 00:10:59 UTC
meta;fb_camp_001;fb_adset_001;fb_ad_001;26.01.2024;1797.0876;128363;1540;615;578;2024-01-26 00:50:00 UTC
meta;fb_camp_001;fb_adset_001;fb_ad_001;26.01.2024;1800.8124;128629;1543;616;579;2024-01-26 06:37:44 UTC
meta;fb_camp_001;fb_adset_001;fb_ad_001;26.01.2024;1804.5371;128895;1546;618;580;2024-01-26 12:23:29 UTC
meta;fb_camp_001;fb_adset_001;fb_ad_001;26.01.2024;1808.2619;129161;1549;619;581;2024-01-26 18:16:14 UTC
meta;fb_camp_001;fb_adset_001;fb_ad_001;26.01.2024;1811.9866;129427;1553;621;583;2024-01-27 00:14:59 UTC
meta;fb_camp_001;fb_adset_001;fb_ad_001;27.01.2024;1814.5355;129609;1555;621;583;2024-01-27 02:19:00 UTC
meta;fb_camp_001;fb_adset_001;fb_ad_001;27.01.2024;1817.0844;129791;1557;622;584;2024-01-27 06:33:47 UTC
meta;fb_camp_001;fb_adset_001;fb_ad_001;27.01.2024;1819.6332;129973;1559;623;585;2024-01-27 10:59:35 UTC
meta;fb_camp_001;fb_adset_001;fb_ad_001;27.01.2024;1822.1821;130155;1561;624;586;2024-01-27 15:24:23 UTC
meta;fb_camp_001;fb_adset_001;fb_ad_001;27.01.2024;1824.731;130337;1563;625;587;2024-01-27 19:46:11 UTC
meta;fb_camp_001;fb_adset_001;fb_ad_001;27.01.2024;1827.2799;130519;1566;626;588;2024-01-28 00:04:59 UTC
meta;fb_camp_001;fb_adset_001;fb_ad_001;28.01.2024;1855.733;132551;1590;635;597;2024-01-28 02:37:00 UTC
meta;fb_camp_001;fb_adset_001;fb_ad_001;28.01.2024;1884.1862;134584;1614;645;606;2024-01-28 09:46:59 UTC
meta;fb_camp_001;fb_adset_001;fb_ad_001;28.01.2024;1912.6394;136616;1638;655;615;2024-01-28 17:04:59 UTC
meta;fb_camp_001;fb_adset_001;fb_ad_001;28.01.2024;1941.0925;138649;1663;665;625;2024-01-29 00:11:59 UTC
meta;fb_camp_001;fb_adset_001;fb_ad_001;29.01.2024;1957.7509;139839;1677;670;630;2024-01-29 00:48:00 UTC
meta;fb_camp_001;fb_adset_001;fb_ad_001;29.01.2024;1974.4094;141029;1691;676;635;2024-01-29 12:33:59 UTC
meta;fb_camp_001;fb_adset_001;fb_ad_001;29.01.2024;1991.0678;142219;1706;682;641;2024-01-30 00:08:59 UTC
meta;fb_camp_001;fb_adset_001;fb_ad_001;30.01.2024;2003.309;143093;1716;686;645;2024-01-30 01:36:00 UTC
meta;fb_camp_001;fb_adset_001;fb_ad_001;30.01.2024;2015.5502;143967;1727;690;649;2024-01-30 06:17:59 UTC
meta;fb_camp_001;fb_adset_001;fb_ad_001;30.01.2024;2027.7914;144842;1737;694;653;2024-01-30 10:39:59 UTC
meta;fb_camp_001;fb_adset_001;fb_ad_001;30.01.2024;2040.0325;145716;1748;698;657;2024-01-30 15:15:59 UTC
meta;fb_camp_001;fb_adset_001;fb_ad_001;30.01.2024;2052.2737;146590;1758;702;661;2024-01-30 19:39:59 UTC
meta;fb_camp_001;fb_adset_001;fb_ad_001;30.01.2024;2064.5149;147465;1769;707;665;2024-01-31 00:06:59 UTC
meta;fb_camp_001;fb_adset_001;fb_ad_001;31.01.2024;2073.6787;148119;1776;710;667;2024-01-31 01:35:00 UTC
meta;fb_camp_001;fb_adset_001;fb_ad_001;31.01.2024;2082.8425;148774;1784;713;670;2024-01-31 06:01:59 UTC
meta;fb_camp_001;fb_adset_001;fb_ad_001;31.01.2024;2092.0063;149428;1792;716;673;2024-01-31 10:36:59 UTC
meta;fb_camp_001;fb_adset_001;fb_ad_001;31.01.2024;2101.1701;150083;1800;719;676;2024-01-31 15:14:59 UTC
meta;fb_camp_001;fb_adset_001;fb_ad_001;31.01.2024;2110.3339;150737;1808;722;679;2024-01-31 19:43:59 UTC
meta;fb_camp_001;fb_adset_001;fb_ad_001;31.01.2024;2119.4977;151392;1816;726;682;2024-02-01 00:11:59 UTC
meta;fb_camp_001;fb_adset_001;fb_ad_001;01.02.2024;2124.6651;151761;1820;727;683;2024-02-01 01:20:00 UTC
meta;fb_camp_001;fb_adset_001;fb_ad_001;01.02.2024;2129.8325;152130;1824;729;685;2024-02-01 12:41:29 UTC
meta;fb_camp_001;fb_adset_001;fb_ad_001;01.02.2024;2134.9999;152499;1829;731;687;2024-02-02 00:02:59 UTC
meta;fb_camp_001;fb_adset_001;fb_ad_001;02.02.2024;2137.7724;152697;1831;732;688;2024-02-02 01:55:00 UTC
meta;fb_camp_001;fb_adset_001;fb_ad_001;02.02.2024;2140.545;152895;1834;733;689;2024-02-02 09:16:59 UTC
meta;fb_camp_001;fb_adset_001;fb_ad_001;02.02.2024;2143.3175;153093;1836;734;690;2024-02-02 16:37:59 UTC
meta;fb_camp_001;fb_adset_001;fb_ad_001;02.02.2024;2146.0901;153292;1839;735;691;2024-02-03 00:06:59 UTC
meta;fb_camp_001;fb_adset_001;fb_ad_001;03.02.2024;2158.2491;154160;1849;739;695;2024-02-03 03:26:00 UTC
meta;fb_camp_001;fb_adset_001;fb_ad_001;03.02.2024;2170.408;155028;1859;743;699;2024-02-03 13:46:59 UTC
meta;fb_camp_001;fb_adset_001;fb_ad_001;03.02.2024;2182.567;155897;1870;748;703;2024-02-04 00:02:59 UTC
meta;fb_camp_001;fb_adset_001;fb_ad_001;04.02.2024;2190.379;156455;1876;750;705;2024-02-04 03:10:00 UTC
meta;fb_camp_001;fb_adset_001;fb_ad_001;04.02.2024;2198.1909;157013;1883;753;707;2024-02-04 08:28:29 UTC
meta;fb_camp_001;fb_adset_001;fb_ad_001;04.02.2024;2206.0029;157571;1890;755;710;2024-02-04 13:41:59 UTC
meta;fb_camp_001;fb_adset_001;fb_ad_001;04.02.2024;2213.8148;158129;1897;758;712;2024-02-04 18:46:29 UTC
meta;fb_camp_001;fb_adset_001;fb_ad_001;04.02.2024;2221.6268;158687;1904;761;715;2024-02-05 00:01:59 UTC
meta;fb_camp_001;fb_adset_001;fb_ad_001;05.02.2024;2228.1334;159151;1909;763;717;2024-02-05 03:41:00 UTC
meta;fb_camp_001;fb_adset_001;fb_ad_001;05.02.2024;2234.64;159616;1915;765;719;2024-02-05 07:53:59 UTC
meta;fb_camp_001;fb_adset_001;fb_ad_001;05.02.2024;2241.1466;160081;1920;767;721;2024-02-05 11:49:59 UTC
meta;fb_camp_001;fb_adset_001;fb_ad_001;05.02.2024;2247.6532;160546;1926;769;723;2024-02-05 15:58:59 UTC
meta;fb_camp_001;fb_adset_001;fb_ad_001;05.02.2024;2254.1598;161011;1931;771;725;2024-02-05 20:02:59 UTC
meta;fb_camp_001;fb_adset_001;fb_ad_001;05.02.2024;2260.6664;161476;1937;774;728;2024-02-06 00:14:59 UTC
meta;fb_camp_001;fb_adset_001;fb_ad_001;06.02.2024;2273.9881;162427;1948;778;732;2024-02-06 03:14:00 UTC
meta;fb_camp_001;fb_adset_001;fb_ad_001;06.02.2024;2287.3097;163378;1959;783;736;2024-02-06 13:36:29 UTC
meta;fb_camp_001;fb_adset_001;fb_ad_001;06.02.2024;2300.6314;164330;1971;788;741;2024-02-07 00:02:59 UTC
meta;fb_camp_001;fb_adset_001;fb_ad_001;07.02.2024;2363.2741;168804;2024;809;761;2024-02-07 00:49:00 UTC
meta;fb_camp_001;fb_adset_001;fb_ad_001;07.02.2024;2425.9167;173279;2078;831;781;2024-02-07 12:19:59 UTC
meta;fb_camp_001;fb_adset_001;fb_ad_001;07.02.2024;2488.5594;177754;2132;853;801;2024-02-08 00:12:59 UTC
meta;fb_camp_001;fb_adset_001;fb_ad_001;08.02.2024;2509.5965;179256;2150;860;807;2024-02-08 03:03:00 UTC
meta;fb_camp_001;fb_adset_001;fb_ad_001;08.02.2024;2530.6336;180759;2168;867;814;2024-02-08 08:16:59 UTC
meta;fb_camp_001;fb_adset_001;fb_ad_001;08.02.2024;2551.6708;182261;2186;874;821;2024-02-08 13:34:59 UTC
meta;fb_camp_001;fb_adset_001;fb_ad_001;08.02.2024;2572.7079;183764;2204;881;828;2024-02-08 18:54:59 UTC
meta;fb_camp_001;fb_adset_001;fb_ad_001;08.02.2024;2593.745;185267;2223;889;835;2024-02-09 00:07:59 UTC
meta;fb_camp_001;fb_adset_001;fb_ad_001;09.02.2024;2604.083;186005;2231;892;838;2024-02-09 00:16:00 UTC
meta;fb_camp_001;fb_adset_001;fb_ad_001;09.02.2024;2614.421;186744;2240;896;841;2024-02-09 05:03:47 UTC
meta;fb_camp_001;fb_adset_001;fb_ad_001;09.02.2024;2624.759;187482;2249;899;845;2024-02-09 09:45:35 UTC
meta;fb_camp_001;fb_adset_001;fb_ad_001;09.02.2024;2635.0969;188221;2258;903;848;2024-02-09 14:38:23 UTC
meta;fb_camp_001;fb_adset_001;fb_ad_001;09.02.2024;2645.4349;188959;2267;906;851;2024-02-09 19:24:11 UTC
meta;fb_camp_001;fb_adset_001;fb_ad_001;09.02.2024;2655.7729;189698;2276;910;855;2024-02-10 00:10:59 UTC
meta;fb_camp_001;fb_adset_001;fb_ad_001;10.02.2024;2663.942;190281;2283;912;857;2024-02-10 00:40:00 UTC
meta;fb_camp_001;fb_adset_001;fb_ad_001;10.02.2024;2672.111;190865;2290;915;860;2024-02-10 05:22:59 UTC
meta;fb_camp_001;fb_adset_001;fb_ad_001;10.02.2024;2680.2801;191448;2297;918;863;2024-02-10 09:56:59 UTC
meta;fb_camp_001;fb_adset_001;fb_ad_001;10.02.2024;2688.4492;192032;2304;921;865;2024-02-10 14:45:59 UTC
meta;fb_camp_001;fb_adset_001;fb_ad_001;10.02.2024;2696.6182;192615;2311;924;868;2024-02-10 19:20:59 UTC
meta;fb_camp_001;fb_adset_001;fb_ad_001;10.02.2024;2704.7873;193199;2318;927;871;2024-02-11 00:00:59 UTC
meta;fb_camp_001;fb_adset_001;fb_ad_001;11.02.2024;2713.18;193798;2325;929;873;2024-02-11 03:03:00 UTC
meta;fb_camp_001;fb_adset_001;fb_ad_001;11.02.2024;2721.5728;194397;2332;932;876;2024-02-11 07:10:35 UTC
meta;fb_camp_001;fb_adset_001;fb_ad_001;11.02.2024;2729.9655;194997;2339;935;879;2024-02-11 11:28:11 UTC
meta;fb_camp_001;fb_adset_001;fb_ad_001;11.02.2024;2738.3582;195596;2346;938;881;2024-02-11 15:48:47 UTC
meta;fb_camp_001;fb_adset_001;fb_ad_001;11.02.2024;2746.751;196195;2353;941;884;2024-02-11 20:00:23 UTC
meta;fb_camp_001;fb_adset_001;fb_ad_001;11.02.2024;2755.1437;196795;2361;944;887;2024-02-12 00:04:59 UTC
meta;fb_camp_001;fb_adset_001;fb_ad_001;12.02.2024;2772.5776;198040;2376;950;892;2024-02-12 03:01:00 UTC
meta;fb_camp_001;fb_adset_001;fb_ad_001;12.02.2024;2790.0115;199285;2391;956;898;2024-02-12 08:23:44 UTC
meta;fb_camp_001;fb_adset_001;fb_ad_001;12.02.2024;2807.4454;200531;2406;962;903;2024-02-12 13:38:29 UTC
meta;fb_camp_001;fb_adset_001;fb_ad_001;12.02.2024;2824.8793;201776;2421;968;909;2024-02-12 18:54:14 UTC
meta;fb_camp_001;fb_adset_001;fb_ad_001;12.02.2024;2842.3132;203022;2436;974;915;2024-02-13 00:01:59 UTC
meta;fb_camp_001;fb_adset_001;fb_ad_001;13.02.2024;2854.4789;203891;2446;978;919;2024-02-13 01:31:00 UTC
meta;fb_camp_001;fb_adset_001;fb_ad_001;13.02.2024;2866.6446;204760;2456;982;923;2024-02-13 09:00:39 UTC
meta;fb_camp_001;fb_adset_001;fb_ad_001;13.02.2024;2878.8102;205629;2466;986;927;2024-02-13 16:39:19 UTC
meta;fb_camp_001;fb_adset_001;fb_ad_001;13.02.2024;2890.9759;206498;2477;991;931;2024-02-14 00:13:59 UTC
meta;fb_camp_001;fb_adset_001;fb_ad_001;14.02.2024;2910.5801;207898;2493;997;937;2024-02-14 02:53:00 UTC
meta;fb_camp_001;fb_adset_001;fb_ad_001;14.02.2024;2930.1843;209298;2510;1004;943;2024-02-14 08:14:29 UTC
meta;fb_camp_001;fb_adset_001;fb_ad_001;14.02.2024;2949.7884;210698;2527;1010;949;2024-02-14 13:33:59 UTC
meta;fb_camp_001;fb_adset_001;fb_ad_001;14.02.2024;2969.3926;212098;2544;1017;955;2024-02-14 18:43:29 UTC
meta;fb_camp_001;fb_adset_001;fb_ad_001;14.02.2024;2988.9968;213499;2561;1024;962;2024-02-15 00:03:59 UTC
meta;fb_camp_001;fb_adset_001;fb_ad_001;15.02.2024;3000.1686;214297;2570;1027;965;2024-02-15 02:12:00 UTC
meta;fb_camp_001;fb_adset_001;fb_ad_001;15.02.2024;3011.3404;215095;2580;1031;969;2024-02-15 06:29:23 UTC
meta;fb_camp_001;fb_adset_001;fb_ad_001;15.02.2024;3022.5122;215893;2590;1035;973;2024-02-15 10:58:47 UTC
meta;fb_camp_001;fb_adset_001;fb_ad_001;15.02.2024;3033.6839;216691;2599;1039;976;2024-02-15 15:19:11 UTC
meta;fb_camp_001;fb_adset_001;fb_ad_001;15.02.2024;3044.8557;217489;2609;1043;980;2024-02-15 19:48:35 UTC
meta;fb_camp_001;fb_adset_001;fb_ad_001;15.02.2024;3056.0275;218287;2619;1047;984;2024-02-16 00:08:59 UTC
meta;fb_camp_001;fb_adset_001;fb_ad_001;16.02.2024;3093.8339;220987;2651;1060;996;2024-02-16 00:45:00 UTC
meta;fb_camp_001;fb_adset_001;fb_ad_001;16.02.2024;3131.6403;223687;2683;1073;1008;2024-02-16 06:26:59 UTC
meta;fb_camp_001;fb_adset_001;fb_ad_001;16.02.2024;3169.4467;226388;2716;1086;1020;2024-02-16 12:17:59 UTC
meta;fb_camp_001;fb_adset_001;fb_ad_001;16.02.2024;3207.2531;229088;2748;1099;1032;2024-02-16 18:12:59 UTC
meta;fb_camp_001;fb_adset_001;fb_ad_001;16.02.2024;3245.0595;231789;2781;1112;1045;2024-02-17 00:11:59 UTC
meta;fb_camp_001;fb_adset_001;fb_ad_001;17.02.2024;3252.798;232341;2787;1114;1047;2024-02-17 02:03:00 UTC
meta;fb_camp_001;fb_adset_001;fb_ad_001;17.02.2024;3260.5366;232894;2794;1117;1050;2024-02-17 06:24:11 UTC
meta;fb_camp_001;fb_adset_001;fb_ad_001;17.02.2024;3268.2752;233447;2801;1120;1052;2024-02-17 10:56:23 UTC
meta;fb_camp_001;fb_adset_001;fb_ad_001;17.02.2024;3276.0137;234000;2807;1122;1055;2024-02-17 15:17:35 UTC
meta;fb_camp_001;fb_adset_001;fb_ad_001;17.02.2024;3283.7522;234553;2814;1125;1057;2024-02-17 19:34:47 UTC
meta;fb_camp_001;fb_adset_001;fb_ad_001;17.02.2024;3291.4908;235106;2821;1128;1060;2024-02-18 00:02:59 UTC
meta;fb_camp_001;fb_adset_001;fb_ad_001;18.02.2024;3319.0605;237075;2844;1137;1068;2024-02-18 01:54:00 UTC
meta;fb_camp_001;fb_adset_001;fb_ad_001;18.02.2024;3346.6302;239044;2868;1147;1077;2024-02-18 09:19:19 UTC
meta;fb_camp_001;fb_adset_001;fb_ad_001;18.02.2024;3374.2;241013;2891;1156;1086;2024-02-18 16:38:39 UTC
meta;fb_camp_001;fb_adset_001;fb_ad_001;18.02.2024;3401.7697;242983;2915;1166;1095;2024-02-19 00:07:59 UTC
meta;fb_camp_001;fb_adset_001;fb_ad_001;19.02.2024;3408.5329;243466;2921;1168;1097;2024-02-19 02:49:00 UTC
meta;fb_camp_001;fb_adset_001;fb_ad_001;19.02.2024;3415.2962;243949;2927;1170;1099;2024-02-19 13:27:29 UTC
meta;fb_camp_001;fb_adset_001;fb_ad_001;19.02.2024;3422.0594;244432;2933;1173;1102;2024-02-20 00:05:59 UTC
meta;fb_camp_001;fb_adset_001;fb_ad_001;20.02.2024;3427.1607;244796;2937;1174;1103;2024-02-20 03:55:00 UTC
meta;fb_camp_001;fb_adset_001;fb_ad_001;20.02.2024;3432.2621;245161;2941;1176;1105;2024-02-20 07:45:59 UTC
meta;fb_camp_001;fb_adset_001;fb_ad_001;20.02.2024;3437.3634;245525;2946;1178;1107;2024-02-20 11:58:59 UTC
meta;fb_camp_001;fb_adset_001;fb_ad_001;20.02.2024;3442.4647;245890;2950;1179;1108;2024-02-20 15:52:59 UTC
meta;fb_camp_001;fb_adset_001;fb_ad_001;20.02.2024;3447.5661;246254;2954;1181;1110;2024-02-20 19:59:59 UTC
meta;fb_camp_001;fb_adset_001;fb_ad_001;20.02.2024;3452.6674;246619;2959;1183;1112;2024-02-21 00:05:59 UTC
meta;fb_camp_001;fb_adset_001;fb_ad_001;21.02.2024;3481.4886;248677;2983;1192;1121;2024-02-21 03:25:00 UTC
meta;fb_camp_001;fb_adset_001;fb_ad_001;21.02.2024;3510.3098;250736;3008;1202;1130;2024-02-21 07:28:47 UTC
meta;fb_camp_001;fb_adset_001;fb_ad_001;21.02.2024;3539.131;252795;3033;1212;1140;2024-02-21 11:40:35 UTC
meta;fb_camp_001;fb_adset_001;fb_ad_001;21.02.2024;3567.9522;254853;3057;1222;1149;2024-02-21 15:49:23 UTC
meta;fb_camp_001;fb_adset_001;fb_ad_001;21.02.2024;3596.7734;256912;3082;1232;1158;2024-02-21 19:56:11 UTC
meta;fb_camp_001;fb_adset_001;fb_ad_001;21.02.2024;3625.5946;258971;3107;1242;1168;2024-02-22 00:05:59 UTC
meta;fb_camp_001;fb_adset_001;fb_ad_001;22.02.2024;3649.3966;260671;3127;1250;1175;2024-02-22 03:01:00 UTC
meta;fb_camp_001;fb_adset_001;fb_ad_001;22.02.2024;3673.1986;262371;3148;1258;1183;2024-02-22 10:03:19 UTC
meta;fb_camp_001;fb_adset_001;fb_ad_001;22.02.2024;3697.0005;264071;3168;1266;1190;2024-02-22 16:57:39 UTC
meta;fb_camp_001;fb_adset_001;fb_ad_001;22.02.2024;3720.8025;265771;3189;1275;1198;2024-02-23 00:04:59 UTC
meta;fb_camp_001;fb_adset_001;fb_ad_001;23.02.2024;3745.601;267542;3210;1283;1206;2024-02-23 03:06:00 UTC
meta;fb_camp_001;fb_adset_001;fb_ad_001;23.02.2024;3770.3994;269313;3231;1291;1214;2024-02-23 13:45:29 UTC
meta;fb_camp_001;fb_adset_001;fb_ad_001;23.02.2024;3795.1979;271085;3252;1300;1222;2024-02-24 00:09:59 UTC
meta;fb_camp_001;fb_adset_001;fb_ad_001;24.02.2024;3850.3512;275024;3299;1319;1239;2024-02-24 01:45:00 UTC
meta;fb_camp_001;fb_adset_001;fb_ad_001;24.02.2024;3905.5044;278964;3347;1338;1257;2024-02-24 09:18:19 UTC
meta;fb_camp_001;fb_adset_001;fb_ad_001;24.02.2024;3960.6576;282903;3394;1357;1275;2024-02-24 16:37:39 UTC
meta;fb_camp_001;fb_adset_001;fb_ad_001;24.02.2024;4015.8109;286843;3442;1376;1293;2024-02-25 00:04:59 UTC
meta;fb_camp_001;fb_adset_001;fb_ad_001;25.02.2024;4024.0704;287433;3449;1378;1295;2024-02-25 01:08:00 UTC
meta;fb_camp_001;fb_adset_001;fb_ad_001;25.02.2024;4032.33;288023;3456;1381;1298;2024-02-25 05:44:59 UTC
meta;fb_camp_001;fb_adset_001;fb_ad_001;25.02.2024;4040.5896;288613;3463;1384;1301;2024-02-25 10:19:59 UTC
meta;fb_camp_001;fb_adset_001;fb_ad_001;25.02.2024;4048.8491;289203;3470;1387;1303;2024-02-25 14:46:59 UTC
meta;fb_camp_001;fb_adset_001;fb_ad_001;25.02.2024;4057.1086;289793;3477;1390;1306;2024-02-25 19:30:59 UTC
meta;fb_camp_001;fb_adset_001;fb_ad_001;25.02.2024;4065.3682;290383;3484;1393;1309;2024-02-26 00:14:59 UTC
meta;fb_camp_001;fb_adset_001;fb_ad_001;26.02.2024;4092.8938;292349;3507;1402;1318;2024-02-26 01:51:00 UTC
meta;fb_camp_001;fb_adset_001;fb_ad_001;26.02.2024;4120.4195;294315;3531;1412;1327;2024-02-26 09:06:19 UTC
meta;fb_camp_001;fb_adset_001;fb_ad_001;26.02.2024;4147.9451;296281;3554;1421;1336;2024-02-26 16:36:39 UTC
meta;fb_camp_001;fb_adset_001;fb_ad_001;26.02.2024;4175.4708;298247;3578;1431;1345;2024-02-27 00:04:59 UTC
meta;fb_camp_001;fb_adset_001;fb_ad_001;27.02.2024;4198.5906;299898;3597;1438;1352;2024-02-27 02:42:00 UTC
meta;fb_camp_001;fb_adset_001;fb_ad_001;27.02.2024;4221.7105;301549;3617;1446;1359;2024-02-27 07:57:14 UTC
meta;fb_camp_001;fb_adset_001;fb_ad_001;27.02.2024;4244.8303;303201;3637;1454;1367;2024-02-27 13:27:29 UTC
meta;fb_camp_001;fb_adset_001;fb_ad_001;27.02.2024;4267.9502;304852;3657;1462;1374;2024-02-27 18:42:44 UTC
meta;fb_camp_001;fb_adset_001;fb_ad_001;27.02.2024;4291.07;306504;3677;1470;1382;2024-02-28 00:07:59 UTC
meta;fb_camp_001;fb_adset_001;fb_ad_001;28.02.2024;4320.8645;308632;3702;1480;1391;2024-02-28 01:34:00 UTC
meta;fb_camp_001;fb_adset_001;fb_ad_001;28.02.2024;4350.659;310760;3728;1490;1401;2024-02-28 07:17:44 UTC
meta;fb_camp_001;fb_adset_001;fb_ad_001;28.02.2024;4380.4535;312888;3753;1501;1410;2024-02-28 12:53:29 UTC
meta;fb_camp_001;fb_adset_001;fb_ad_001;28.02.2024;4410.248;315016;3779;1511;1420;2024-02-28 18:36:14 UTC
meta;fb_camp_001;fb_adset_001;fb_ad_001;28.02.2024;4440.0425;317145;3805;1522;1430;2024-02-29 00:09:59 UTC
meta;fb_camp_001;fb_adset_001;fb_ad_001;29.02.2024;4443.0571;317360;3807;1523;1431;2024-02-29 00:09:00 UTC
meta;fb_camp_001;fb_adset_001;fb_ad_001;29.02.2024;4446.0717;317575;3810;1524;1432;2024-02-29 04:58:59 UTC
meta;fb_camp_001;fb_adset_001;fb_ad_001;29.02.2024;4449.0863;317791;3813;1525;1433;2024-02-29 09:49:59 UTC
meta;fb_camp_001;fb_adset_001;fb_ad_001;29.02.2024;4452.101;318006;3815;1526;1434;2024-02-29 14:37:59 UTC
meta;fb_camp_001;fb_adset_001;fb_ad_001;29.02.2024;4455.1156;318221;3818;1527;1435;2024-02-29 19:17:59 UTC
meta;fb_camp_001;fb_adset_001;fb_ad_001;29.02.2024;4458.1302;318437;3821;1528;1436;2024-03-01 00:08:59 UTC
meta;fb_camp_001;fb_adset_001;fb_ad_001;01.03.2024;4467.9909;319141;3829;1531;1439;2024-03-01 02:45:00 UTC
meta;fb_camp_001;fb_adset_001;fb_ad_001;01.03.2024;4477.8517;319845;3837;1534;1442;2024-03-01 08:10:14 UTC
meta;fb_camp_001;fb_adset_001;fb_ad_001;01.03.2024;4487.7124;320550;3846;1538;1445;2024-03-01 13:23:29 UTC
meta;fb_camp_001;fb_adset_001;fb_ad_001;01.03.2024;4497.5732;321254;3854;1541;1448;2024-03-01 18:46:44 UTC
meta;fb_camp_001;fb_adset_001;fb_ad_001;01.03.2024;4507.4339;321959;3863;1545;1452;2024-03-02 00:04:59 UTC
meta;fb_camp_001;fb_adset_001;fb_ad_001;02.03.2024;4520.6718;322904;3874;1549;1456;2024-03-02 02:27:00 UTC
meta;fb_camp_001;fb_adset_001;fb_ad_001;02.03.2024;4533.9097;323850;3885;1553;1460;2024-03-02 07:53:59 UTC
meta;fb_camp_001;fb_adset_001;fb_ad_001;02.03.2024;4547.1475;324795;3897;1558;1464;2024-03-02 13:22:59 UTC
meta;fb_camp_001;fb_adset_001;fb_ad_001;02.03.2024;4560.3854;325741;3908;1562;1468;2024-03-02 18:44:59 UTC
meta;fb_camp_001;fb_adset_001;fb_ad_001;02.03.2024;4573.6233;326687;3920;1567;1473;2024-03-03 00:04:59 UTC
meta;fb_camp_001;fb_adset_001;fb_ad_001;03.03.2024;4610.4678;329318;3951;1579;1484;2024-03-03 01:46:00 UTC
meta;fb_camp_001;fb_adset_001;fb_ad_001;03.03.2024;4647.3122;331950;3983;1592;1496;2024-03-03 09:05:59 UTC
meta;fb_camp_001;fb_adset_001;fb_ad_001;03.03.2024;4684.1567;334582;4014;1605;1508;2024-03-03 16:45:59 UTC
meta;fb_camp_001;fb_adset_001;fb_ad_001;03.03.2024;4721.0011;337214;4046;1618;1520;2024-03-04 00:00:59 UTC
meta;fb_camp_001;fb_adset_001;fb_ad_001;04.03.2024;4733.0449;338074;4056;1622;1524;2024-03-04 02:46:00 UTC
meta;fb_camp_001;fb_adset_001;fb_ad_001;04.03.2024;4745.0887;338934;4066;1626;1528;2024-03-04 07:10:23 UTC
meta;fb_camp_001;fb_adset_001;fb_ad_001;04.03.2024;4757.1325;339794;4077;1630;1532;2024-03-04 11:14:47 UTC
meta;fb_camp_001;fb_adset_001;fb_ad_001;04.03.2024;4769.1763;340654;4087;1634;1536;2024-03-04 15:40:11 UTC
meta;fb_camp_001;fb_adset_001;fb_ad_001;04.03.2024;4781.2201;341514;4097;1638;1540;2024-03-04 19:52:35 UTC
meta;fb_camp_001;fb_adset_001;fb_ad_001;04.03.2024;4793.2639;342375;4108;1643;1544;2024-03-05 00:04:59 UTC
meta;fb_camp_001;fb_adset_001;fb_ad_001;05.03.2024;4816.4172;344028;4127;1650;1551;2024-03-05 03:32:00 UTC
meta;fb_camp_001;fb_adset_001;fb_ad_001;05.03.2024;4839.5705;345682;4147;1658;1558;2024-03-05 08:45:44 UTC
meta;fb_camp_001;fb_adset_001;fb_ad_001;05.03.2024;4862.7238;347336;4167;1666;1566;2024-03-05 13:43:29 UTC
meta;fb_camp_001;fb_adset_001;fb_ad_001;05.03.2024;4885.8771;348990;4187;1674;1573;2024-03-05 19:01:14 UTC
meta;fb_camp_001;fb_adset_001;fb_ad_001;05.03.2024;4909.0304;350644;4207;1682;1581;2024-03-06 00:11:59 UTC
meta;fb_camp_001;fb_adset_001;fb_ad_001;06.03.2024;4913.1599;350939;4210;1683;1582;2024-03-06 02:58:00 UTC
meta;fb_camp_001;fb_adset_001;fb_ad_001;06.03.2024;4917.2895;351234;4214;1685;1583;2024-03-06 09:54:39 UTC
meta;fb_camp_001;fb_adset_001;fb_ad_001;06.03.2024;4921.4191;351529;4217;1686;1584;2024-03-06 17:06:19 UTC
meta;fb_camp_001;fb_adset_001;fb_ad_001;06.03.2024;4925.5486;351824;4221;1688;1586;2024-03-07 00:08:59 UTC
meta;fb_camp_001;fb_adset_001;fb_ad_001;07.03.2024;4932.3458;352309;4226;1690;1588;2024-03-07 02:37:00 UTC
meta;fb_camp_001;fb_adset_001;fb_ad_001;07.03.2024;4939.143;352795;4232;1692;1590;2024-03-07 07:03:35 UTC
meta;fb_camp_001;fb_adset_001;fb_ad_001;07.03.2024;4945.9402;353280;4238;1695;1592;2024-03-07 11:10:11 UTC
meta;fb_camp_001;fb_adset_001;fb_ad_001;07.03.2024;4952.7373;353766;4244;1697;1594;2024-03-07 15:38:47 UTC
meta;fb_camp_001;fb_adset_001;fb_ad_001;07.03.2024;4959.5345;354251;4250;1699;1596;2024-03-07 19:53:23 UTC
meta;fb_camp_001;fb_adset_001;fb_ad_001;07.03.2024;4966.3317;354737;4256;1702;1599;2024-03-08 00:14:59 UTC
meta;fb_camp_001;fb_adset_001;fb_ad_001;08.03.2024;4998.5863;357041;4283;1713;1609;2024-03-08 02:14:00 UTC
meta;fb_camp_001;fb_adset_001;fb_ad_001;08.03.2024;5030.841;359345;4311;1724;1620;2024-03-08 09:26:59 UTC
meta;fb_camp_001;fb_adset_001;fb_ad_001;08.03.2024;5063.0956;361649;4339;1735;1630;2024-03-08 16:53:59 UTC
meta;fb_camp_001;fb_adset_001;fb_ad_001;08.03.2024;5095.3503;363953;4367;1746;1641;2024-03-09 00:04:59 UTC
meta;fb_camp_001;fb_adset_001;fb_ad_001;09.03.2024;5106.6486;364760;4376;1750;1644;2024-03-09 02:43:00 UTC
meta;fb_camp_001;fb_adset_001;fb_ad_001;09.03.2024;5117.9469;365567;4386;1754;1648;2024-03-09 09:51:19 UTC
meta;fb_camp_001;fb_adset_001;fb_ad_001;09.03.2024;5129.2453;366374;4396;1758;1652;2024-03-09 16:59:39 UTC
meta;fb_camp_001;fb_adset_001;fb_ad_001;09.03.2024;5140.5436;367181;4406;1762;1656;2024-03-10 00:03:59 UTC
meta;fb_camp_001;fb_adset_001;fb_ad_001;10.03.2024;5151.0365;367930;4415;1765;1659;2024-03-10 04:05:00 UTC
meta;fb_camp_001;fb_adset_001;fb_ad_001;10.03.2024;5161.5294;368680;4424;1769;1662;2024-03-10 08:58:29 UTC
meta;fb_camp_001;fb_adset_001;fb_ad_001;10.03.2024;5172.0224;369429;4433;1772;1665;2024-03-10 14:00:59 UTC
meta;fb_camp_001;fb_adset_001;fb_ad_001;10.03.2024;5182.5153;370179;4442;1776;1668;2024-03-10 19:02:29 UTC
meta;fb_camp_001;fb_adset_001;fb_ad_001;10.03.2024;5193.0082;370929;4451;1780;1672;2024-03-11 00:09:59 UTC
meta;fb_camp_001;fb_adset_001;fb_ad_001;11.03.2024;5222.1753;373012;4476;1790;1681;2024-03-11 03:56:00 UTC
meta;fb_camp_001;fb_adset_001;fb_ad_001;11.03.2024;5251.3424;375095;4501;1800;1690;2024-03-11 09:03:29 UTC
meta;fb_camp_001;fb_adset_001;fb_ad_001;11.03.2024;5280.5095;377178;4526;1810;1700;2024-03-11 13:57:59 UTC
meta;fb_camp_001;fb_adset_001;fb_ad_001;11.03.2024;5309.6766;379261;4551;1820;1709;2024-03-11 19:12:29 UTC
meta;fb_camp_001;fb_adset_001;fb_ad_001;11.03.2024;5338.8437;381345;4576;1830;1719;2024-03-12 00:10:59 UTC
meta;fb_camp_001;fb_adset_001;fb_ad_001;12.03.2024;5347.085;381933;4583;1832;1721;2024-03-12 04:00:00 UTC
meta;fb_camp_001;fb_adset_001;fb_ad_001;12.03.2024;5355.3262;382522;4590;1835;1724;2024-03-12 14:06:59 UTC
meta;fb_camp_001;fb_adset_001;fb_ad_001;12.03.2024;5363.5675;383111;4597;1838;1727;2024-03-13 00:01:59 UTC
meta;fb_camp_001;fb_adset_001;fb_ad_001;13.03.2024;5368.5976;383470;4601;1839;1728;2024-03-13 02:27:00 UTC
meta;fb_camp_001;fb_adset_001;fb_ad_001;13.03.2024;5373.6277;383829;4605;1841;1730;2024-03-13 06:58:47 UTC
meta;fb_camp_001;fb_adset_001;fb_ad_001;13.03.2024;5378.6578;384189;4610;1843;1732;2024-03-13 11:17:35 UTC
meta;fb_camp_001;fb_adset_001;fb_ad_001;13.03.2024;5383.688;384548;4614;1844;1733;2024-03-13 15:25:23 UTC
meta;fb_camp_001;fb_adset_001;fb_ad_001;13.03.2024;5388.7181;384907;4618;1846;1735;2024-03-13 19:44:11 UTC
meta;fb_camp_001;fb_adset_001;fb_ad_001;13.03.2024;5393.7482;385267;4623;1848;1737;2024-03-14 00:03:59 UTC
meta;fb_camp_001;fb_adset_001;fb_ad_001;14.03.2024;5396.7069;385478;4625;1849;1738;2024-03-14 03:51:00 UTC
meta;fb_camp_001;fb_adset_001;fb_ad_001;14.03.2024;5399.6655;385689;4627;1850;1739;2024-03-14 08:56:59 UTC
meta;fb_camp_001;fb_adset_001;fb_ad_001;14.03.2024;5402.6242;385901;4630;1851;1740;2024-03-14 13:55:59 UTC
meta;fb_camp_001;fb_adset_001;fb_ad_001;14.03.2024;5405.5828;386112;4632;1852;1741;2024-03-14 18:56:59 UTC
meta;fb_camp_001;fb_adset_001;fb_ad_001;14.03.2024;5408.5415;386324;4635;1854;1742;2024-03-15 00:05:59 UTC
meta;fb_camp_001;fb_adset_001;fb_ad_001;15.03.2024;5445.9591;388996;4667;1866;1754;2024-03-15 00:37:00 UTC
meta;fb_camp_001;fb_adset_001;fb_ad_001;15.03.2024;5483.3766;391669;4699;1879;1766;2024-03-15 08:31:39 UTC
meta;fb_camp_001;fb_adset_001;fb_ad_001;15.03.2024;5520.7942;394342;4731;1892;1778;2024-03-15 16:13:19 UTC
meta;fb_camp_001;fb_adset_001;fb_ad_001;15.03.2024;5558.2118;397015;4764;1905;1790;2024-03-16 00:05:59 UTC
meta;fb_camp_001;fb_adset_001;fb_ad_001;16.03.2024;5592.8365;399488;4793;1916;1801;2024-03-16 00:33:00 UTC
meta;fb_camp_001;fb_adset_001;fb_ad_001;16.03.2024;5627.4611;401961;4823;1928;1812;2024-03-16 12:17:59 UTC
meta;fb_camp_001;fb_adset_001;fb_ad_001;16.03.2024;5662.0858;404434;4853;1940;1824;2024-03-17 00:12:59 UTC
meta;fb_camp_001;fb_adset_001;fb_ad_001;17.03.2024;5687.6093;406257;4874;1948;1832;2024-03-17 01:44:00 UTC
meta;fb_camp_001;fb_adset_001;fb_ad_001;17.03.2024;5713.1328;408080;4896;1957;1840;2024-03-17 09:13:39 UTC
meta;fb_camp_001;fb_adset_001;fb_ad_001;17.03.2024;5738.6562;409903;4918;1966;1848;2024-03-17 16:43:19 UTC
meta;fb_camp_001;fb_adset_001;fb_ad_001;17.03.2024;5764.1797;411727;4940;1975;1856;2024-03-18 00:01:59 UTC
meta;fb_camp_001;fb_adset_001;fb_ad_001;18.03.2024;5774.144;412438;4948;1978;1859;2024-03-18 03:47:00 UTC
meta;fb_camp_001;fb_adset_001;fb_ad_001;18.03.2024;5784.1082;413150;4957;1982;1862;2024-03-18 10:33:39 UTC
meta;fb_camp_001;fb_adset_001;fb_ad_001;18.03.2024;5794.0725;413861;4965;1985;1865;2024-03-18 17:20:19 UTC
meta;fb_camp_001;fb_adset_001;fb_ad_001;18.03.2024;5804.0368;414573;4974;1989;1869;2024-03-19 00:07:59 UTC
meta;fb_camp_001;fb_adset_001;fb_ad_001;19.03.2024;5806.3145;414735;4976;1989;1869;2024-03-19 00:11:00 UTC
meta;fb_camp_001;fb_adset_001;fb_ad_001;19.03.2024;5808.5922;414898;4978;1990;1870;2024-03-19 04:53:35 UTC
meta;fb_camp_001;fb_adset_001;fb_ad_001;19.03.2024;5810.8698;415061;4980;1991;1871;2024-03-19 09:49:11 UTC
meta;fb_camp_001;fb_adset_001;fb_ad_001;19.03.2024;5813.1475;415224;4982;1992;1872;2024-03-19 14:30:47 UTC
meta;fb_camp_001;fb_adset_001;fb_ad_001;19.03.2024;5815.4252;415387;4984;1993;1873;2024-03-19 19:13:23 UTC
meta;fb_camp_001;fb_adset_001;fb_ad_001;19.03.2024;5817.7029;415550;4986;1994;1874;2024-03-20 00:14:59 UTC
meta;fb_camp_001;fb_adset_001;fb_ad_001;20.03.2024;5819.6755;415690;4987;1994;1874;2024-03-20 01:12:00 UTC
meta;fb_camp_001;fb_adset_001;fb_ad_001;20.03.2024;5821.6481;415831;4989;1995;1875;2024-03-20 06:46:44 UTC
meta;fb_camp_001;fb_adset_001;fb_ad_001;20.03.2024;5823.6206;415972;4990;1995;1875;2024-03-20 12:41:29 UTC
meta;fb_camp_001;fb_adset_001;fb_ad_001;20.03.2024;5825.5932;416113;4992;1996;1876;2024-03-20 18:27:14 UTC
meta;fb_camp_001;fb_adset_001;fb_ad_001;20.03.2024;5827.5658;416254;4994;1997;1877;2024-03-21 00:03:59 UTC
meta;fb_camp_001;fb_adset_001;fb_ad_001;21.03.2024;5859.9786;418569;5022;2008;1887;2024-03-21 02:22:00 UTC
meta;fb_camp_001;fb_adset_001;fb_ad_001;21.03.2024;5892.3914;420884;5050;2019;1898;2024-03-21 09:34:39 UTC
meta;fb_camp_001;fb_adset_001;fb_ad_001;21.03.2024;5924.8043;423199;5078;2030;1908;2024-03-21 16:53:19 UTC
meta;fb_camp_001;fb_adset_001;fb_ad_001;21.03.2024;5957.2171;425515;5106;2042;1919;2024-03-22 00:08:59 UTC
meta;fb_camp_001;fb_adset_001;fb_ad_001;22.03.2024;5972.8042;426628;5119;2047;1924;2024-03-22 01:18:00 UTC
meta;fb_camp_001;fb_adset_001;fb_ad_001;22.03.2024;5988.3914;427741;5132;2052;1929;2024-03-22 06:48:59 UTC
meta;fb_camp_001;fb_adset_001;fb_ad_001;22.03.2024;6003.9785;428855;5145;2057;1934;2024-03-22 12:36:59 UTC
meta;fb_camp_001;fb_adset_001;fb_ad_001;22.03.2024;6019.5657;429968;5158;2062;1939;2024-03-22 18:20:59 UTC
meta;fb_camp_001;fb_adset_001;fb_ad_001;22.03.2024;6035.1528;431082;5172;2068;1944;2024-03-23 00:07:59 UTC
meta;fb_camp_001;fb_adset_001;fb_ad_001;23.03.2024;6052.887;432348;5187;2074;1949;2024-03-23 04:07:00 UTC
meta;fb_camp_001;fb_adset_001;fb_ad_001;23.03.2024;6070.6211;433615;5202;2080;1955;2024-03-23 08:59:59 UTC
meta;fb_camp_001;fb_adset_001;fb_ad_001;23.03.2024;6088.3553;434881;5217;2086;1960;2024-03-23 14:03:59 UTC
meta;fb_camp_001;fb_adset_001;fb_ad_001;23.03.2024;6106.0894;436148;5232;2092;1966;2024-03-23 19:13:59 UTC
meta;fb_camp_001;fb_adset_001;fb_ad_001;23.03.2024;6123.8236;437415;5248;2099;1972;2024-03-24 00:07:59 UTC
meta;fb_camp_001;fb_adset_001;fb_ad_001;24.03.2024;6136.6169;438328;5259;2103;1976;2024-03-24 01:25:00 UTC
meta;fb_camp_001;fb_adset_001;fb_ad_001;24.03.2024;6149.4102;439242;5270;2107;1980;2024-03-24 07:07:29 UTC
meta;fb_camp_001;fb_adset_001;fb_ad_001;24.03.2024;6162.2036;440156;5281;2112;1984;2024-03-24 12:47:59 UTC
meta;fb_camp_001;fb_adset_001;fb_ad_001;24.03.2024;6174.9969;441070;5292;2116;1988;2024-03-24 18:24:29 UTC
meta;fb_camp_001;fb_adset_001;fb_ad_001;24.03.2024;6187.7902;441984;5303;2121;1993;2024-03-25 00:00:59 UTC
meta;fb_camp_001;fb_adset_001;fb_ad_001;25.03.2024;6194.5587;442467;5308;2123;1995;2024-03-25 01:49:00 UTC
meta;fb_camp_001;fb_adset_001;fb_ad_001;25.03.2024;6201.3272;442951;5314;2125;1997;2024-03-25 09:14:39 UTC
meta;fb_camp_001;fb_adset_001;fb_ad_001;25.03.2024;6208.0958;443434;5320;2127;1999;2024-03-25 16:47:19 UTC
meta;fb_camp_001;fb_adset_001;fb_ad_001;25.03.2024;6214.8643;443918;5326;2130;2002;2024-03-26 00:00:59 UTC
meta;fb_camp_001;fb_adset_001;fb_ad_001;26.03.2024;6225.2052;444656;5335;2133;2005;2024-03-26 00:35:00 UTC
meta;fb_camp_001;fb_adset_001;fb_ad_001;26.03.2024;6235.5462;445395;5344;2137;2008;2024-03-26 08:26:19 UTC
meta;fb_camp_001;fb_adset_001;fb_ad_001;26.03.2024;6245.8872;446134;5353;2140;2011;2024-03-26 16:20:39 UTC
meta;fb_camp_001;fb_adset_001;fb_ad_001;26.03.2024;6256.2281;446873;5362;2144;2015;2024-03-27 00:00:59 UTC
meta;fb_camp_001;fb_adset_001;fb_ad_001;27.03.2024;6259.7968;447127;5365;2145;2016;2024-03-27 02:58:00 UTC
meta;fb_camp_001;fb_adset_001;fb_ad_001;27.03.2024;6263.3655;447382;5368;2146;2017;2024-03-27 07:13:11 UTC
meta;fb_camp_001;fb_adset_001;fb_ad_001;27.03.2024;6266.9342;447637;5371;2147;2018;2024-03-27 11:18:23 UTC
meta;fb_camp_001;fb_adset_001;fb_ad_001;27.03.2024;6270.503;447892;5374;2148;2019;2024-03-27 15:41:35 UTC
meta;fb_camp_001;fb_adset_001;fb_ad_001;27.03.2024;6274.0717;448147;5377;2149;2020;2024-03-27 19:46:47 UTC
meta;fb_camp_001;fb_adset_001;fb_ad_001;27.03.2024;6277.6404;448402;5380;2151;2022;2024-03-28 00:10:59 UTC
meta;fb_camp_001;fb_adset_001;fb_ad_001;28.03.2024;6283.9577;448853;5385;2153;2024;2024-03-28 00:15:00 UTC
meta;fb_camp_001;fb_adset_001;fb_ad_001;28.03.2024;6290.275;449304;5390;2155;2026;2024-03-28 12:03:29 UTC
meta;fb_camp_001;fb_adset_001;fb_ad_001;28.03.2024;6296.5923;449756;5396;2158;2028;2024-03-29 00:06:59 UTC
meta;fb_camp_001;fb_adset_001;fb_ad_001;29.03.2024;6312.9495;450924;5410;2163;2033;2024-03-29 03:16:00 UTC
meta;fb_camp_001;fb_adset_001;fb_ad_001;29.03.2024;6329.3067;452092;5424;2169;2038;2024-03-29 07:22:35 UTC
meta;fb_camp_001;fb_adset_001;fb_ad_001;29.03.2024;6345.6638;453261;5438;2175;2044;2024-03-29 11:36:11 UTC
meta;fb_camp_001;fb_adset_001;fb_ad_001;29.03.2024;6362.021;454429;5452;2180;2049;2024-03-29 15:50:47 UTC
meta;fb_camp_001;fb_adset_001;fb_ad_001;29.03.2024;6378.3782;455597;5466;2186;2054;2024-03-29 19:52:23 UTC
meta;fb_camp_001;fb_adset_001;fb_ad_001;29.03.2024;6394.7354;456766;5481;2192;2060;2024-03-30 00:03:59 UTC
meta;fb_camp_001;fb_adset_001;fb_ad_001;30.03.2024;6398.3659;457025;5484;2193;2061;2024-03-30 02:37:00 UTC
meta;fb_camp_001;fb_adset_001;fb_ad_001;30.03.2024;6401.9964;457284;5487;2194;2062;2024-03-30 13:14:59 UTC
meta;fb_camp_001;fb_adset_001;fb_ad_001;30.03.2024;6405.6269;457544;5490;2195;2063;2024-03-31 00:10:59 UTC
meta;fb_camp_001;fb_adset_001;fb_ad_001;31.03.2024;6409.9366;457851;5493;2196;2064;2024-03-31 01:40:00 UTC
meta;fb_camp_001;fb_adset_001;fb_ad_001;31.03.2024;6414.2463;458159;5497;2198;2065;2024-03-31 07:19:29 UTC
meta;fb_camp_001;fb_adset_001;fb_ad_001;31.03.2024;6418.556;458467;5500;2199;2067;2024-03-31 12:44:59 UTC
meta;fb_camp_001;fb_adset_001;fb_ad_001;31.03.2024;6422.8657;458775;5504;2201;2068;2024-03-31 18:30:29 UTC
meta;fb_camp_001;fb_adset_001;fb_ad_001;31.03.2024;6427.1754;459083;5508;2203;2070;2024-04-01 00:11:59 UTC
meta;fb_camp_001;fb_adset_001;fb_ad_001;01.04.2024;6441.6187;460114;5520;2208;2074;2024-04-01 02:20:00 UTC
meta;fb_camp_001;fb_adset_001;fb_ad_001;01.04.2024;6456.0621;461146;5532;2213;2079;2024-04-01 13:05:29 UTC
meta;fb_camp_001;fb_adset_001;fb_ad_001;01.04.2024;6470.5054;462178;5545;2218;2084;2024-04-02 00:07:59 UTC
meta;fb_camp_001;fb_adset_001;fb_ad_001;02.04.2024;6484.5514;463181;5557;2222;2088;2024-04-02 01:54:00 UTC
meta;fb_camp_001;fb_adset_001;fb_ad_001;02.04.2024;6498.5974;464185;5569;2227;2093;2024-04-02 09:26:39 UTC
meta;fb_camp_001;fb_adset_001;fb_ad_001;02.04.2024;6512.6433;465188;5581;2232;2097;2024-04-02 16:45:19 UTC
meta;fb_camp_001;fb_adset_001;fb_ad_001;02.04.2024;6526.6893;466192;5594;2237;2102;2024-04-03 00:03:59 UTC
meta;fb_camp_001;fb_adset_001;fb_ad_001;03.04.2024;6529.6101;466400;5596;2238;2103;2024-04-03 03:21:00 UTC
meta;fb_camp_001;fb_adset_001;fb_ad_001;03.04.2024;6532.5308;466609;5598;2239;2104;2024-04-03 08:29:29 UTC
meta;fb_camp_001;fb_adset_001;fb_ad_001;03.04.2024;6535.4516;466817;5601;2240;2105;2024-04-03 13:47:59 UTC
meta;fb_camp_001;fb_adset_001;fb_ad_001;03.04.2024;6538.3723;467026;5603;2241;2106;2024-04-03 18:57:29 UTC
meta;fb_camp_001;fb_adset_001;fb_ad_001;03.04.2024;6541.2931;467235;5606;2242;2107;2024-04-04 00:14:59 UTC
meta;fb_camp_001;fb_adset_001;fb_ad_001;04.04.2024;6559.1957;468513;5621;2248;2112;2024-04-04 03:25:00 UTC
meta;fb_camp_001;fb_adset_001;fb_ad_001;04.04.2024;6577.0983;469792;5637;2254;2118;2024-04-04 10:14:59 UTC
meta;fb_camp_001;fb_adset_001;fb_ad_001;04.04.2024;6595.0009;471071;5652;2260;2124;2024-04-04 17:07:59 UTC
meta;fb_camp_001;fb_adset_001;fb_ad_001;04.04.2024;6612.9035;472350;5668;2266;2130;2024-04-05 00:10:59 UTC
meta;fb_camp_001;fb_adset_001;fb_ad_001;05.04.2024;6633.3559;473810;5685;2273;2136;2024-04-05 01:03:00 UTC
meta;fb_camp_001;fb_adset_001;fb_ad_001;05.04.2024;6653.8082;475271;5702;2280;2143;2024-04-05 12:37:29 UTC
meta;fb_camp_001;fb_adset_001;fb_ad_001;05.04.2024;6674.2606;476732;5720;2287;2150;2024-04-06 00:07:59 UTC
meta;fb_camp_001;fb_adset_001;fb_ad_001;06.04.2024;6706.3025;479020;5747;2298;2160;2024-04-06 00:58:00 UTC
meta;fb_camp_001;fb_adset_001;fb_ad_001;06.04.2024;6738.3444;481309;5775;2309;2170;2024-04-06 08:34:39 UTC
meta;fb_camp_001;fb_adset_001;fb_ad_001;06.04.2024;6770.3863;483598;5802;2320;2180;2024-04-06 16:28:19 UTC
meta;fb_camp_001;fb_adset_001;fb_ad_001;06.04.2024;6802.4282;485887;5830;2331;2191;2024-04-07 00:11:59 UTC
meta;fb_camp_001;fb_adset_001;fb_ad_001;07.04.2024;6821.3961;487242;5846;2337;2197;2024-04-07 02:45:00 UTC
meta;fb_camp_001;fb_adset_001;fb_ad_001;07.04.2024;6840.3641;488597;5862;2344;2203;2024-04-07 13:28:29 UTC
meta;fb_camp_001;fb_adset_001;fb_ad_001;07.04.2024;6859.332;489952;5879;2351;2209;2024-04-08 00:04:59 UTC
meta;fb_camp_001;fb_adset_001;fb_ad_001;08.04.2024;6874.7029;491049;5892;2356;2214;2024-04-08 03:05:00 UTC
meta;fb_camp_001;fb_adset_001;fb_ad_001;08.04.2024;6890.0738;492147;5905;2361;2219;2024-04-08 08:31:14 UTC
meta;fb_camp_001;fb_adset_001;fb_ad_001;08.04.2024;6905.4448;493245;5918;2366;2224;2024-04-08 13:34:29 UTC
meta;fb_camp_001;fb_adset_001;fb_ad_001;08.04.2024;6920.8157;494343;5931;2371;2229;2024-04-08 18:59:44 UTC
meta;fb_camp_001;fb_adset_001;fb_ad_001;08.04.2024;6936.1866;495441;5945;2377;2234;2024-04-09 00:00:59 UTC
meta;fb_camp_001;fb_adset_001;fb_ad_001;09.04.2024;6941.8766;495847;5949;2379;2235;2024-04-09 03:02:00 UTC
meta;fb_camp_001;fb_adset_001;fb_ad_001;09.04.2024;6947.5667;496253;5954;2381;2237;2024-04-09 08:14:14 UTC
meta;fb_camp_001;fb_adset_001;fb_ad_001;09.04.2024;6953.2567;496660;5959;2383;2239;2024-04-09 13:32:29 UTC
meta;fb_camp_001;fb_adset_001;fb_ad_001;09.04.2024;6958.9468;497066;5964;2385;2241;2024-04-09 18:54:44 UTC
meta;fb_camp_001;fb_adset_001;fb_ad_001;09.04.2024;6964.6368;497473;5969;2387;2243;2024-04-10 00:01:59 UTC
meta;fb_camp_001;fb_adset_001;fb_ad_001;10.04.2024;6974.4752;498176;5977;2390;2246;2024-04-10 00:14:00 UTC
meta;fb_camp_001;fb_adset_001;fb_ad_001;10.04.2024;6984.3137;498879;5985;2393;2249;2024-04-10 12:02:59 UTC
meta;fb_camp_001;fb_adset_001;fb_ad_001;10.04.2024;6994.1521;499582;5994;2397;2253;2024-04-11 00:10:59 UTC
meta;fb_camp_001;fb_adset_001;fb_ad_001;11.04.2024;6998.206;499871;5997;2398;2254;2024-04-11 02:37:00 UTC
meta;fb_camp_001;fb_adset_001;fb_ad_001;11.04.2024;7002.2598;500161;6001;2400;2255;2024-04-11 09:42:39 UTC
meta;fb_camp_001;fb_adset_001;fb_ad_001;11.04.2024;7006.3137;500450;6004;2401;2256;2024-04-11 16:57:19 UTC
meta;fb_camp_001;fb_adset_001;fb_ad_001;11.04.2024;7010.3676;500740;6008;2403;2258;2024-04-12 00:04:59 UTC
meta;fb_camp_001;fb_adset_001;fb_ad_001;12.04.2024;7019.9328;501423;6016;2406;2261;2024-04-12 02:58:00 UTC
meta;fb_camp_001;fb_adset_001;fb_ad_001;12.04.2024;7029.4979;502106;6024;2409;2264;2024-04-12 13:28:59 UTC
meta;fb_camp_001;fb_adset_001;fb_ad_001;12.04.2024;7039.0631;502790;6033;2412;2267;2024-04-13 00:01:59 UTC
meta;fb_camp_001;fb_adset_001;fb_ad_001;13.04.2024;7045.8752;503276;6038;2414;2269;2024-04-13 03:34:00 UTC
meta;fb_camp_001;fb_adset_001;fb_ad_001;13.04.2024;7052.6873;503763;6044;2417;2271;2024-04-13 07:49:11 UTC
meta;fb_camp_001;fb_adset_001;fb_ad_001;13.04.2024;7059.4994;504249;6050;2419;2273;2024-04-13 11:48:23 UTC
meta;fb_camp_001;fb_adset_001;fb_ad_001;13.04.2024;7066.3115;504736;6056;2422;2275;2024-04-13 15:59:35 UTC
meta;fb_camp_001;fb_adset_001;fb_ad_001;13.04.2024;7073.1236;505222;6062;2424;2277;2024-04-13 20:07:47 UTC
meta;fb_camp_001;fb_adset_001;fb_ad_001;13.04.2024;7079.9357;505709;6068;2427;2280;2024-04-14 00:07:59 UTC
meta;fb_camp_001;fb_adset_001;fb_ad_001;14.04.2024;7099.9041;507135;6085;2433;2286;2024-04-14 01:10:00 UTC
meta;fb_camp_001;fb_adset_001;fb_ad_001;14.04.2024;7119.8725;508561;6102;2440;2293;2024-04-14 05:53:35 UTC
meta;fb_camp_001;fb_adset_001;fb_ad_001;14.04.2024;7139.8408;509988;6119;2447;2299;2024-04-14 10:28:11 UTC
meta;fb_camp_001;fb_adset_001;fb_ad_001;14.04.2024;7159.8092;511414;6136;2454;2306;2024-04-14 14:51:47 UTC
meta;fb_camp_001;fb_adset_001;fb_ad_001;14.04.2024;7179.7776;512840;6153;2461;2312;2024-04-14 19:39:23 UTC
meta;fb_camp_001;fb_adset_001;fb_ad_001;14.04.2024;7199.746;514267;6171;2468;2319;2024-04-15 00:02:59 UTC
meta;fb_camp_001;fb_adset_001;fb_ad_001;15.04.2024;7208.0825;514862;6178;2470;2321;2024-04-15 04:08:00 UTC
meta;fb_camp_001;fb_adset_001;fb_ad_001;15.04.2024;7216.4191;515457;6185;2473;2324;2024-04-15 14:06:59 UTC
meta;fb_camp_001;fb_adset_001;fb_ad_001;15.04.2024;7224.7556;516053;6192;2476;2327;2024-04-16 00:12:59 UTC
meta;fb_camp_001;fb_adset_001;fb_ad_001;16.04.2024;7257.1697;518368;6219;2487;2337;2024-04-16 01:46:00 UTC
meta;fb_camp_001;fb_adset_001;fb_ad_001;16.04.2024;7289.5837;520683;6247;2498;2348;2024-04-16 06:20:11 UTC
meta;fb_camp_001;fb_adset_001;fb_ad_001;16.04.2024;7321.9978;522999;6275;2509;2358;2024-04-16 10:41:23 UTC
meta;fb_camp_001;fb_adset_001;fb_ad_001;16.04.2024;7354.4119;525314;6303;2520;2369;2024-04-16 15:13:35 UTC
meta;fb_camp_001;fb_adset_001;fb_ad_001;16.04.2024;7386.8259;527629;6331;2531;2379;2024-04-16 19:32:47 UTC
meta;fb_camp_001;fb_adset_001;fb_ad_001;16.04.2024;7419.24;529945;6359;2543;2390;2024-04-17 00:13:59 UTC
meta;fb_camp_001;fb_adset_001;fb_ad_001;17.04.2024;7439.6589;531403;6376;2550;2396;2024-04-17 04:06:00 UTC
meta;fb_camp_001;fb_adset_001;fb_ad_001;17.04.2024;7460.0778;532862;6394;2557;2403;2024-04-17 10:40:39 UTC
meta;fb_camp_001;fb_adset_001;fb_ad_001;17.04.2024;7480.4968;534320;6411;2564;2409;2024-04-17 17:34:19 UTC
meta;fb_camp_001;fb_adset_001;fb_ad_001;17.04.2024;7500.9157;535779;6429;2571;2416;2024-04-18 00:06:59 UTC
meta;fb_camp_001;fb_adset_001;fb_ad_001;18.04.2024;7512.6307;536615;6439;2575;2419;2024-04-18 00:09:00 UTC
meta;fb_camp_001;fb_adset_001;fb_ad_001;18.04.2024;7524.3457;537452;6449;2579;2423;2024-04-18 05:02:11 UTC
meta;fb_camp_001;fb_adset_001;fb_ad_001;18.04.2024;7536.0608;538289;6459;2583;2427;2024-04-18 09:44:23 UTC
meta;fb_camp_001;fb_adset_001;fb_ad_001;18.04.2024;7547.7758;539126;6469;2587;2431;2024-04-18 14:26:35 UTC
meta;fb_camp_001;fb_adset_001;fb_ad_001;18.04.2024;7559.4908;539963;6479;2591;2435;2024-04-18 19:24:47 UTC
meta;fb_camp_001;fb_adset_001;fb_ad_001;18.04.2024;7571.2058;540800;6489;2595;2439;2024-04-19 00:13:59 UTC
meta;fb_camp_001;fb_adset_001;fb_ad_001;19.04.2024;7584.6097;541757;6500;2599;2443;2024-04-19 02:42:00 UTC
meta;fb_camp_001;fb_adset_001;fb_ad_001;19.04.2024;7598.0136;542715;6512;2604;2447;2024-04-19 09:53:59 UTC
meta;fb_camp_001;fb_adset_001;fb_ad_001;19.04.2024;7611.4176;543672;6523;2608;2451;2024-04-19 17:02:59 UTC
meta;fb_camp_001;fb_adset_001;fb_ad_001;19.04.2024;7624.8215;544630;6535;2613;2456;2024-04-20 00:09:59 UTC
meta;fb_camp_001;fb_adset_001;fb_ad_001;20.04.2024;7640.2066;545728;6548;2618;2461;2024-04-20 03:54:00 UTC
meta;fb_camp_001;fb_adset_001;fb_ad_001;20.04.2024;7655.5917;546827;6561;2623;2466;2024-04-20 13:54:59 UTC
meta;fb_camp_001;fb_adset_001;fb_ad_001;20.04.2024;7670.9768;547926;6574;2629;2471;2024-04-21 00:07:59 UTC
meta;fb_camp_001;fb_adset_001;fb_ad_001;21.04.2024;7677.4807;548390;6579;2631;2473;2024-04-21 03:23:00 UTC
meta;fb_camp_001;fb_adset_001;fb_ad_001;21.04.2024;7683.9846;548855;6585;2633;2475;2024-04-21 08:35:44 UTC
meta;fb_camp_001;fb_adset_001;fb_ad_001;21.04.2024;7690.4885;549319;6590;2635;2477;2024-04-21 13:43:29 UTC
meta;fb_camp_001;fb_adset_001;fb_ad_001;21.04.2024;7696.9924;549784;6596;2637;2479;2024-04-21 19:02:14 UTC
meta;fb_camp_001;fb_adset_001;fb_ad_001;21.04.2024;7703.4963;550249;6602;2640;2481;2024-04-22 00:09:59 UTC
meta;fb_camp_001;fb_adset_001;fb_ad_001;22.04.2024;7708.1613;550582;6606;2641;2482;2024-04-22 00:56:00 UTC
meta;fb_camp_001;fb_adset_001;fb_ad_001;22.04.2024;7712.8264;550915;6610;2643;2484;2024-04-22 12:23:29 UTC
meta;fb_camp_001;fb_adset_001;fb_ad_001;22.04.2024;7717.4914;551249;6614;2645;2486;2024-04-23 00:08:59 UTC
meta;fb_camp_001;fb_adset_001;fb_ad_001;23.04.2024;7721.7914;551556;6617;2646;2487;2024-04-23 03:58:00 UTC
meta;fb_camp_001;fb_adset_001;fb_ad_001;23.04.2024;7726.0914;551863;6621;2648;2488;2024-04-23 07:57:59 UTC
meta;fb_camp_001;fb_adset_001;fb_ad_001;23.04.2024;7730.3914;552170;6625;2649;2490;2024-04-23 12:09:59 UTC
meta;fb_camp_001;fb_adset_001;fb_ad_001;23.04.2024;7734.6915;552477;6628;2651;2491;2024-04-23 16:05:59 UTC
meta;fb_camp_001;fb_adset_001;fb_ad_001;23.04.2024;7738.9915;552784;6632;2652;2492;2024-04-23 20:04:59 UTC
meta;fb_camp_001;fb_adset_001;fb_ad_001;23.04.2024;7743.2915;553092;6636;2654;2494;2024-04-24 00:03:59 UTC
meta;fb_camp_001;fb_adset_001;fb_ad_001;24.04.2024;7773.1784;555226;6661;2664;2503;2024-04-24 02:12:00 UTC
meta;fb_camp_001;fb_adset_001;fb_ad_001;24.04.2024;7803.0653;557361;6687;2674;2513;2024-04-24 07:36:14 UTC
meta;fb_camp_001;fb_adset_001;fb_ad_001;24.04.2024;7832.9522;559496;6713;2684;2522;2024-04-24 13:10:29 UTC
meta;fb_camp_001;fb_adset_001;fb_ad_001;24.04.2024;7862.8391;561631;6739;2694;2532;2024-04-24 18:41:44 UTC
meta;fb_camp_001;fb_adset_001;fb_ad_001;24.04.2024;7892.726;563766;6765;2705;2542;2024-04-25 00:06:59 UTC
meta;fb_camp_001;fb_adset_001;fb_ad_001;25.04.2024;7905.7599;564697;6776;2709;2546;2024-04-25 01:13:00 UTC
meta;fb_camp_001;fb_adset_001;fb_ad_001;25.04.2024;7918.7938;565628;6787;2714;2550;2024-04-25 05:47:59 UTC
meta;fb_camp_001;fb_adset_001;fb_ad_001;25.04.2024;7931.8276;566559;6798;2718;2554;2024-04-25 10:27:59 UTC
meta;fb_camp_001;fb_adset_001;fb_ad_001;25.04.2024;7944.8615;567490;6809;2723;2558;2024-04-25 14:59:59 UTC
meta;fb_camp_001;fb_adset_001;fb_ad_001;25.04.2024;7957.8954;568421;6820;2727;2562;2024-04-25 19:32:59 UTC
meta;fb_camp_001;fb_adset_001;fb_ad_001;25.04.2024;7970.9293;569352;6832;2732;2567;2024-04-26 00:01:59 UTC
meta;fb_camp_001;fb_adset_001;fb_ad_001;26.04.2024;7995.69;571120;6853;2740;2575;2024-04-26 03:22:00 UTC
meta;fb_camp_001;fb_adset_001;fb_ad_001;26.04.2024;8020.4507;572889;6874;2749;2583;2024-04-26 07:35:59 UTC
meta;fb_camp_001;fb_adset_001;fb_ad_001;26.04.2024;8045.2114;574657;6895;2757;2591;2024-04-26 11:47:59 UTC
meta;fb_camp_001;fb_adset_001;fb_ad_001;26.04.2024;8069.9722;576426;6916;2766;2599;2024-04-26 15:54:59 UTC
meta;fb_camp_001;fb_adset_001;fb_ad_001;26.04.2024;8094.7329;578194;6937;2774;2607;2024-04-26 19:52:59 UTC
meta;fb_camp_001;fb_adset_001;fb_ad_001;26.04.2024;8119.4936;579963;6959;2783;2615;2024-04-27 00:01:59 UTC
meta;fb_camp_001;fb_adset_001;fb_ad_001;27.04.2024;8124.7958;580341;6963;2784;2616;2024-04-27 03:11:00 UTC
meta;fb_camp_001;fb_adset_001;fb_ad_001;27.04.2024;8130.0979;580720;6968;2786;2618;2024-04-27 07:22:35 UTC
meta;fb_camp_001;fb_adset_001;fb_ad_001;27.04.2024;8135.4;581099;6972;2788;2620;2024-04-27 11:26:11 UTC
meta;fb_camp_001;fb_adset_001;fb_ad_001;27.04.2024;8140.7022;581478;6977;2790;2622;2024-04-27 15:50:47 UTC
meta;fb_camp_001;fb_adset_001;fb_ad_001;27.04.2024;8146.0043;581857;6981;2792;2624;2024-04-27 19:50:23 UTC
meta;fb_camp_001;fb_adset_001;fb_ad_001;27.04.2024;8151.3065;582236;6986;2794;2626;2024-04-28 00:12:59 UTC
meta;fb_camp_001;fb_adset_001;fb_ad_001;28.04.2024;8155.4735;582533;6989;2795;2627;2024-04-28 01:52:00 UTC
meta;fb_camp_001;fb_adset_001;fb_ad_001;28.04.2024;8159.6404;582831;6993;2796;2628;2024-04-28 07:23:44 UTC
meta;fb_camp_001;fb_adset_001;fb_ad_001;28.04.2024;8163.8074;583128;6996;2798;2629;2024-04-28 12:56:29 UTC
meta;fb_camp_001;fb_adset_001;fb_ad_001;28.04.2024;8167.9743;583426;7000;2799;2630;2024-04-28 18:31:14 UTC
meta;fb_camp_001;fb_adset_001;fb_ad_001;28.04.2024;8172.1413;583724;7004;2801;2632;2024-04-29 00:13:59 UTC
meta;fb_camp_001;fb_adset_001;fb_ad_001;29.04.2024;8189.8804;584991;7019;2807;2637;2024-04-29 02:02:00 UTC
meta;fb_camp_001;fb_adset_001;fb_ad_001;29.04.2024;8207.6194;586258;7034;2813;2643;2024-04-29 13:02:59 UTC
meta;fb_camp_001;fb_adset_001;fb_ad_001;29.04.2024;8225.3585;587525;7050;2819;2649;2024-04-30 00:08:59 UTC
meta;fb_camp_001;fb_adset_001;fb_ad_001;30.04.2024;8229.8017;587842;7053;2820;2650;2024-04-30 02:53:00 UTC
meta;fb_camp_001;fb_adset_001;fb_ad_001;30.04.2024;8234.245;588159;7057;2822;2652;2024-04-30 07:01:59 UTC
meta;fb_camp_001;fb_adset_001;fb_ad_001;30.04.2024;8238.6882;588477;7061;2823;2653;2024-04-30 11:16:59 UTC
meta;fb_camp_001;fb_adset_001;fb_ad_001;30.04.2024;8243.1314;588794;7064;2825;2655;2024-04-30 15:42:59 UTC
meta;fb_camp_001;fb_adset_001;fb_ad_001;30.04.2024;8247.5747;589111;7068;2826;2656;2024-04-30 19:55:59 UTC
meta;fb_camp_001;fb_adset_001;fb_ad_001;30.04.2024;8252.0179;589429;7072;2828;2658;2024-05-01 00:03:59 UTC
meta;fb_camp_001;fb_adset_001;fb_ad_001;01.05.2024;8272.6185;590900;7089;2835;2664;2024-05-01 02:36:00 UTC
meta;fb_camp_001;fb_adset_001;fb_ad_001;01.05.2024;8293.219;592372;7107;2842;2671;2024-05-01 13:21:59 UTC
meta;fb_camp_001;fb_adset_001;fb_ad_001;01.05.2024;8313.8196;593844;7125;2849;2678;2024-05-02 00:12:59 UTC
meta;fb_camp_001;fb_adset_001;fb_ad_001;02.05.2024;8316.0396;594002;7127;2849;2678;2024-05-02 02:46:00 UTC
meta;fb_camp_001;fb_adset_001;fb_ad_001;02.05.2024;8318.2596;594161;7129;2850;2679;2024-05-02 08:03:59 UTC
meta;fb_camp_001;fb_adset_001;fb_ad_001;02.05.2024;8320.4797;594319;7131;2851;2679;2024-05-02 13:36:59 UTC
meta;fb_camp_001;fb_adset_001;fb_ad_001;02.05.2024;8322.6997;594478;7133;2852;2680;2024-05-02 18:43:59 UTC
meta;fb_camp_001;fb_adset_001;fb_ad_001;02.05.2024;8324.9197;594637;7135;2853;2681;2024-05-03 00:07:59 UTC
meta;fb_camp_001;fb_adset_001;fb_ad_001;03.05.2024;8326.4001;594742;7136;2853;2681;2024-05-03 03:11:00 UTC
meta;fb_camp_001;fb_adset_001;fb_ad_001;03.05.2024;8327.8806;594848;7137;2854;2682;2024-05-03 10:13:59 UTC
meta;fb_camp_001;fb_adset_001;fb_ad_001;03.05.2024;8329.361;594954;7138;2854;2682;2024-05-03 17:05:59 UTC
meta;fb_camp_001;fb_adset_001;fb_ad_001;03.05.2024;8330.8414;595060;7140;2855;2683;2024-05-04 00:03:59 UTC
meta;fb_camp_001;fb_adset_001;fb_ad_001;04.05.2024;8353.6258;596687;7159;2863;2690;2024-05-04 03:21:00 UTC
meta;fb_camp_001;fb_adset_001;fb_ad_001;04.05.2024;8376.4102;598314;7179;2871;2697;2024-05-04 13:50:29 UTC
meta;fb_camp_001;fb_adset_001;fb_ad_001;04.05.2024;8399.1946;599942;7199;2879;2705;2024-05-05 00:12:59 UTC
meta;fb_camp_001;fb_adset_001;fb_ad_001;05.05.2024;8437.2376;602659;7231;2892;2717;2024-05-05 02:19:00 UTC
meta;fb_camp_001;fb_adset_001;fb_ad_001;05.05.2024;8475.2806;605376;7264;2905;2729;2024-05-05 09:30:59 UTC
meta;fb_camp_001;fb_adset_001;fb_ad_001;05.05.2024;8513.3236;608093;7296;2918;2741;2024-05-05 16:42:59 UTC
meta;fb_camp_001;fb_adset_001;fb_ad_001;05.05.2024;8551.3666;610811;7329;2931;2754;2024-05-06 00:14:59 UTC
meta;fb_camp_001;fb_adset_001;fb_ad_001;06.05.2024;8574.8823;612490;7349;2939;2761;2024-05-06 03:40:00 UTC
meta;fb_camp_001;fb_adset_001;fb_ad_001;06.05.2024;8598.3981;614170;7369;2947;2769;2024-05-06 13:54:29 UTC
meta;fb_camp_001;fb_adset_001;fb_ad_001;06.05.2024;8621.9138;615850;7390;2955;2777;2024-05-07 00:08:59 UTC
meta;fb_camp_001;fb_adset_001;fb_ad_001;07.05.2024;8641.3242;617236;7406;2961;2783;2024-05-07 03:09:00 UTC
meta;fb_camp_001;fb_adset_001;fb_ad_001;07.05.2024;8660.7347;618623;7423;2968;2789;2024-05-07 10:11:59 UTC
meta;fb_camp_001;fb_adset_001;fb_ad_001;07.05.2024;8680.1452;620009;7439;2975;2795;2024-05-07 17:00:59 UTC
meta;fb_camp_001;fb_adset_001;fb_ad_001;07.05.2024;8699.5556;621396;7456;2982;2802;2024-05-08 00:08:59 UTC
meta;fb_camp_001;fb_adset_001;fb_ad_001;08.05.2024;8708.7137;622050;7463;2985;2805;2024-05-08 04:08:00 UTC
meta;fb_camp_001;fb_adset_001;fb_ad_001;08.05.2024;8717.8718;622704;7471;2988;2808;2024-05-08 08:12:11 UTC
meta;fb_camp_001;fb_adset_001;fb_ad_001;08.05.2024;8727.03;623358;7479;2991;2811;2024-05-08 12:14:23 UTC
meta;fb_camp_001;fb_adset_001;fb_ad_001;08.05.2024;8736.1881;624012;7487;2994;2814;2024-05-08 16:14:35 UTC
meta;fb_camp_001;fb_adset_001;fb_ad_001;08.05.2024;8745.3462;624666;7495;2997;2817;2024-05-08 20:02:47 UTC
meta;fb_camp_001;fb_adset_001;fb_ad_001;08.05.2024;8754.5043;625321;7503;3001;2820;2024-05-09 00:11:59 UTC
meta;fb_camp_001;fb_adset_001;fb_ad_001;09.05.2024;8769.239;626373;7515;3006;2824;2024-05-09 01:13:00 UTC
meta;fb_camp_001;fb_adset_001;fb_ad_001;09.05.2024;8783.9736;627426;7528;3011;2829;2024-05-09 08:54:59 UTC
meta;fb_camp_001;fb_adset_001;fb_ad_001;09.05.2024;8798.7082;628478;7541;3016;2834;2024-05-09 16:31:59 UTC
meta;fb_camp_001;fb_adset_001;fb_ad_001;09.05.2024;8813.4429;629531;7554;3021;2839;2024-05-10 00:09:59 UTC
meta;fb_camp_001;fb_adset_001;fb_ad_001;10.05.2024;8816.0972;629720;7556;3021;2839;2024-05-10 03:36:00 UTC
meta;fb_camp_001;fb_adset_001;fb_ad_001;10.05.2024;8818.7515;629910;7558;3022;2840;2024-05-10 08:49:29 UTC
meta;fb_camp_001;fb_adset_001;fb_ad_001;10.05.2024;8821.4057;630099;7560;3023;2841;2024-05-10 13:54:59 UTC
meta;fb_camp_001;fb_adset_001;fb_ad_001;10.05.2024;8824.06;630289;7562;3024;2842;2024-05-10 19:04:29 UTC
meta;fb_camp_001;fb_adset_001;fb_ad_001;10.05.2024;8826.7143;630479;7565;3025;2843;2024-05-11 00:03:59 UTC
meta;fb_camp_001;fb_adset_001;fb_ad_001;11.05.2024;8832.2257;630872;7569;3027;2844;2024-05-11 03:26:00 UTC
meta;fb_camp_001;fb_adset_001;fb_ad_001;11.05.2024;8837.7371;631266;7574;3029;2846;2024-05-11 08:38:44 UTC
meta;fb_camp_001;fb_adset_001;fb_ad_001;11.05.2024;8843.2485;631659;7579;3031;2848;2024-05-11 13:53:29 UTC
meta;fb_camp_001;fb_adset_001;fb_ad_001;11.05.2024;8848.7599;632053;7584;3033;2850;2024-05-11 18:53:14 UTC
meta;fb_camp_001;fb_adset_001;fb_ad_001;11.05.2024;8854.2713;632447;7589;3035;2852;2024-05-12 00:02:59 UTC
meta;fb_camp_001;fb_adset_001;fb_ad_001;12.05.2024;8874.1037;633863;7606;3041;2858;2024-05-12 03:05:00 UTC
meta;fb_camp_001;fb_adset_001;fb_ad_001;12.05.2024;8893.9361;635280;7623;3048;2864;2024-05-12 07:15:23 UTC
meta;fb_camp_001;fb_adset_001;fb_ad_001;12.05.2024;8913.7685;636697;7640;3055;2871;2024-05-12 11:33:47 UTC
meta;fb_camp_001;fb_adset_001;fb_ad_001;12.05.2024;8933.6009;638113;7657;3062;2877;2024-05-12 15:39:11 UTC
meta;fb_camp_001;fb_adset_001;fb_ad_001;12.05.2024;8953.4333;639530;7674;3069;2883;2024-05-12 19:58:35 UTC
meta;fb_camp_001;fb_adset_001;fb_ad_001;12.05.2024;8973.2657;640947;7691;3076;2890;2024-05-13 00:11:59 UTC
meta;fb_camp_001;fb_adset_001;fb_ad_001;13.05.2024;8983.3011;641663;7699;3079;2893;2024-05-13 01:23:00 UTC
meta;fb_camp_001;fb_adset_001;fb_ad_001;13.05.2024;8993.3366;642380;7708;3082;2896;2024-05-13 09:00:39 UTC
meta;fb_camp_001;fb_adset_001;fb_ad_001;13.05.2024;9003.372;643097;7716;3085;2899;2024-05-13 16:29:19 UTC
meta;fb_camp_001;fb_adset_001;fb_ad_001;13.05.2024;9013.4074;643814;7725;3089;2903;2024-05-14 00:10:59 UTC
meta;fb_camp_001;fb_adset_001;fb_ad_001;14.05.2024;9036.8864;645491;7745;3097;2910;2024-05-14 01:56:00 UTC
meta;fb_camp_001;fb_adset_001;fb_ad_001;14.05.2024;9060.3654;647168;7765;3105;2918;2024-05-14 07:21:44 UTC
meta;fb_camp_001;fb_adset_001;fb_ad_001;14.05.2024;9083.8443;648845;7785;3113;2925;2024-05-14 13:01:29 UTC
meta;fb_camp_001;fb_adset_001;fb_ad_001;14.05.2024;9107.3233;650522;7805;3121;2933;2024-05-14 18:35:14 UTC
meta;fb_camp_001;fb_adset_001;fb_ad_001;14.05.2024;9130.8023;652200;7826;3130;2941;2024-05-15 00:11:59 UTC
meta;fb_camp_001;fb_adset_001;fb_ad_001;15.05.2024;9142.3498;653024;7835;3133;2944;2024-05-15 00:54:00 UTC
meta;fb_camp_001;fb_adset_001;fb_ad_001;15.05.2024;9153.8974;653849;7845;3137;2948;2024-05-15 06:44:59 UTC
meta;fb_camp_001;fb_adset_001;fb_ad_001;15.05.2024;9165.4449;654674;7855;3141;2952;2024-05-15 12:31:59 UTC
meta;fb_camp_001;fb_adset_001;fb_ad_001;15.05.2024;9176.9925;655499;7865;3145;2956;2024-05-15 18:21:59 UTC
meta;fb_camp_001;fb_adset_001;fb_ad_001;15.05.2024;9188.54;656324;7875;3149;2960;2024-05-16 00:09:59 UTC
meta;fb_camp_001;fb_adset_001;fb_ad_001;16.05.2024;9198.5294;657037;7883;3152;2963;2024-05-16 03:10:00 UTC
meta;fb_camp_001;fb_adset_001;fb_ad_001;16.05.2024;9208.5188;657751;7892;3156;2966;2024-05-16 07:15:47 UTC
meta;fb_camp_001;fb_adset_001;fb_ad_001;16.05.2024;9218.5083;658464;7901;3159;2969;2024-05-16 11:34:35 UTC
meta;fb_camp_001;fb_adset_001;fb_ad_001;16.05.2024;9228.4977;659178;7909;3163;2972;2024-05-16 15:35:23 UTC
meta;fb_camp_001;fb_adset_001;fb_ad_001;16.05.2024;9238.4871;659891;7918;3166;2975;2024-05-16 19:56:11 UTC
meta;fb_camp_001;fb_adset_001;fb_ad_001;16.05.2024;9248.4765;660605;7927;3170;2979;2024-05-17 00:01:59 UTC
meta;fb_camp_001;fb_adset_001;fb_ad_001;17.05.2024;9261.9395;661566;7938;3174;2983;2024-05-17 03:10:00 UTC
meta;fb_camp_001;fb_adset_001;fb_ad_001;17.05.2024;9275.4026;662528;7949;3179;2987;2024-05-17 13:45:29 UTC
meta;fb_camp_001;fb_adset_001;fb_ad_001;17.05.2024;9288.8656;663490;7961;3184;2992;2024-05-18 00:00:59 UTC
meta;fb_camp_001;fb_adset_001;fb_ad_001;18.05.2024;9310.3116;665021;7979;3191;2999;2024-05-18 03:01:00 UTC
meta;fb_camp_001;fb_adset_001;fb_ad_001;18.05.2024;9331.7576;666553;7998;3198;3006;2024-05-18 09:54:59 UTC
meta;fb_camp_001;fb_adset_001;fb_ad_001;18.05.2024;9353.2037;668085;8016;3205;3013;2024-05-18 17:00:59 UTC
meta;fb_camp_001;fb_adset_001;fb_ad_001;18.05.2024;9374.6497;669617;8035;3213;3020;2024-05-19 00:10:59 UTC
meta;fb_camp_001;fb_adset_001;fb_ad_001;19.05.2024;9394.7539;671053;8052;3220;3026;2024-05-19 01:54:00 UTC
meta;fb_camp_001;fb_adset_001;fb_ad_001;19.05.2024;9414.858;672489;8069;3227;3032;2024-05-19 07:36:44 UTC
meta;fb_camp_001;fb_adset_001;fb_ad_001;19.05.2024;9434.9622;673925;8086;3234;3039;2024-05-19 13:09:29 UTC
meta;fb_camp_001;fb_adset_001;fb_ad_001;19.05.2024;9455.0663;675361;8103;3241;3045;2024-05-19 18:33:14 UTC
meta;fb_camp_001;fb_adset_001;fb_ad_001;19.05.2024;9475.1705;676797;8121;3248;3052;2024-05-20 00:03:59 UTC
meta;fb_camp_001;fb_adset_001;fb_ad_001;20.05.2024;9483.9201;677422;8128;3251;3054;2024-05-20 03:00:00 UTC
meta;fb_camp_001;fb_adset_001;fb_ad_001;20.05.2024;9492.6696;678047;8135;3254;3057;2024-05-20 13:27:59 UTC
meta;fb_camp_001;fb_adset_001;fb_ad_001;20.05.2024;9501.4192;678672;8143;3257;3060;2024-05-21 00:09:59 UTC
meta;fb_camp_001;fb_adset_001;fb_ad_001;21.05.2024;9505.0822;678933;8146;3258;3061;2024-05-21 03:24:00 UTC
meta;fb_camp_001;fb_adset_001;fb_ad_001;21.05.2024;9508.7452;679195;8149;3259;3062;2024-05-21 10:22:59 UTC
meta;fb_camp_001;fb_adset_001;fb_ad_001;21.05.2024;9512.4082;679457;8152;3260;3063;2024-05-21 17:17:59 UTC
meta;fb_camp_001;fb_adset_001;fb_ad_001;21.05.2024;9516.0712;679719;8156;3262;3065;2024-05-22 00:12:59 UTC
meta;fb_camp_001;fb_adset_001;fb_ad_001;22.05.2024;9517.5791;679826;8157;3262;3065;2024-05-22 01:06:00 UTC
meta;fb_camp_001;fb_adset_001;fb_ad_001;22.05.2024;9519.0869;679934;8158;3262;3066;2024-05-22 06:51:14 UTC
meta;fb_camp_001;fb_adset_001;fb_ad_001;22.05.2024;9520.5948;680041;8159;3263;3066;2024-05-22 12:36:29 UTC
meta;fb_camp_001;fb_adset_001;fb_ad_001;22.05.2024;9522.1026;680149;8160;3263;3067;2024-05-22 18:27:44 UTC
meta;fb_camp_001;fb_adset_001;fb_ad_001;22.05.2024;9523.6105;680257;8162;3264;3068;2024-05-23 00:10:59 UTC
meta;fb_camp_001;fb_adset_001;fb_ad_001;23.05.2024;9538.6157;681328;8175;3269;3072;2024-05-23 00:12:00 UTC
meta;fb_camp_001;fb_adset_001;fb_ad_001;23.05.2024;9553.6209;682400;8188;3274;3077;2024-05-23 06:04:59 UTC
meta;fb_camp_001;fb_adset_001;fb_ad_001;23.05.2024;9568.6261;683472;8201;3279;3082;2024-05-23 12:03:59 UTC
meta;fb_camp_001;fb_adset_001;fb_ad_001;23.05.2024;9583.6313;684544;8214;3284;3087;2024-05-23 18:09:59 UTC
meta;fb_camp_001;fb_adset_001;fb_ad_001;23.05.2024;9598.6365;685616;8227;3290;3092;2024-05-24 00:13:59 UTC
meta;fb_camp_001;fb_adset_001;fb_ad_001;24.05.2024;9610.146;686438;8236;3294;3095;2024-05-24 02:09:00 UTC
meta;fb_camp_001;fb_adset_001;fb_ad_001;24.05.2024;9621.6554;687260;8246;3298;3099;2024-05-24 06:34:23 UTC
meta;fb_camp_001;fb_adset_001;fb_ad_001;24.05.2024;9633.1649;688082;8256;3302;3103;2024-05-24 10:58:47 UTC
meta;fb_camp_001;fb_adset_001;fb_ad_001;24.05.2024;9644.6743;688904;8266;3306;3106;2024-05-24 15:22:11 UTC
meta;fb_camp_001;fb_adset_001;fb_ad_001;24.05.2024;9656.1838;689726;8276;3310;3110;2024-05-24 19:41:35 UTC
meta;fb_camp_001;fb_adset_001;fb_ad_001;24.05.2024;9667.6932;690549;8286;3314;3114;2024-05-25 00:12:59 UTC
meta;fb_camp_001;fb_adset_001;fb_ad_001;25.05.2024;9725.242;694659;8335;3333;3132;2024-05-25 01:26:00 UTC
meta;fb_camp_001;fb_adset_001;fb_ad_001;25.05.2024;9782.7908;698770;8384;3353;3151;2024-05-25 08:54:59 UTC
meta;fb_camp_001;fb_adset_001;fb_ad_001;25.05.2024;9840.3395;702880;8433;3372;3169;2024-05-25 16:36:59 UTC
meta;fb_camp_001;fb_adset_001;fb_ad_001;25.05.2024;9897.8883;706991;8483;3392;3188;2024-05-26 00:01:59 UTC
meta;fb_camp_001;fb_adset_001;fb_ad_001;26.05.2024;9911.6863;707976;8494;3396;3192;2024-05-26 01:56:00 UTC
meta;fb_camp_001;fb_adset_001;fb_ad_001;26.05.2024;9925.4844;708962;8506;3401;3197;2024-05-26 09:13:19 UTC
meta;fb_camp_001;fb_adset_001;fb_ad_001;26.05.2024;9939.2824;709948;8518;3406;3201;2024-05-26 16:42:39 UTC
meta;fb_camp_001;fb_adset_001;fb_ad_001;26.05.2024;9953.0804;710934;8530;3411;3206;2024-05-27 00:00:59 UTC
meta;fb_camp_001;fb_adset_001;fb_ad_001;27.05.2024;9961.0748;711505;8537;3413;3208;2024-05-27 02:40:00 UTC
meta;fb_camp_001;fb_adset_001;fb_ad_001;27.05.2024;9969.0692;712076;8544;3416;3211;2024-05-27 06:54:59 UTC
meta;fb_camp_001;fb_adset_001;fb_ad_001;27.05.2024;9977.0636;712647;8551;3419;3213;2024-05-27 11:11:59 UTC
meta;fb_camp_001;fb_adset_001;fb_ad_001;27.05.2024;9985.0581;713218;8558;3422;3216;2024-05-27 15:35:59 UTC
meta;fb_camp_001;fb_adset_001;fb_ad_001;27.05.2024;9993.0525;713789;8565;3425;3218;2024-05-27 19:56:59 UTC
meta;fb_camp_001;fb_adset_001;fb_ad_001;27.05.2024;10001.0469;714360;8572;3428;3221;2024-05-28 00:04:59 UTC
meta;fb_camp_001;fb_adset_001;fb_ad_001;28.05.2024;10022.1573;715868;8590;3435;3228;2024-05-28 02:41:00 UTC
meta;fb_camp_001;fb_adset_001;fb_ad_001;28.05.2024;10043.2678;717376;8608;3442;3235;2024-05-28 13:29:29 UTC
meta;fb_camp_001;fb_adset_001;fb_ad_001;28.05.2024;10064.3782;718884;8626;3450;3242;2024-05-29 00:02:59 UTC
meta;fb_camp_001;fb_adset_001;fb_ad_001;29.05.2024;10086.3303;720452;8644;3457;3249;2024-05-29 02:05:00 UTC
meta;fb_camp_001;fb_adset_001;fb_ad_001;29.05.2024;10108.2823;722020;8663;3464;3256;2024-05-29 13:09:29 UTC
meta;fb_camp_001;fb_adset_001;fb_ad_001;29.05.2024;10130.2344;723588;8682;3472;3263;2024-05-30 00:00:59 UTC
meta;fb_camp_001;fb_adset_001;fb_ad_001;30.05.2024;10139.2592;724232;8689;3475;3266;2024-05-30 04:00:00 UTC
meta;fb_camp_001;fb_adset_001;fb_ad_001;30.05.2024;10148.284;724877;8697;3478;3269;2024-05-30 09:01:29 UTC
meta;fb_camp_001;fb_adset_001;fb_ad_001;30.05.2024;10157.3089;725521;8705;3481;3272;2024-05-30 14:00:59 UTC
meta;fb_camp_001;fb_adset_001;fb_ad_001;30.05.2024;10166.3337;726166;8713;3484;3275;2024-05-30 18:59:29 UTC
meta;fb_camp_001;fb_adset_001;fb_ad_001;30.05.2024;10175.3585;726811;8721;3488;3278;2024-05-31 00:12:59 UTC
meta;fb_camp_001;fb_adset_001;fb_ad_001;31.05.2024;10180.764;727197;8725;3489;3279;2024-05-31 01:20:00 UTC
meta;fb_camp_001;fb_adset_001;fb_ad_001;31.05.2024;10186.1696;727583;8730;3491;3281;2024-05-31 06:55:14 UTC
meta;fb_camp_001;fb_adset_001;fb_ad_001;31.05.2024;10191.5751;727969;8734;3493;3282;2024-05-31 12:48:29 UTC
meta;fb_camp_001;fb_adset_001;fb_ad_001;31.05.2024;10196.9807;728355;8739;3495;3284;2024-05-31 18:26:44 UTC
meta;fb_camp_001;fb_adset_001;fb_ad_001;31.05.2024;10202.3862;728741;8744;3497;3286;2024-06-01 00:02:59 UTC
meta;fb_camp_001;fb_adset_001;fb_ad_001;01.06.2024;10211.2156;729371;8751;3500;3288;2024-06-01 03:11:00 UTC
meta;fb_camp_001;fb_adset_001;fb_ad_001;01.06.2024;10220.045;730002;8759;3503;3291;2024-06-01 07:19:59 UTC
meta;fb_camp_001;fb_adset_001;fb_ad_001;01.06.2024;10228.8744;730633;8767;3506;3294;2024-06-01 11:41:59 UTC
meta;fb_camp_001;fb_adset_001;fb_ad_001;01.06.2024;10237.7038;731263;8774;3509;3297;2024-06-01 15:41:59 UTC
meta;fb_camp_001;fb_adset_001;fb_ad_001;01.06.2024;10246.5332;731894;8782;3512;3300;2024-06-01 19:59:59 UTC
meta;fb_camp_001;fb_adset_001;fb_ad_001;01.06.2024;10255.3626;732525;8790;3515;3303;2024-06-02 00:05:59 UTC
meta;fb_camp_001;fb_adset_001;fb_ad_001;02.06.2024;10265.6569;733260;8798;3518;3306;2024-06-02 02:22:00 UTC
meta;fb_camp_001;fb_adset_001;fb_ad_001;02.06.2024;10275.9511;733995;8807;3522;3309;2024-06-02 07:56:29 UTC
meta;fb_camp_001;fb_adset_001;fb_ad_001;02.06.2024;10286.2454;734731;8816;3525;3313;2024-06-02 13:18:59 UTC
meta;fb_camp_001;fb_adset_001;fb_ad_001;02.06.2024;10296.5396;735466;8825;3529;3316;2024-06-02 18:43:29 UTC
meta;fb_camp_001;fb_adset_001;fb_ad_001;02.06.2024;10306.8339;736202;8834;3533;3320;2024-06-03 00:07:59 UTC
meta;fb_camp_001;fb_adset_001;fb_ad_001;03.06.2024;10323.78;737412;8848;3538;3325;2024-06-03 00:48:00 UTC
meta;fb_camp_001;fb_adset_001;fb_ad_001;03.06.2024;10340.726;738622;8862;3544;3330;2024-06-03 12:28:59 UTC
meta;fb_camp_001;fb_adset_001;fb_ad_001;03.06.2024;10357.6721;739833;8877;3550;3336;2024-06-04 00:03:59 UTC
meta;fb_camp_001;fb_adset_001;fb_ad_001;04.06.2024;10380.6953;741477;8896;3558;3343;2024-06-04 00:58:00 UTC
meta;fb_camp_001;fb_adset_001;fb_ad_001;04.06.2024;10403.7186;743122;8916;3566;3351;2024-06-04 08:34:39 UTC
meta;fb_camp_001;fb_adset_001;fb_ad_001;04.06.2024;10426.7418;744766;8936;3574;3358;2024-06-04 16:21:19 UTC
meta;fb_camp_001;fb_adset_001;fb_ad_001;04.06.2024;10449.765;746411;8956;3582;3366;2024-06-05 00:14:59 UTC
meta;fb_camp_001;fb_adset_001;fb_ad_001;05.06.2024;10467.1828;747655;8971;3588;3371;2024-06-05 03:25:00 UTC
meta;fb_camp_001;fb_adset_001;fb_ad_001;05.06.2024;10484.6006;748899;8986;3594;3377;2024-06-05 13:49:59 UTC
meta;fb_camp_001;fb_adset_001;fb_ad_001;05.06.2024;10502.0184;750144;9001;3600;3383;2024-06-06 00:04:59 UTC
meta;fb_camp_001;fb_adset_001;fb_ad_001;06.06.2024;10507.0151;750500;9005;3601;3384;2024-06-06 02:45:00 UTC
meta;fb_camp_001;fb_adset_001;fb_ad_001;06.06.2024;10512.0118;750857;9009;3603;3386;2024-06-06 13:24:59 UTC
meta;fb_camp_001;fb_adset_001;fb_ad_001;06.06.2024;10517.0085;751214;9014;3605;3388;2024-06-07 00:07:59 UTC
meta;fb_camp_001;fb_adset_001;fb_ad_001;07.06.2024;10522.1773;751583;9018;3606;3389;2024-06-07 00:33:00 UTC
meta;fb_camp_001;fb_adset_001;fb_ad_001;07.06.2024;10527.346;751952;9022;3608;3391;2024-06-07 05:13:23 UTC
meta;fb_camp_001;fb_adset_001;fb_ad_001;07.06.2024;10532.5148;752321;9027;3610;3393;2024-06-07 09:50:47 UTC
meta;fb_camp_001;fb_adset_001;fb_ad_001;07.06.2024;10537.6836;752690;9031;3611;3394;2024-06-07 14:37:11 UTC
meta;fb_camp_001;fb_adset_001;fb_ad_001;07.06.2024;10542.8523;753059;9035;3613;3396;2024-06-07 19:24:35 UTC
meta;fb_camp_001;fb_adset_001;fb_ad_001;07.06.2024;10548.0211;753429;9040;3615;3398;2024-06-08 00:01:59 UTC
meta;fb_camp_001;fb_adset_001;fb_ad_001;08.06.2024;10562.9164;754493;9053;3620;3402;2024-06-08 01:58:00 UTC
meta;fb_camp_001;fb_adset_001;fb_ad_001;08.06.2024;10577.8117;755557;9066;3625;3407;2024-06-08 13:03:29 UTC
meta;fb_camp_001;fb_adset_001;fb_ad_001;08.06.2024;10592.707;756621;9079;3631;3412;2024-06-09 00:00:59 UTC
meta;fb_camp_001;fb_adset_001;fb_ad_001;09.06.2024;10610.7552;757910;9094;3637;3417;2024-06-09 01:53:00 UTC
meta;fb_camp_001;fb_adset_001;fb_ad_001;09.06.2024;10628.8034;759199;9109;3643;3423;2024-06-09 13:03:59 UTC
meta;fb_camp_001;fb_adset_001;fb_ad_001;09.06.2024;10646.8516;760489;9125;3649;3429;2024-06-10 00:03:59 UTC
meta;fb_camp_001;fb_adset_001;fb_ad_001;10.06.2024;10659.5427;761395;9135;3653;3433;2024-06-10 00:22:00 UTC
meta;fb_camp_001;fb_adset_001;fb_ad_001;10.06.2024;10672.2338;762302;9146;3657;3437;2024-06-10 05:12:23 UTC
meta;fb_camp_001;fb_adset_001;fb_ad_001;10.06.2024;10684.9248;763208;9157;3662;3441;2024-06-10 09:55:47 UTC
meta;fb_camp_001;fb_adset_001;fb_ad_001;10.06.2024;10697.6159;764115;9168;3666;3445;2024-06-10 14:44:11 UTC
meta;fb_camp_001;fb_adset_001;fb_ad_001;10.06.2024;10710.307;765021;9179;3670;3449;2024-06-10 19:26:35 UTC
meta;fb_camp_001;fb_adset_001;fb_ad_001;10.06.2024;10722.9981;765928;9190;3675;3454;2024-06-11 00:12:59 UTC
meta;fb_camp_001;fb_adset_001;fb_ad_001;11.06.2024;10732.0762;766576;9197;3678;3457;2024-06-11 00:58:00 UTC
meta;fb_camp_001;fb_adset_001;fb_ad_001;11.06.2024;10741.1543;767224;9205;3681;3460;2024-06-11 05:28:35 UTC
meta;fb_camp_001;fb_adset_001;fb_ad_001;11.06.2024;10750.2324;767873;9213;3684;3463;2024-06-11 10:05:11 UTC
meta;fb_camp_001;fb_adset_001;fb_ad_001;11.06.2024;10759.3106;768521;9221;3687;3466;2024-06-11 14:50:47 UTC
meta;fb_camp_001;fb_adset_001;fb_ad_001;11.06.2024;10768.3887;769169;9229;3690;3469;2024-06-11 19:33:23 UTC
meta;fb_camp_001;fb_adset_001;fb_ad_001;11.06.2024;10777.4668;769818;9237;3694;3472;2024-06-12 00:05:59 UTC
meta;fb_camp_001;fb_adset_001;fb_ad_001;12.06.2024;10779.4989;769963;9238;3694;3472;2024-06-12 00:05:00 UTC
meta;fb_camp_001;fb_adset_001;fb_ad_001;12.06.2024;10781.5309;770108;9240;3695;3473;2024-06-12 12:04:59 UTC
meta;fb_camp_001;fb_adset_001;fb_ad_001;12.06.2024;10783.563;770254;9242;3696;3474;2024-06-13 00:12:59 UTC
meta;fb_camp_001;fb_adset_001;fb_ad_001;13.06.2024;10786.9342;770494;9245;3697;3475;2024-06-13 00:50:00 UTC
meta;fb_camp_001;fb_adset_001;fb_ad_001;13.06.2024;10790.3054;770735;9248;3698;3476;2024-06-13 06:30:59 UTC
meta;fb_camp_001;fb_adset_001;fb_ad_001;13.06.2024;10793.6766;770976;9251;3699;3477;2024-06-13 12:32:59 UTC
meta;fb_camp_001;fb_adset_001;fb_ad_001;13.06.2024;10797.0478;771217;9254;3700;3478;2024-06-13 18:13:59 UTC
meta;fb_camp_001;fb_adset_001;fb_ad_001;13.06.2024;10800.419;771458;9257;3702;3479;2024-06-14 00:06:59 UTC
meta;fb_camp_001;fb_adset_001;fb_ad_001;14.06.2024;10813.7272;772408;9268;3706;3483;2024-06-14 03:47:00 UTC
meta;fb_camp_001;fb_adset_001;fb_ad_001;14.06.2024;10827.0354;773359;9279;3711;3487;2024-06-14 07:50:59 UTC
meta;fb_camp_001;fb_adset_001;fb_ad_001;14.06.2024;10840.3436;774309;9291;3715;3492;2024-06-14 11:53:59 UTC
meta;fb_camp_001;fb_adset_001;fb_ad_001;14.06.2024;10853.6518;775260;9302;3720;3496;2024-06-14 15:52:59 UTC
meta;fb_camp_001;fb_adset_001;fb_ad_001;14.06.2024;10866.96;776210;9313;3724;3500;2024-06-14 20:02:59 UTC
meta;fb_camp_001;fb_adset_001;fb_ad_001;14.06.2024;10880.2682;777161;9325;3729;3505;2024-06-15 00:10:59 UTC
meta;fb_camp_001;fb_adset_001;fb_ad_001;15.06.2024;10894.8449;778202;9337;3734;3509;2024-06-15 00:53:00 UTC
meta;fb_camp_001;fb_adset_001;fb_ad_001;15.06.2024;10909.4215;779243;9350;3739;3514;2024-06-15 12:30:29 UTC
meta;fb_camp_001;fb_adset_001;fb_ad_001;15.06.2024;10923.9982;780285;9363;3744;3519;2024-06-16 00:01:59 UTC
meta;fb_camp_001;fb_adset_001;fb_ad_001;16.06.2024;10943.3442;781667;9379;3750;3525;2024-06-16 00:37:00 UTC
meta;fb_camp_001;fb_adset_001;fb_ad_001;16.06.2024;10962.6902;783049;9395;3757;3531;2024-06-16 12:19:59 UTC
meta;fb_camp_001;fb_adset_001;fb_ad_001;16.06.2024;10982.0362;784431;9412;3764;3537;2024-06-17 00:01:59 UTC
meta;fb_camp_001;fb_adset_001;fb_ad_001;17.06.2024;10989.9253;784994;9418;3766;3539;2024-06-17 02:40:00 UTC
meta;fb_camp_001;fb_adset_001;fb_ad_001;17.06.2024;10997.8144;785557;9425;3769;3542;2024-06-17 08:03:29 UTC
meta;fb_camp_001;fb_adset_001;fb_ad_001;17.06.2024;11005.7036;786121;9432;3772;3544;2024-06-17 13:31:59 UTC
meta;fb_camp_001;fb_adset_001;fb_ad_001;17.06.2024;11013.5927;786684;9439;3775;3547;2024-06-17 18:54:29 UTC
meta;fb_camp_001;fb_adset_001;fb_ad_001;17.06.2024;11021.4818;787248;9446;3778;3550;2024-06-18 00:07:59 UTC
meta;fb_camp_001;fb_adset_001;fb_ad_001;18.06.2024;11026.6321;787615;9450;3779;3551;2024-06-18 04:03:00 UTC
meta;fb_camp_001;fb_adset_001;fb_ad_001;18.06.2024;11031.7824;787983;9455;3781;3553;2024-06-18 07:54:35 UTC
meta;fb_camp_001;fb_adset_001;fb_ad_001;18.06.2024;11036.9328;788351;9459;3783;3555;2024-06-18 12:03:11 UTC
meta;fb_camp_001;fb_adset_001;fb_ad_001;18.06.2024;11042.0831;788719;9464;3784;3556;2024-06-18 15:59:47 UTC
meta;fb_camp_001;fb_adset_001;fb_ad_001;18.06.2024;11047.2334;789087;9468;3786;3558;2024-06-18 20:07:23 UTC
meta;fb_camp_001;fb_adset_001;fb_ad_001;18.06.2024;11052.3837;789455;9473;3788;3560;2024-06-19 00:03:59 UTC
meta;fb_camp_001;fb_adset_001;fb_ad_001;19.06.2024;11062.5376;790180;9481;3791;3563;2024-06-19 04:03:00 UTC
meta;fb_camp_001;fb_adset_001;fb_ad_001;19.06.2024;11072.6914;790905;9490;3795;3566;2024-06-19 10:47:19 UTC
meta;fb_camp_001;fb_adset_001;fb_ad_001;19.06.2024;11082.8453;791630;9499;3798;3569;2024-06-19 17:25:39 UTC
meta;fb_camp_001;fb_adset_001;fb_ad_001;19.06.2024;11092.9992;792356;9508;3802;3573;2024-06-20 00:04:59 UTC
meta;fb_camp_001;fb_adset_001;fb_ad_001;20.06.2024;11107.638;793401;9520;3807;3577;2024-06-20 02:58:00 UTC
meta;fb_camp_001;fb_adset_001;fb_ad_001;20.06.2024;11122.2767;794447;9533;3812;3582;2024-06-20 10:03:39 UTC
meta;fb_camp_001;fb_adset_001;fb_ad_001;20.06.2024;11136.9154;795493;9545;3817;3587;2024-06-20 17:07:19 UTC
meta;fb_camp_001;fb_adset_001;fb_ad_001;20.06.2024;11151.5542;796539;9558;3822;3592;2024-06-21 00:13:59 UTC
meta;fb_camp_001;fb_adset_001;fb_ad_001;21.06.2024;11161.946;797281;9566;3825;3595;2024-06-21 00:49:00 UTC
meta;fb_camp_001;fb_adset_001;fb_ad_001;21.06.2024;11172.3378;798023;9575;3829;3598;2024-06-21 06:35:14 UTC
meta;fb_camp_001;fb_adset_001;fb_ad_001;21.06.2024;11182.7296;798765;9584;3832;3602;2024-06-21 12:20:29 UTC
meta;fb_camp_001;fb_adset_001;fb_ad_001;21.06.2024;11193.1214;799507;9593;3836;3605;2024-06-21 18:10:44 UTC
meta;fb_camp_001;fb_adset_001;fb_ad_001;21.06.2024;11203.5132;800250;9602;3840;3609;2024-06-22 00:00:59 UTC
meta;fb_camp_001;fb_adset_001;fb_ad_001;22.06.2024;11236.8716;802633;9630;3851;3619;2024-06-22 03:43:00 UTC
meta;fb_camp_001;fb_adset_001;fb_ad_001;22.06.2024;11270.23;805016;9659;3862;3630;2024-06-22 13:48:59 UTC
meta;fb_camp_001;fb_adset_001;fb_ad_001;22.06.2024;11303.5884;807399;9688;3874;3641;2024-06-23 00:04:59 UTC
meta;fb_camp_001;fb_adset_001;fb_ad_001;23.06.2024;11306.6264;807616;9690;3875;3642;2024-06-23 02:20:00 UTC
meta;fb_camp_001;fb_adset_001;fb_ad_001;23.06.2024;11309.6644;807833;9693;3876;3643;2024-06-23 09:43:39 UTC
meta;fb_camp_001;fb_adset_001;fb_ad_001;23.06.2024;11312.7024;808050;9695;3877;3644;2024-06-23 16:55:19 UTC
meta;fb_camp_001;fb_adset_001;fb_ad_001;23.06.2024;11315.7404;808267;9698;3879;3645;2024-06-24 00:13:59 UTC
meta;fb_camp_001;fb_adset_001;fb_ad_001;24.06.2024;11319.2514;808517;9701;3880;3646;2024-06-24 01:15:00 UTC
meta;fb_camp_001;fb_adset_001;fb_ad_001;24.06.2024;11322.7625;808768;9704;3881;3647;2024-06-24 08:57:19 UTC
meta;fb_camp_001;fb_adset_001;fb_ad_001;24.06.2024;11326.2736;809019;9707;3882;3648;2024-06-24 16:37:39 UTC
meta;fb_camp_001;fb_adset_001;fb_ad_001;24.06.2024;11329.7846;809270;9710;3883;3650;2024-06-25 00:04:59 UTC
meta;fb_camp_001;fb_adset_001;fb_ad_001;25.06.2024;11340.616;810043;9719;3886;3653;2024-06-25 00:22:00 UTC
meta;fb_camp_001;fb_adset_001;fb_ad_001;25.06.2024;11351.4473;810817;9729;3890;3656;2024-06-25 08:20:19 UTC
meta;fb_camp_001;fb_adset_001;fb_ad_001;25.06.2024;11362.2786;811590;9738;3894;3659;2024-06-25 16:13:39 UTC
meta;fb_camp_001;fb_adset_001;fb_ad_001;25.06.2024;11373.11;812364;9748;3898;3663;2024-06-26 00:13:59 UTC
meta;fb_camp_001;fb_adset_001;fb_ad_001;26.06.2024;11398.6963;814191;9769;3907;3671;2024-06-26 03:50:00 UTC
meta;fb_camp_001;fb_adset_001;fb_ad_001;26.06.2024;11424.2825;816019;9791;3916;3679;2024-06-26 13:52:29 UTC
meta;fb_camp_001;fb_adset_001;fb_ad_001;26.06.2024;11449.8688;817847;9813;3925;3688;2024-06-27 00:04:59 UTC
meta;fb_camp_001;fb_adset_001;fb_ad_001;27.06.2024;11479.43;819958;9838;3935;3697;2024-06-27 02:10:00 UTC
meta;fb_camp_001;fb_adset_001;fb_ad_001;27.06.2024;11508.9913;822070;9863;3945;3707;2024-06-27 13:14:59 UTC
meta;fb_camp_001;fb_adset_001;fb_ad_001;27.06.2024;11538.5525;824182;9889;3955;3717;2024-06-28 00:09:59 UTC
meta;fb_camp_001;fb_adset_001;fb_ad_001;28.06.2024;11543.8797;824562;9893;3956;3718;2024-06-28 02:25:00 UTC
meta;fb_camp_001;fb_adset_001;fb_ad_001;28.06.2024;11549.2069;824943;9898;3958;3720;2024-06-28 06:52:35 UTC
meta;fb_camp_001;fb_adset_001;fb_ad_001;28.06.2024;11554.534;825323;9903;3960;3722;2024-06-28 11:12:11 UTC
meta;fb_camp_001;fb_adset_001;fb_ad_001;28.06.2024;11559.8612;825704;9907;3962;3723;2024-06-28 15:24:47 UTC
meta;fb_camp_001;fb_adset_001;fb_ad_001;28.06.2024;11565.1884;826084;9912;3964;3725;2024-06-28 19:42:23 UTC
meta;fb_camp_001;fb_adset_001;fb_ad_001;28.06.2024;11570.5156;826465;9917;3966;3727;2024-06-29 00:04:59 UTC
meta;fb_camp_001;fb_adset_001;fb_ad_001;29.06.2024;11571.1422;826509;9917;3966;3727;2024-06-29 01:28:00 UTC
meta;fb_camp_001;fb_adset_001;fb_ad_001;29.06.2024;11571.7688;826554;9917;3966;3727;2024-06-29 12:47:59 UTC
meta;fb_camp_001;fb_adset_001;fb_ad_001;29.06.2024;11572.3954;826599;9918;3967;3728;2024-06-30 00:05:59 UTC
meta;fb_camp_001;fb_adset_001;fb_ad_001;30.06.2024;11578.9657;827068;9923;3969;3730;2024-06-30 01:46:00 UTC
meta;fb_camp_001;fb_adset_001;fb_ad_001;30.06.2024;11585.536;827537;9929;3971;3732;2024-06-30 07:17:59 UTC
meta;fb_camp_001;fb_adset_001;fb_ad_001;30.06.2024;11592.1063;828007;9935;3973;3734;2024-06-30 13:00:59 UTC
meta;fb_camp_001;fb_adset_001;fb_ad_001;30.06.2024;11598.6766;828476;9941;3975;3736;2024-06-30 18:29:59 UTC
meta;fb_camp_001;fb_adset_001;fb_ad_001;30.06.2024;11605.2469;828946;9947;3978;3738;2024-07-01 00:06:59 UTC
meta;fb_camp_001;fb_adset_001;fb_ad_001;01.07.2024;11622.5503;830181;9961;3984;3743;2024-07-01 00:24:00 UTC
meta;fb_camp_001;fb_adset_001;fb_ad_001;01.07.2024;11639.8537;831417;9976;3990;3749;2024-07-01 08:26:19 UTC
meta;fb_camp_001;fb_adset_001;fb_ad_001;01.07.2024;11657.1571;832653;9991;3996;3755;2024-07-01 16:10:39 UTC
meta;fb_camp_001;fb_adset_001;fb_ad_001;01.07.2024;11674.4605;833889;10006;4002;3761;2024-07-02 00:11:59 UTC
meta;fb_camp_001;fb_adset_001;fb_ad_001;02.07.2024;11682.9979;834498;10013;4004;3763;2024-07-02 02:59:00 UTC
meta;fb_camp_001;fb_adset_001;fb_ad_001;02.07.2024;11691.5353;835108;10020;4007;3766;2024-07-02 07:09:23 UTC
meta;fb_camp_001;fb_adset_001;fb_ad_001;02.07.2024;11700.0726;835718;10028;4010;3769;2024-07-02 11:30:47 UTC
meta;fb_camp_001;fb_adset_001;fb_ad_001;02.07.2024;11708.61;836328;10035;4013;3771;2024-07-02 15:45:11 UTC
meta;fb_camp_001;fb_adset_001;fb_ad_001;02.07.2024;11717.1474;836938;10042;4016;3774;2024-07-02 19:52:35 UTC
meta;fb_camp_001;fb_adset_001;fb_ad_001;02.07.2024;11725.6848;837548;10050;4019;3777;2024-07-03 00:14:59 UTC
meta;fb_camp_001;fb_adset_001;fb_ad_001;03.07.2024;11738.8097;838485;10061;4023;3781;2024-07-03 03:34:00 UTC
meta;fb_camp_001;fb_adset_001;fb_ad_001;03.07.2024;11751.9345;839423;10072;4028;3785;2024-07-03 07:47:23 UTC
meta;fb_camp_001;fb_adset_001;fb_ad_001;03.07.2024;11765.0594;840360;10083;4032;3789;2024-07-03 11:45:47 UTC
meta;fb_camp_001;fb_adset_001;fb_ad_001;03.07.2024;11778.1842;841298;10094;4037;3793;2024-07-03 15:55:11 UTC
meta;fb_camp_001;fb_adset_001;fb_ad_001;03.07.2024;11791.309;842235;10105;4041;3797;2024-07-03 20:02:35 UTC
meta;fb_camp_001;fb_adset_001;fb_ad_001;03.07.2024;11804.4339;843173;10117;4046;3802;2024-07-04 00:01:59 UTC
meta;fb_camp_001;fb_adset_001;fb_ad_001;04.07.2024;11833.4975;845249;10142;4056;3811;2024-07-04 00:58:00 UTC
meta;fb_camp_001;fb_adset_001;fb_ad_001;04.07.2024;11862.561;847325;10167;4066;3821;2024-07-04 08:49:19 UTC
meta;fb_camp_001;fb_adset_001;fb_ad_001;04.07.2024;11891.6246;849401;10192;4076;3830;2024-07-04 16:31:39 UTC
meta;fb_camp_001;fb_adset_001;fb_ad_001;04.07.2024;11920.6882;851477;10217;4086;3840;2024-07-05 00:02:59 UTC
meta;fb_camp_001;fb_adset_001;fb_ad_001;05.07.2024;11932.1202;852293;10226;4090;3843;2024-07-05 03:01:00 UTC
meta;fb_camp_001;fb_adset_001;fb_ad_001;05.07.2024;11943.5523;853110;10236;4094;3847;2024-07-05 10:01:39 UTC
meta;fb_camp_001;fb_adset_001;fb_ad_001;05.07.2024;11954.9844;853926;10246;4098;3851;2024-07-05 16:57:19 UTC
meta;fb_camp_001;fb_adset_001;fb_ad_001;05.07.2024;11966.4164;854743;10256;4102;3855;2024-07-06 00:11:59 UTC
meta;fb_camp_001;fb_adset_001;fb_ad_001;06.07.2024;11978.4155;855600;10266;4106;3858;2024-07-06 01:03:00 UTC
meta;fb_camp_001;fb_adset_001;fb_ad_001;06.07.2024;11990.4145;856457;10276;4110;3862;2024-07-06 12:37:59 UTC
meta;fb_camp_001;fb_adset_001;fb_ad_001;06.07.2024;12002.4136;857315;10287;4114;3866;2024-07-07 00:00:59 UTC
meta;fb_camp_001;fb_adset_001;fb_ad_001;07.07.2024;12006.3816;857598;10290;4115;3867;2024-07-07 01:59:00 UTC
meta;fb_camp_001;fb_adset_001;fb_ad_001;07.07.2024;12010.3496;857881;10293;4116;3868;2024-07-07 06:31:23 UTC
meta;fb_camp_001;fb_adset_001;fb_ad_001;07.07.2024;12014.3176;858165;10297;4118;3870;2024-07-07 10:51:47 UTC
meta;fb_camp_001;fb_adset_001;fb_ad_001;07.07.2024;12018.2855;858448;10300;4119;3871;2024-07-07 15:20:11 UTC
meta;fb_camp_001;fb_adset_001;fb_ad_001;07.07.2024;12022.2535;858731;10303;4120;3872;2024-07-07 19:50:35 UTC
meta;fb_camp_001;fb_adset_001;fb_ad_001;07.07.2024;12026.2215;859015;10307;4122;3874;2024-07-08 00:08:59 UTC
meta;fb_camp_001;fb_adset_001;fb_ad_001;08.07.2024;12028.5481;859181;10309;4122;3874;2024-07-08 01:30:00 UTC
meta;fb_camp_001;fb_adset_001;fb_ad_001;08.07.2024;12030.8748;859347;10311;4123;3875;2024-07-08 05:58:23 UTC
meta;fb_camp_001;fb_adset_001;fb_ad_001;08.07.2024;12033.2014;859513;10313;4124;3876;2024-07-08 10:40:47 UTC
meta;fb_camp_001;fb_adset_001;fb_ad_001;08.07.2024;12035.5281;859679;10315;4125;3876;2024-07-08 15:10:11 UTC
meta;fb_camp_001;fb_adset_001;fb_ad_001;08.07.2024;12037.8547;859845;10317;4126;3877;2024-07-08 19:38:35 UTC
meta;fb_camp_001;fb_adset_001;fb_ad_001;08.07.2024;12040.1814;860012;10319;4127;3878;2024-07-09 00:11:59 UTC
meta;fb_camp_001;fb_adset_001;fb_ad_001;09.07.2024;12042.2398;860159;10320;4127;3878;2024-07-09 01:38:00 UTC
meta;fb_camp_001;fb_adset_001;fb_ad_001;09.07.2024;12044.2981;860306;10322;4128;3879;2024-07-09 07:15:44 UTC
meta;fb_camp_001;fb_adset_001;fb_ad_001;09.07.2024;12046.3565;860453;10324;4128;3880;2024-07-09 12:46:29 UTC
meta;fb_camp_001;fb_adset_001;fb_ad_001;09.07.2024;12048.4148;860600;10326;4129;3881;2024-07-09 18:29:14 UTC
meta;fb_camp_001;fb_adset_001;fb_ad_001;09.07.2024;12050.4732;860747;10328;4130;3882;2024-07-10 00:05:59 UTC
meta;fb_camp_001;fb_adset_001;fb_ad_001;10.07.2024;12060.255;861446;10336;4133;3885;2024-07-10 02:07:00 UTC
meta;fb_camp_001;fb_adset_001;fb_ad_001;10.07.2024;12070.0369;862145;10344;4136;3888;2024-07-10 13:06:59 UTC
meta;fb_camp_001;fb_adset_001;fb_ad_001;10.07.2024;12079.8187;862844;10353;4140;3891;2024-07-11 00:10:59 UTC
meta;fb_camp_001;fb_adset_001;fb_ad_001;11.07.2024;12106.2702;864733;10375;4149;3899;2024-07-11 01:31:00 UTC
meta;fb_camp_001;fb_adset_001;fb_ad_001;11.07.2024;12132.7216;866622;10398;4158;3908;2024-07-11 09:01:39 UTC
meta;fb_camp_001;fb_adset_001;fb_ad_001;11.07.2024;12159.1731;868511;10421;4167;3916;2024-07-11 16:39:19 UTC
meta;fb_camp_001;fb_adset_001;fb_ad_001;11.07.2024;12185.6246;870401;10444;4177;3925;2024-07-12 00:09:59 UTC
meta;fb_camp_001;fb_adset_001;fb_ad_001;12.07.2024;12206.6495;871902;10462;4184;3931;2024-07-12 03:23:00 UTC
meta;fb_camp_001;fb_adset_001;fb_ad_001;12.07.2024;12227.6744;873404;10480;4191;3938;2024-07-12 10:18:39 UTC
meta;fb_camp_001;fb_adset_001;fb_ad_001;12.07.2024;12248.6994;874906;10498;4198;3945;2024-07-12 17:20:19 UTC
meta;fb_camp_001;fb_adset_001;fb_ad_001;12.07.2024;12269.7243;876408;10516;4206;3952;2024-07-13 00:07:59 UTC
meta;fb_camp_001;fb_adset_001;fb_ad_001;13.07.2024;12278.3768;877026;10523;4208;3954;2024-07-13 00:22:00 UTC
meta;fb_camp_001;fb_adset_001;fb_ad_001;13.07.2024;12287.0294;877644;10531;4211;3957;2024-07-13 08:14:39 UTC
meta;fb_camp_001;fb_adset_001;fb_ad_001;13.07.2024;12295.6819;878262;10538;4214;3960;2024-07-13 16:06:19 UTC
meta;fb_camp_001;fb_adset_001;fb_ad_001;13.07.2024;12304.3344;878880;10546;4217;3963;2024-07-14 00:10:59 UTC
meta;fb_camp_001;fb_adset_001;fb_ad_001;14.07.2024;12353.2508;882374;10587;4233;3978;2024-07-14 02:32:00 UTC
meta;fb_camp_001;fb_adset_001;fb_ad_001;14.07.2024;12402.1672;885868;10629;4250;3994;2024-07-14 06:48:11 UTC
meta;fb_camp_001;fb_adset_001;fb_ad_001;14.07.2024;12451.0836;889362;10671;4267;4010;2024-07-14 10:50:22 UTC
meta;fb_camp_001;fb_adset_001;fb_ad_001;14.07.2024;12500.0;892856;10713;4284;4026;2024-07-14 14:51:34 UTC
meta;fb_camp_001;fb_adset_002;fb_ad_002;02.01.2024;9.9095;707;8;3;3;2024-01-02 01:22:01 UTC
meta;fb_camp_001;fb_adset_002;fb_ad_002;02.01.2024;19.8189;1415;16;6;6;2024-01-02 12:40:00 UTC
meta;fb_camp_001;fb_adset_002;fb_ad_002;02.01.2024;29.7284;2123;25;10;9;2024-01-03 00:11:59 UTC
meta;fb_camp_001;fb_adset_002;fb_ad_002;03.01.2024;53.35;3810;45;18;16;2024-01-03 02:46:00 UTC
meta;fb_camp_001;fb_adset_002;fb_ad_002;03.01.2024;76.9716;5497;65;26;24;2024-01-03 08:07:44 UTC
meta;fb_camp_001;fb_adset_002;fb_ad_002;03.01.2024;100.5931;7184;85;34;31;2024-01-03 13:21:29 UTC
meta;fb_camp_001;fb_adset_002;fb_ad_002;03.01.2024;124.2147;8871;105;42;39;2024-01-03 18:46:14 UTC
meta;fb_camp_001;fb_adset_002;fb_ad_002;03.01.2024;147.8363;10559;126;50;47;2024-01-04 00:10:59 UTC
meta;fb_camp_001;fb_adset_002;fb_ad_002;04.01.2024;170.6368;12187;145;57;54;2024-01-04 02:48:00 UTC
meta;fb_camp_001;fb_adset_002;fb_ad_002;04.01.2024;193.4372;13816;165;65;61;2024-01-04 07:08:35 UTC
meta;fb_camp_001;fb_adset_002;fb_ad_002;04.01.2024;216.2376;15445;184;73;69;2024-01-04 11:24:11 UTC
meta;fb_camp_001;fb_adset_002;fb_ad_002;04.01.2024;239.0381;17073;204;81;76;2024-01-04 15:28:47 UTC
meta;fb_camp_001;fb_adset_002;fb_ad_002;04.01.2024;261.8386;18702;223;89;83;2024-01-04 19:52:23 UTC
meta;fb_camp_001;fb_adset_002;fb_ad_002;04.01.2024;284.639;20331;243;97;91;2024-01-05 00:04:59 UTC
meta;fb_camp_001;fb_adset_002;fb_ad_002;05.01.2024;296.1953;21156;253;101;94;2024-01-05 01:40:00 UTC
meta;fb_camp_001;fb_adset_002;fb_ad_002;05.01.2024;307.7516;21982;263;105;98;2024-01-05 06:08:23 UTC
meta;fb_camp_001;fb_adset_002;fb_ad_002;05.01.2024;319.3079;22807;273;109;102;2024-01-05 10:45:47 UTC
meta;fb_camp_001;fb_adset_002;fb_ad_002;05.01.2024;330.8642;23633;283;113;106;2024-01-05 15:15:11 UTC
meta;fb_camp_001;fb_adset_002;fb_ad_002;05.01.2024;342.4205;24458;293;117;110;2024-01-05 19:36:35 UTC
meta;fb_camp_001;fb_adset_002;fb_ad_002;05.01.2024;353.9768;25284;303;121;114;2024-01-06 00:07:59 UTC
meta;fb_camp_001;fb_adset_002;fb_ad_002;06.01.2024;358.6112;25615;307;122;115;2024-01-06 00:47:00 UTC
meta;fb_camp_001;fb_adset_002;fb_ad_002;06.01.2024;363.2455;25946;311;124;116;2024-01-06 05:16:35 UTC
meta;fb_camp_001;fb_adset_002;fb_ad_002;06.01.2024;367.8799;26277;315;125;118;2024-01-06 10:03:11 UTC
meta;fb_camp_001;fb_adset_002;fb_ad_002;06.01.2024;372.5142;26608;319;127;119;2024-01-06 14:39:47 UTC
meta;fb_camp_001;fb_adset_002;fb_ad_002;06.01.2024;377.1486;26939;323;128;120;2024-01-06 19:22:23 UTC
meta;fb_camp_001;fb_adset_002;fb_ad_002;06.01.2024;381.7829;27270;327;130;122;2024-01-07 00:01:59 UTC
meta;fb_camp_001;fb_adset_002;fb_ad_002;07.01.2024;389.1399;27795;333;132;124;2024-01-07 01:12:00 UTC
meta;fb_camp_001;fb_adset_002;fb_ad_002;07.01.2024;396.4969;28320;339;135;126;2024-01-07 06:54:44 UTC
meta;fb_camp_001;fb_adset_002;fb_ad_002;07.01.2024;403.8538;28846;345;137;129;2024-01-07 12:40:29 UTC
meta;fb_camp_001;fb_adset_002;fb_ad_002;07.01.2024;411.2108;29371;351;140;131;2024-01-07 18:27:14 UTC
meta;fb_camp_001;fb_adset_002;fb_ad_002;07.01.2024;418.5678;29897;358;143;134;2024-01-08 00:11:59 UTC
meta;fb_camp_001;fb_adset_002;fb_ad_002;08.01.2024;437.549;31253;374;149;140;2024-01-08 01:39:00 UTC
meta;fb_camp_001;fb_adset_002;fb_ad_002;08.01.2024;456.5303;32609;390;156;146;2024-01-08 12:48:59 UTC
meta;fb_camp_001;fb_adset_002;fb_ad_002;08.01.2024;475.5115;33965;407;163;153;2024-01-09 00:11:59 UTC
meta;fb_camp_001;fb_adset_002;fb_ad_002;09.01.2024;480.09;34292;411;164;154;2024-01-09 03:51:00 UTC
meta;fb_camp_001;fb_adset_002;fb_ad_002;09.01.2024;484.6685;34619;415;165;155;2024-01-09 13:59:29 UTC
meta;fb_camp_001;fb_adset_002;fb_ad_002;09.01.2024;489.247;34946;419;167;157;2024-01-10 00:03:59 UTC
meta;fb_camp_001;fb_adset_002;fb_ad_002;10.01.2024;494.4514;35317;423;168;158;2024-01-10 03:05:00 UTC
meta;fb_camp_001;fb_adset_002;fb_ad_002;10.01.2024;499.6557;35689;428;170;160;2024-01-10 10:01:39 UTC
meta;fb_camp_001;fb_adset_002;fb_ad_002;10.01.2024;504.86;36061;432;172;162;2024-01-10 17:03:19 UTC
meta;fb_camp_001;fb_adset_002;fb_ad_002;10.01.2024;510.0644;36433;437;174;164;2024-01-11 00:09:59 UTC
meta;fb_camp_001;fb_adset_002;fb_ad_002;11.01.2024;514.874;36776;441;175;165;2024-01-11 01:49:00 UTC
meta;fb_camp_001;fb_adset_002;fb_ad_002;11.01.2024;519.6836;37120;445;177;167;2024-01-11 09:07:39 UTC
meta;fb_camp_001;fb_adset_002;fb_ad_002;11.01.2024;524.4931;37463;449;179;168;2024-01-11 16:48:19 UTC
meta;fb_camp_001;fb_adset_002;fb_ad_002;11.01.2024;529.3027;37807;453;181;170;2024-01-12 00:09:59 UTC
meta;fb_camp_001;fb_adset_002;fb_ad_002;12.01.2024;547.5738;39112;468;187;176;2024-01-12 00:15:00 UTC
meta;fb_camp_001;fb_adset_002;fb_ad_002;12.01.2024;565.8449;40417;484;193;182;2024-01-12 08:21:39 UTC
meta;fb_camp_001;fb_adset_002;fb_ad_002;12.01.2024;584.1161;41722;500;199;188;2024-01-12 16:06:19 UTC
meta;fb_camp_001;fb_adset_002;fb_ad_002;12.01.2024;602.3872;43027;516;206;194;2024-01-13 00:08:59 UTC
meta;fb_camp_001;fb_adset_002;fb_ad_002;13.01.2024;620.7771;44340;531;212;199;2024-01-13 01:08:00 UTC
meta;fb_camp_001;fb_adset_002;fb_ad_002;13.01.2024;639.167;45654;547;218;205;2024-01-13 05:44:47 UTC
meta;fb_camp_001;fb_adset_002;fb_ad_002;13.01.2024;657.557;46968;563;225;211;2024-01-13 10:20:35 UTC
meta;fb_camp_001;fb_adset_002;fb_ad_002;13.01.2024;675.9469;48281;578;231;217;2024-01-13 15:00:23 UTC
meta;fb_camp_001;fb_adset_002;fb_ad_002;13.01.2024;694.3368;49595;594;237;223;2024-01-13 19:28:11 UTC
meta;fb_camp_001;fb_adset_002;fb_ad_002;13.01.2024;712.7267;50909;610;244;229;2024-01-14 00:01:59 UTC
meta;fb_camp_001;fb_adset_002;fb_ad_002;14.01.2024;733.3589;52382;627;251;235;2024-01-14 03:46:00 UTC
meta;fb_camp_001;fb_adset_002;fb_ad_002;14.01.2024;753.991;53856;645;258;242;2024-01-14 10:39:19 UTC
meta;fb_camp_001;fb_adset_002;fb_ad_002;14.01.2024;774.6232;55329;663;265;249;2024-01-14 17:20:39 UTC
meta;fb_camp_001;fb_adset_002;fb_ad_002;14.01.2024;795.2553;56803;681;272;256;2024-01-15 00:02:59 UTC
meta;fb_camp_001;fb_adset_002;fb_ad_002;15.01.2024;819.8525;58560;702;280;263;2024-01-15 03:41:00 UTC
meta;fb_camp_001;fb_adset_002;fb_ad_002;15.01.2024;844.4496;60317;723;289;271;2024-01-15 10:38:19 UTC
meta;fb_camp_001;fb_adset_002;fb_ad_002;15.01.2024;869.0468;62074;744;297;279;2024-01-15 17:22:39 UTC
meta;fb_camp_001;fb_adset_002;fb_ad_002;15.01.2024;893.644;63831;765;306;287;2024-01-16 00:13:59 UTC
meta;fb_camp_001;fb_adset_002;fb_ad_002;16.01.2024;900.092;64291;770;308;289;2024-01-16 02:22:00 UTC
meta;fb_camp_001;fb_adset_002;fb_ad_002;16.01.2024;906.5401;64752;776;310;291;2024-01-16 09:37:39 UTC
meta;fb_camp_001;fb_adset_002;fb_ad_002;16.01.2024;912.9882;65213;782;312;293;2024-01-16 16:49:19 UTC
meta;fb_camp_001;fb_adset_002;fb_ad_002;16.01.2024;919.4362;65674;788;315;296;2024-01-17 00:14:59 UTC
meta;fb_camp_001;fb_adset_002;fb_ad_002;17.01.2024;925.7934;66128;793;317;298;2024-01-17 00:21:00 UTC
meta;fb_camp_001;fb_adset_002;fb_ad_002;17.01.2024;932.1505;66582;798;319;300;2024-01-17 05:06:11 UTC
meta;fb_camp_001;fb_adset_002;fb_ad_002;17.01.2024;938.5076;67036;804;321;302;2024-01-17 09:47:23 UTC
meta;fb_camp_001;fb_adset_002;fb_ad_002;17.01.2024;944.8648;67490;809;323;304;2024-01-17 14:31:35 UTC
meta;fb_camp_001;fb_adset_002;fb_ad_002;17.01.2024;951.222;67944;814;325;306;2024-01-17 19:15:47 UTC
meta;fb_camp_001;fb_adset_002;fb_ad_002;17.01.2024;957.5791;68398;820;328;308;2024-01-18 00:03:59 UTC
meta;fb_camp_001;fb_adset_002;fb_ad_002;18.01.2024;964.33;68880;825;330;310;2024-01-18 01:40:00 UTC
meta;fb_camp_001;fb_adset_002;fb_ad_002;18.01.2024;971.081;69362;831;332;312;2024-01-18 06:09:23 UTC
meta;fb_camp_001;fb_adset_002;fb_ad_002;18.01.2024;977.832;69844;837;335;314;2024-01-18 10:42:47 UTC
meta;fb_camp_001;fb_adset_002;fb_ad_002;18.01.2024;984.5829;70326;843;337;316;2024-01-18 15:18:11 UTC
meta;fb_camp_001;fb_adset_002;fb_ad_002;18.01.2024;991.3338;70808;849;339;318;2024-01-18 19:41:35 UTC
meta;fb_camp_001;fb_adset_002;fb_ad_002;18.01.2024;998.0848;71291;855;342;321;2024-01-19 00:09:59 UTC
meta;fb_camp_001;fb_adset_002;fb_ad_002;19.01.2024;1021.1321;72937;874;349;328;2024-01-19 00:13:00 UTC
meta;fb_camp_001;fb_adset_002;fb_ad_002;19.01.2024;1044.1794;74583;894;357;335;2024-01-19 12:13:29 UTC
meta;fb_camp_001;fb_adset_002;fb_ad_002;19.01.2024;1067.2267;76230;914;365;343;2024-01-20 00:02:59 UTC
meta;fb_camp_001;fb_adset_002;fb_ad_002;20.01.2024;1076.7962;76913;922;368;346;2024-01-20 03:40:00 UTC
meta;fb_camp_001;fb_adset_002;fb_ad_002;20.01.2024;1086.3656;77597;930;371;349;2024-01-20 13:52:29 UTC
meta;fb_camp_001;fb_adset_002;fb_ad_002;20.01.2024;1095.9351;78281;939;375;353;2024-01-21 00:13:59 UTC
meta;fb_camp_001;fb_adset_002;fb_ad_002;21.01.2024;1127.3723;80526;966;386;363;2024-01-21 03:27:00 UTC
meta;fb_camp_001;fb_adset_002;fb_ad_002;21.01.2024;1158.8094;82771;993;397;373;2024-01-21 13:44:59 UTC
meta;fb_camp_001;fb_adset_002;fb_ad_002;21.01.2024;1190.2466;85017;1020;408;383;2024-01-22 00:12:59 UTC
meta;fb_camp_001;fb_adset_002;fb_ad_002;22.01.2024;1212.6337;86616;1039;415;390;2024-01-22 02:50:00 UTC
meta;fb_camp_001;fb_adset_002;fb_ad_002;22.01.2024;1235.0208;88215;1058;423;397;2024-01-22 07:05:35 UTC
meta;fb_camp_001;fb_adset_002;fb_ad_002;22.01.2024;1257.4078;89814;1077;431;404;2024-01-22 11:25:11 UTC
meta;fb_camp_001;fb_adset_002;fb_ad_002;22.01.2024;1279.7949;91413;1096;438;411;2024-01-22 15:39:47 UTC
meta;fb_camp_001;fb_adset_002;fb_ad_002;22.01.2024;1302.182;93012;1115;446;418;2024-01-22 19:57:23 UTC
meta;fb_camp_001;fb_adset_002;fb_ad_002;22.01.2024;1324.5691;94612;1135;454;426;2024-01-23 00:11:59 UTC
meta;fb_camp_001;fb_adset_002;fb_ad_002;23.01.2024;1348.4561;96318;1155;462;433;2024-01-23 03:13:00 UTC
meta;fb_camp_001;fb_adset_002;fb_ad_002;23.01.2024;1372.3431;98024;1175;470;441;2024-01-23 13:41:59 UTC
meta;fb_camp_001;fb_adset_002;fb_ad_002;23.01.2024;1396.2301;99730;1196;478;449;2024-01-24 00:12:59 UTC
meta;fb_camp_001;fb_adset_002;fb_ad_002;24.01.2024;1405.4292;100387;1204;481;452;2024-01-24 00:28:00 UTC
meta;fb_camp_001;fb_adset_002;fb_ad_002;24.01.2024;1414.6284;101044;1212;484;455;2024-01-24 08:26:59 UTC
meta;fb_camp_001;fb_adset_002;fb_ad_002;24.01.2024;1423.8276;101701;1220;487;458;2024-01-24 16:14:59 UTC
meta;fb_camp_001;fb_adset_002;fb_ad_002;24.01.2024;1433.0267;102359;1228;491;461;2024-01-25 00:06:59 UTC
meta;fb_camp_001;fb_adset_002;fb_ad_002;25.01.2024;1437.7866;102698;1232;492;462;2024-01-25 01:12:00 UTC
meta;fb_camp_001;fb_adset_002;fb_ad_002;25.01.2024;1442.5465;103038;1236;494;464;2024-01-25 06:56:59 UTC
meta;fb_camp_001;fb_adset_002;fb_ad_002;25.01.2024;1447.3063;103378;1240;495;465;2024-01-25 12:42:59 UTC
meta;fb_camp_001;fb_adset_002;fb_ad_002;25.01.2024;1452.0662;103718;1244;497;467;2024-01-25 18:15:59 UTC
meta;fb_camp_001;fb_adset_002;fb_ad_002;25.01.2024;1456.8261;104058;1248;499;469;2024-01-26 00:09:59 UTC
meta;fb_camp_001;fb_adset_002;fb_ad_002;26.01.2024;1463.2532;104517;1253;501;471;2024-01-26 00:35:00 UTC
meta;fb_camp_001;fb_adset_002;fb_ad_002;26.01.2024;1469.6803;104976;1259;503;473;2024-01-26 12:15:59 UTC
meta;fb_camp_001;fb_adset_002;fb_ad_002;26.01.2024;1476.1074;105436;1265;506;475;2024-01-27 00:11:59 UTC
meta;fb_camp_001;fb_adset_002;fb_ad_002;27.01.2024;1477.2889;105520;1266;506;475;2024-01-27 03:25:00 UTC
meta;fb_camp_001;fb_adset_002;fb_ad_002;27.01.2024;1478.4704;105604;1267;506;475;2024-01-27 08:35:14 UTC
meta;fb_camp_001;fb_adset_002;fb_ad_002;27.01.2024;1479.652;105689;1268;507;476;2024-01-27 13:48:29 UTC
meta;fb_camp_001;fb_adset_002;fb_ad_002;27.01.2024;1480.8335;105773;1269;507;476;2024-01-27 19:01:44 UTC
meta;fb_camp_001;fb_adset_002;fb_ad_002;27.01.2024;1482.015;105858;1270;508;477;2024-01-28 00:09:59 UTC
meta;fb_camp_001;fb_adset_002;fb_ad_002;28.01.2024;1490.3163;106450;1277;510;479;2024-01-28 03:03:00 UTC
meta;fb_camp_001;fb_adset_002;fb_ad_002;28.01.2024;1498.6175;107043;1284;513;482;2024-01-28 08:17:29 UTC
meta;fb_camp_001;fb_adset_002;fb_ad_002;28.01.2024;1506.9188;107636;1291;516;484;2024-01-28 13:36:59 UTC
meta;fb_camp_001;fb_adset_002;fb_ad_002;28.01.2024;1515.22;108229;1298;519;487;2024-01-28 18:49:29 UTC
meta;fb_camp_001;fb_adset_002;fb_ad_002;28.01.2024;1523.5213;108822;1305;522;490;2024-01-29 00:09:59 UTC
meta;fb_camp_001;fb_adset_002;fb_ad_002;29.01.2024;1531.4494;109388;1311;524;492;2024-01-29 03:52:00 UTC
meta;fb_camp_001;fb_adset_002;fb_ad_002;29.01.2024;1539.3774;109954;1318;527;495;2024-01-29 08:57:59 UTC
meta;fb_camp_001;fb_adset_002;fb_ad_002;29.01.2024;1547.3055;110521;1325;529;497;2024-01-29 14:02:59 UTC
meta;fb_camp_001;fb_adset_002;fb_ad_002;29.01.2024;1555.2335;111087;1332;532;500;2024-01-29 19:09:59 UTC
meta;fb_camp_001;fb_adset_002;fb_ad_002;29.01.2024;1563.1616;111654;1339;535;503;2024-01-30 00:08:59 UTC
meta;fb_camp_001;fb_adset_002;fb_ad_002;30.01.2024;1578.2277;112730;1352;540;507;2024-01-30 01:32:00 UTC
meta;fb_camp_001;fb_adset_002;fb_ad_002;30.01.2024;1593.2938;113806;1365;545;512;2024-01-30 06:03:23 UTC
meta;fb_camp_001;fb_adset_002;fb_ad_002;30.01.2024;1608.36;114882;1378;550;517;2024-01-30 10:33:47 UTC
meta;fb_camp_001;fb_adset_002;fb_ad_002;30.01.2024;1623.4261;115958;1391;555;522;2024-01-30 15:02:11 UTC
meta;fb_camp_001;fb_adset_002;fb_ad_002;30.01.2024;1638.4922;117034;1404;560;527;2024-01-30 19:33:35 UTC
meta;fb_camp_001;fb_adset_002;fb_ad_002;30.01.2024;1653.5583;118111;1417;566;532;2024-01-31 00:09:59 UTC
meta;fb_camp_001;fb_adset_002;fb_ad_002;31.01.2024;1659.6284;118544;1422;568;534;2024-01-31 03:50:00 UTC
meta;fb_camp_001;fb_adset_002;fb_ad_002;31.01.2024;1665.6986;118978;1427;570;536;2024-01-31 09:04:14 UTC
meta;fb_camp_001;fb_adset_002;fb_ad_002;31.01.2024;1671.7687;119411;1432;572;538;2024-01-31 14:07:29 UTC
meta;fb_camp_001;fb_adset_002;fb_ad_002;31.01.2024;1677.8389;119845;1437;574;540;2024-01-31 19:07:44 UTC
meta;fb_camp_001;fb_adset_002;fb_ad_002;31.01.2024;1683.909;120279;1443;577;542;2024-02-01 00:01:59 UTC
meta;fb_camp_001;fb_adset_002;fb_ad_002;01.02.2024;1694.7539;121053;1452;580;545;2024-02-01 04:02:00 UTC
meta;fb_camp_001;fb_adset_002;fb_ad_002;01.02.2024;1705.5988;121828;1461;584;549;2024-02-01 10:36:19 UTC
meta;fb_camp_001;fb_adset_002;fb_ad_002;01.02.2024;1716.4436;122602;1470;588;552;2024-02-01 17:18:39 UTC
meta;fb_camp_001;fb_adset_002;fb_ad_002;01.02.2024;1727.2885;123377;1480;592;556;2024-02-02 00:03:59 UTC
meta;fb_camp_001;fb_adset_002;fb_ad_002;02.02.2024;1737.4828;124105;1488;595;559;2024-02-02 03:00:00 UTC
meta;fb_camp_001;fb_adset_002;fb_ad_002;02.02.2024;1747.677;124833;1497;599;562;2024-02-02 07:14:47 UTC
meta;fb_camp_001;fb_adset_002;fb_ad_002;02.02.2024;1757.8713;125561;1506;602;566;2024-02-02 11:30:35 UTC
meta;fb_camp_001;fb_adset_002;fb_ad_002;02.02.2024;1768.0656;126289;1514;606;569;2024-02-02 15:43:23 UTC
meta;fb_camp_001;fb_adset_002;fb_ad_002;02.02.2024;1778.2598;127017;1523;609;572;2024-02-02 19:58:11 UTC
meta;fb_camp_001;fb_adset_002;fb_ad_002;02.02.2024;1788.4541;127746;1532;613;576;2024-02-03 00:00:59 UTC
meta;fb_camp_001;fb_adset_002;fb_ad_002;03.02.2024;1806.1633;129011;1547;619;581;2024-02-03 03:41:00 UTC
meta;fb_camp_001;fb_adset_002;fb_ad_002;03.02.2024;1823.8725;130276;1562;625;587;2024-02-03 10:39:39 UTC
meta;fb_camp_001;fb_adset_002;fb_ad_002;03.02.2024;1841.5817;131541;1577;631;592;2024-02-03 17:15:19 UTC
meta;fb_camp_001;fb_adset_002;fb_ad_002;03.02.2024;1859.2909;132806;1593;637;598;2024-02-04 00:13:59 UTC
meta;fb_camp_001;fb_adset_002;fb_ad_002;04.02.2024;1880.1384;134295;1611;644;604;2024-02-04 04:09:00 UTC
meta;fb_camp_001;fb_adset_002;fb_ad_002;04.02.2024;1900.986;135784;1629;651;611;2024-02-04 10:46:19 UTC
meta;fb_camp_001;fb_adset_002;fb_ad_002;04.02.2024;1921.8336;137273;1647;658;618;2024-02-04 17:21:39 UTC
meta;fb_camp_001;fb_adset_002;fb_ad_002;04.02.2024;1942.6811;138762;1665;665;625;2024-02-05 00:01:59 UTC
meta;fb_camp_001;fb_adset_002;fb_ad_002;05.02.2024;1954.0391;139573;1674;669;628;2024-02-05 01:25:00 UTC
meta;fb_camp_001;fb_adset_002;fb_ad_002;05.02.2024;1965.397;140384;1684;673;632;2024-02-05 07:12:14 UTC
meta;fb_camp_001;fb_adset_002;fb_ad_002;05.02.2024;1976.755;141196;1693;677;636;2024-02-05 12:42:29 UTC
meta;fb_camp_001;fb_adset_002;fb_ad_002;05.02.2024;1988.1129;142007;1703;681;640;2024-02-05 18:32:44 UTC
meta;fb_camp_001;fb_adset_002;fb_ad_002;05.02.2024;1999.4709;142819;1713;685;644;2024-02-06 00:06:59 UTC
meta;fb_camp_001;fb_adset_002;fb_ad_002;06.02.2024;2001.8996;142992;1715;685;644;2024-02-06 02:55:00 UTC
meta;fb_camp_001;fb_adset_002;fb_ad_002;06.02.2024;2004.3284;143166;1717;686;645;2024-02-06 07:00:59 UTC
meta;fb_camp_001;fb_adset_002;fb_ad_002;06.02.2024;2006.7571;143339;1719;687;646;2024-02-06 11:27:59 UTC
meta;fb_camp_001;fb_adset_002;fb_ad_002;06.02.2024;2009.1858;143513;1721;688;646;2024-02-06 15:43:59 UTC
meta;fb_camp_001;fb_adset_002;fb_ad_002;06.02.2024;2011.6146;143686;1723;689;647;2024-02-06 19:47:59 UTC
meta;fb_camp_001;fb_adset_002;fb_ad_002;06.02.2024;2014.0433;143860;1726;690;648;2024-02-07 00:10:59 UTC
meta;fb_camp_001;fb_adset_002;fb_ad_002;07.02.2024;2025.1239;144651;1735;693;651;2024-02-07 03:04:00 UTC
meta;fb_camp_001;fb_adset_002;fb_ad_002;07.02.2024;2036.2046;145443;1745;697;655;2024-02-07 07:25:59 UTC
meta;fb_camp_001;fb_adset_002;fb_ad_002;07.02.2024;2047.2852;146234;1754;701;659;2024-02-07 11:34:59 UTC
meta;fb_camp_001;fb_adset_002;fb_ad_002;07.02.2024;2058.3658;147026;1764;705;662;2024-02-07 15:50:59 UTC
meta;fb_camp_001;fb_adset_002;fb_ad_002;07.02.2024;2069.4465;147817;1773;709;666;2024-02-07 20:00:59 UTC
meta;fb_camp_001;fb_adset_002;fb_ad_002;07.02.2024;2080.5271;148609;1783;713;670;2024-02-08 00:08:59 UTC
meta;fb_camp_001;fb_adset_002;fb_ad_002;08.02.2024;2086.2271;149016;1787;714;671;2024-02-08 01:15:00 UTC
meta;fb_camp_001;fb_adset_002;fb_ad_002;08.02.2024;2091.9271;149423;1792;716;673;2024-02-08 06:56:29 UTC
meta;fb_camp_001;fb_adset_002;fb_ad_002;08.02.2024;2097.627;149830;1797;718;675;2024-02-08 12:39:59 UTC
meta;fb_camp_001;fb_adset_002;fb_ad_002;08.02.2024;2103.327;150237;1802;720;677;2024-02-08 18:24:29 UTC
meta;fb_camp_001;fb_adset_002;fb_ad_002;08.02.2024;2109.027;150644;1807;722;679;2024-02-09 00:11:59 UTC
meta;fb_camp_001;fb_adset_002;fb_ad_002;09.02.2024;2137.481;152676;1831;731;688;2024-02-09 01:44:00 UTC
meta;fb_camp_001;fb_adset_002;fb_ad_002;09.02.2024;2165.9349;154709;1856;741;697;2024-02-09 09:14:39 UTC
meta;fb_camp_001;fb_adset_002;fb_ad_002;09.02.2024;2194.3888;156741;1880;751;706;2024-02-09 16:38:19 UTC
meta;fb_camp_001;fb_adset_002;fb_ad_002;09.02.2024;2222.8428;158774;1905;761;716;2024-02-10 00:10:59 UTC
meta;fb_camp_001;fb_adset_002;fb_ad_002;10.02.2024;2239.6219;159972;1919;767;721;2024-02-10 01:10:00 UTC
meta;fb_camp_001;fb_adset_002;fb_ad_002;10.02.2024;2256.4011;161170;1933;773;726;2024-02-10 12:45:29 UTC
meta;fb_camp_001;fb_adset_002;fb_ad_002;10.02.2024;2273.1802;162369;1948;779;732;2024-02-11 00:06:59 UTC
meta;fb_camp_001;fb_adset_002;fb_ad_002;11.02.2024;2285.0476;163216;1958;783;735;2024-02-11 03:35:00 UTC
meta;fb_camp_001;fb_adset_002;fb_ad_002;11.02.2024;2296.915;164064;1968;787;739;2024-02-11 08:37:44 UTC
meta;fb_camp_001;fb_adset_002;fb_ad_002;11.02.2024;2308.7825;164912;1978;791;743;2024-02-11 13:51:29 UTC
meta;fb_camp_001;fb_adset_002;fb_ad_002;11.02.2024;2320.6499;165760;1988;795;747;2024-02-11 18:52:14 UTC
meta;fb_camp_001;fb_adset_002;fb_ad_002;11.02.2024;2332.5173;166608;1999;799;751;2024-02-12 00:11:59 UTC
meta;fb_camp_001;fb_adset_002;fb_ad_002;12.02.2024;2409.634;172116;2065;825;775;2024-02-12 00:40:00 UTC
meta;fb_camp_001;fb_adset_002;fb_ad_002;12.02.2024;2486.7506;177624;2131;851;800;2024-02-12 12:29:29 UTC
meta;fb_camp_001;fb_adset_002;fb_ad_002;12.02.2024;2563.8673;183133;2197;878;825;2024-02-13 00:13:59 UTC
meta;fb_camp_001;fb_adset_002;fb_ad_002;13.02.2024;2580.7466;184338;2211;883;830;2024-02-13 02:57:00 UTC
meta;fb_camp_001;fb_adset_002;fb_ad_002;13.02.2024;2597.626;185544;2225;889;836;2024-02-13 08:12:59 UTC
meta;fb_camp_001;fb_adset_002;fb_ad_002;13.02.2024;2614.5053;186749;2240;895;841;2024-02-13 13:35:59 UTC
meta;fb_camp_001;fb_adset_002;fb_ad_002;13.02.2024;2631.3847;187955;2254;901;847;2024-02-13 18:46:59 UTC
meta;fb_camp_001;fb_adset_002;fb_ad_002;13.02.2024;2648.264;189161;2269;907;853;2024-02-14 00:07:59 UTC
meta;fb_camp_001;fb_adset_002;fb_ad_002;14.02.2024;2659.2011;189942;2278;910;856;2024-02-14 00:19:00 UTC
meta;fb_camp_001;fb_adset_002;fb_ad_002;14.02.2024;2670.1382;190723;2288;914;860;2024-02-14 05:07:47 UTC
meta;fb_camp_001;fb_adset_002;fb_ad_002;14.02.2024;2681.0753;191505;2297;918;863;2024-02-14 09:54:35 UTC
meta;fb_camp_001;fb_adset_002;fb_ad_002;14.02.2024;2692.0124;192286;2307;922;867;2024-02-14 14:32:23 UTC
meta;fb_camp_001;fb_adset_002;fb_ad_002;14.02.2024;2702.9495;193067;2316;926;870;2024-02-14 19:24:11 UTC
meta;fb_camp_001;fb_adset_002;fb_ad_002;14.02.2024;2713.8866;193849;2326;930;874;2024-02-15 00:01:59 UTC
meta;fb_camp_001;fb_adset_002;fb_ad_002;15.02.2024;2722.7654;194483;2333;933;876;2024-02-15 02:20:00 UTC
meta;fb_camp_001;fb_adset_002;fb_ad_002;15.02.2024;2731.6442;195117;2341;936;879;2024-02-15 07:44:14 UTC
meta;fb_camp_001;fb_adset_002;fb_ad_002;15.02.2024;2740.523;195751;2348;939;882;2024-02-15 13:08:29 UTC
meta;fb_camp_001;fb_adset_002;fb_ad_002;15.02.2024;2749.4018;196385;2356;942;885;2024-02-15 18:46:44 UTC
meta;fb_camp_001;fb_adset_002;fb_ad_002;15.02.2024;2758.2806;197020;2364;945;888;2024-02-16 00:08:59 UTC
meta;fb_camp_001;fb_adset_002;fb_ad_002;16.02.2024;2761.4483;197246;2366;946;889;2024-02-16 03:34:00 UTC
meta;fb_camp_001;fb_adset_002;fb_ad_002;16.02.2024;2764.6159;197472;2369;947;890;2024-02-16 08:40:59 UTC
meta;fb_camp_001;fb_adset_002;fb_ad_002;16.02.2024;2767.7836;197698;2371;948;891;2024-02-16 13:54:59 UTC
meta;fb_camp_001;fb_adset_002;fb_ad_002;16.02.2024;2770.9512;197924;2374;949;892;2024-02-16 18:54:59 UTC
meta;fb_camp_001;fb_adset_002;fb_ad_002;16.02.2024;2774.1189;198151;2377;950;893;2024-02-17 00:12:59 UTC
meta;fb_camp_001;fb_adset_002;fb_ad_002;17.02.2024;2782.5038;198749;2384;953;895;2024-02-17 03:51:00 UTC
meta;fb_camp_001;fb_adset_002;fb_ad_002;17.02.2024;2790.8887;199348;2391;956;898;2024-02-17 09:02:14 UTC
meta;fb_camp_001;fb_adset_002;fb_ad_002;17.02.2024;2799.2737;199947;2398;959;901;2024-02-17 14:01:29 UTC
meta;fb_camp_001;fb_adset_002;fb_ad_002;17.02.2024;2807.6586;200546;2405;962;904;2024-02-17 19:09:44 UTC
meta;fb_camp_001;fb_adset_002;fb_ad_002;17.02.2024;2816.0435;201145;2413;965;907;2024-02-18 00:00:59 UTC
meta;fb_camp_001;fb_adset_002;fb_ad_002;18.02.2024;2819.9659;201425;2416;966;908;2024-02-18 00:18:00 UTC
meta;fb_camp_001;fb_adset_002;fb_ad_002;18.02.2024;2823.8883;201705;2419;967;909;2024-02-18 05:07:47 UTC
meta;fb_camp_001;fb_adset_002;fb_ad_002;18.02.2024;2827.8107;201985;2423;969;910;2024-02-18 09:56:35 UTC
meta;fb_camp_001;fb_adset_002;fb_ad_002;18.02.2024;2831.733;202265;2426;970;911;2024-02-18 14:43:23 UTC
meta;fb_camp_001;fb_adset_002;fb_ad_002;18.02.2024;2835.6554;202545;2429;971;912;2024-02-18 19:19:11 UTC
meta;fb_camp_001;fb_adset_002;fb_ad_002;18.02.2024;2839.5778;202826;2433;973;914;2024-02-19 00:10:59 UTC
meta;fb_camp_001;fb_adset_002;fb_ad_002;19.02.2024;2875.866;205418;2464;985;925;2024-02-19 02:32:00 UTC
meta;fb_camp_001;fb_adset_002;fb_ad_002;19.02.2024;2912.1542;208010;2495;998;937;2024-02-19 09:46:19 UTC
meta;fb_camp_001;fb_adset_002;fb_ad_002;19.02.2024;2948.4424;210602;2526;1010;949;2024-02-19 16:57:39 UTC
meta;fb_camp_001;fb_adset_002;fb_ad_002;19.02.2024;2984.7306;213195;2558;1023;961;2024-02-20 00:00:59 UTC
meta;fb_camp_001;fb_adset_002;fb_ad_002;20.02.2024;2997.9806;214141;2569;1027;965;2024-02-20 01:20:00 UTC
meta;fb_camp_001;fb_adset_002;fb_ad_002;20.02.2024;3011.2306;215087;2580;1031;969;2024-02-20 07:05:29 UTC
meta;fb_camp_001;fb_adset_002;fb_ad_002;20.02.2024;3024.4805;216034;2592;1036;973;2024-02-20 12:49:59 UTC
meta;fb_camp_001;fb_adset_002;fb_ad_002;20.02.2024;3037.7305;216980;2603;1040;977;2024-02-20 18:31:29 UTC
meta;fb_camp_001;fb_adset_002;fb_ad_002;20.02.2024;3050.9805;217927;2615;1045;982;2024-02-21 00:13:59 UTC
meta;fb_camp_001;fb_adset_002;fb_ad_002;21.02.2024;3073.1917;219513;2634;1052;989;2024-02-21 00:50:00 UTC
meta;fb_camp_001;fb_adset_002;fb_ad_002;21.02.2024;3095.4029;221099;2653;1060;996;2024-02-21 06:29:14 UTC
meta;fb_camp_001;fb_adset_002;fb_ad_002;21.02.2024;3117.6141;222686;2672;1067;1003;2024-02-21 12:25:29 UTC
meta;fb_camp_001;fb_adset_002;fb_ad_002;21.02.2024;3139.8253;224272;2691;1075;1010;2024-02-21 18:14:44 UTC
meta;fb_camp_001;fb_adset_002;fb_ad_002;21.02.2024;3162.0365;225859;2710;1083;1018;2024-02-22 00:05:59 UTC
meta;fb_camp_001;fb_adset_002;fb_ad_002;22.02.2024;3169.4409;226388;2716;1085;1020;2024-02-22 02:23:00 UTC
meta;fb_camp_001;fb_adset_002;fb_ad_002;22.02.2024;3176.8453;226917;2722;1088;1023;2024-02-22 09:38:19 UTC
meta;fb_camp_001;fb_adset_002;fb_ad_002;22.02.2024;3184.2496;227446;2728;1091;1025;2024-02-22 16:58:39 UTC
meta;fb_camp_001;fb_adset_002;fb_ad_002;22.02.2024;3191.654;227975;2735;1094;1028;2024-02-23 00:14:59 UTC
meta;fb_camp_001;fb_adset_002;fb_ad_002;23.02.2024;3197.9292;228423;2740;1096;1030;2024-02-23 03:51:00 UTC
meta;fb_camp_001;fb_adset_002;fb_ad_002;23.02.2024;3204.2044;228871;2746;1098;1032;2024-02-23 10:35:19 UTC
meta;fb_camp_001;fb_adset_002;fb_ad_002;23.02.2024;3210.4795;229319;2751;1100;1034;2024-02-23 17:27:39 UTC
meta;fb_camp_001;fb_adset_002;fb_ad_002;23.02.2024;3216.7547;229768;2757;1102;1036;2024-02-24 00:03:59 UTC
meta;fb_camp_001;fb_adset_002;fb_ad_002;24.02.2024;3232.51;230893;2770;1107;1041;2024-02-24 01:18:00 UTC
meta;fb_camp_001;fb_adset_002;fb_ad_002;24.02.2024;3248.2653;232018;2783;1112;1046;2024-02-24 07:09:29 UTC
meta;fb_camp_001;fb_adset_002;fb_ad_002;24.02.2024;3264.0206;233144;2797;1118;1051;2024-02-24 12:40:59 UTC
meta;fb_camp_001;fb_adset_002;fb_ad_002;24.02.2024;3279.7759;234269;2810;1123;1056;2024-02-24 18:32:29 UTC
meta;fb_camp_001;fb_adset_002;fb_ad_002;24.02.2024;3295.5312;235395;2824;1129;1061;2024-02-25 00:09:59 UTC
meta;fb_camp_001;fb_adset_002;fb_ad_002;25.02.2024;3300.0674;235719;2828;1130;1062;2024-02-25 01:51:00 UTC
meta;fb_camp_001;fb_adset_002;fb_ad_002;25.02.2024;3304.6036;236043;2832;1132;1063;2024-02-25 07:23:44 UTC
meta;fb_camp_001;fb_adset_002;fb_ad_002;25.02.2024;3309.1399;236367;2836;1133;1065;2024-02-25 13:09:29 UTC
meta;fb_camp_001;fb_adset_002;fb_ad_002;25.02.2024;3313.6761;236691;2840;1135;1066;2024-02-25 18:29:14 UTC
meta;fb_camp_001;fb_adset_002;fb_ad_002;25.02.2024;3318.2123;237015;2844;1137;1068;2024-02-26 00:10:59 UTC
meta;fb_camp_001;fb_adset_002;fb_ad_002;26.02.2024;3323.9726;237426;2848;1139;1070;2024-02-26 01:02:00 UTC
meta;fb_camp_001;fb_adset_002;fb_ad_002;26.02.2024;3329.7329;237837;2853;1141;1072;2024-02-26 05:35:23 UTC
meta;fb_camp_001;fb_adset_002;fb_ad_002;26.02.2024;3335.4932;238249;2858;1143;1074;2024-02-26 10:05:47 UTC
meta;fb_camp_001;fb_adset_002;fb_ad_002;26.02.2024;3341.2535;238660;2863;1145;1076;2024-02-26 14:57:11 UTC
meta;fb_camp_001;fb_adset_002;fb_ad_002;26.02.2024;3347.0138;239071;2868;1147;1078;2024-02-26 19:29:35 UTC
meta;fb_camp_001;fb_adset_002;fb_ad_002;26.02.2024;3352.7741;239483;2873;1149;1080;2024-02-27 00:05:59 UTC
meta;fb_camp_001;fb_adset_002;fb_ad_002;27.02.2024;3382.7105;241621;2898;1159;1089;2024-02-27 04:12:00 UTC
meta;fb_camp_001;fb_adset_002;fb_ad_002;27.02.2024;3412.6469;243759;2924;1169;1099;2024-02-27 09:12:44 UTC
meta;fb_camp_001;fb_adset_002;fb_ad_002;27.02.2024;3442.5832;245898;2950;1179;1108;2024-02-27 14:08:29 UTC
meta;fb_camp_001;fb_adset_002;fb_ad_002;27.02.2024;3472.5196;248036;2976;1189;1118;2024-02-27 19:13:14 UTC
meta;fb_camp_001;fb_adset_002;fb_ad_002;27.02.2024;3502.456;250175;3002;1200;1128;2024-02-28 00:04:59 UTC
meta;fb_camp_001;fb_adset_002;fb_ad_002;28.02.2024;3508.4086;250600;3007;1202;1129;2024-02-28 02:03:00 UTC
meta;fb_camp_001;fb_adset_002;fb_ad_002;28.02.2024;3514.3613;251025;3012;1204;1131;2024-02-28 06:23:23 UTC
meta;fb_camp_001;fb_adset_002;fb_ad_002;28.02.2024;3520.314;251450;3017;1206;1133;2024-02-28 10:45:47 UTC
meta;fb_camp_001;fb_adset_002;fb_ad_002;28.02.2024;3526.2666;251875;3022;1208;1135;2024-02-28 15:14:11 UTC
meta;fb_camp_001;fb_adset_002;fb_ad_002;28.02.2024;3532.2192;252300;3027;1210;1137;2024-02-28 19:37:35 UTC
meta;fb_camp_001;fb_adset_002;fb_ad_002;28.02.2024;3538.1719;252726;3032;1212;1139;2024-02-29 00:12:59 UTC
meta;fb_camp_001;fb_adset_002;fb_ad_002;29.02.2024;3541.3233;252951;3034;1213;1140;2024-02-29 00:46:00 UTC
meta;fb_camp_001;fb_adset_002;fb_ad_002;29.02.2024;3544.4748;253176;3037;1214;1141;2024-02-29 08:28:59 UTC
meta;fb_camp_001;fb_adset_002;fb_ad_002;29.02.2024;3547.6262;253401;3040;1215;1142;2024-02-29 16:18:59 UTC
meta;fb_camp_001;fb_adset_002;fb_ad_002;29.02.2024;3550.7776;253626;3043;1217;1143;2024-03-01 00:08:59 UTC
meta;fb_camp_001;fb_adset_002;fb_ad_002;01.03.2024;3553.4548;253817;3045;1217;1144;2024-03-01 02:39:00 UTC
meta;fb_camp_001;fb_adset_002;fb_ad_002;01.03.2024;3556.1321;254008;3047;1218;1145;2024-03-01 13:23:29 UTC
meta;fb_camp_001;fb_adset_002;fb_ad_002;01.03.2024;3558.8093;254200;3050;1219;1146;2024-03-02 00:12:59 UTC
meta;fb_camp_001;fb_adset_002;fb_ad_002;02.03.2024;3561.5653;254397;3052;1220;1147;2024-03-02 03:19:00 UTC
meta;fb_camp_001;fb_adset_002;fb_ad_002;02.03.2024;3564.3213;254594;3054;1221;1148;2024-03-02 10:13:39 UTC
meta;fb_camp_001;fb_adset_002;fb_ad_002;02.03.2024;3567.0773;254791;3056;1222;1149;2024-03-02 17:10:19 UTC
meta;fb_camp_001;fb_adset_002;fb_ad_002;02.03.2024;3569.8333;254988;3059;1223;1150;2024-03-03 00:05:59 UTC
meta;fb_camp_001;fb_adset_002;fb_ad_002;03.03.2024;3608.3156;257736;3092;1236;1162;2024-03-03 00:47:00 UTC
meta;fb_camp_001;fb_adset_002;fb_ad_002;03.03.2024;3646.798;260485;3125;1249;1174;2024-03-03 12:28:29 UTC
meta;fb_camp_001;fb_adset_002;fb_ad_002;03.03.2024;3685.2803;263234;3158;1263;1187;2024-03-04 00:09:59 UTC
meta;fb_camp_001;fb_adset_002;fb_ad_002;04.03.2024;3695.6879;263977;3167;1266;1190;2024-03-04 02:33:00 UTC
meta;fb_camp_001;fb_adset_002;fb_ad_002;04.03.2024;3706.0956;264720;3176;1270;1193;2024-03-04 13:25:29 UTC
meta;fb_camp_001;fb_adset_002;fb_ad_002;04.03.2024;3716.5032;265464;3185;1274;1197;2024-03-05 00:04:59 UTC
meta;fb_camp_001;fb_adset_002;fb_ad_002;05.03.2024;3773.1832;269512;3233;1293;1215;2024-03-05 02:20:00 UTC
meta;fb_camp_001;fb_adset_002;fb_ad_002;05.03.2024;3829.8632;273561;3282;1312;1233;2024-03-05 09:37:59 UTC
meta;fb_camp_001;fb_adset_002;fb_ad_002;05.03.2024;3886.5431;277609;3330;1331;1251;2024-03-05 16:54:59 UTC
meta;fb_camp_001;fb_adset_002;fb_ad_002;05.03.2024;3943.2231;281658;3379;1351;1270;2024-03-06 00:05:59 UTC
meta;fb_camp_001;fb_adset_002;fb_ad_002;06.03.2024;3970.2917;283591;3402;1360;1278;2024-03-06 01:38:00 UTC
meta;fb_camp_001;fb_adset_002;fb_ad_002;06.03.2024;3997.3602;285525;3425;1369;1287;2024-03-06 07:12:14 UTC
meta;fb_camp_001;fb_adset_002;fb_ad_002;06.03.2024;4024.4288;287458;3448;1379;1295;2024-03-06 12:52:29 UTC
meta;fb_camp_001;fb_adset_002;fb_ad_002;06.03.2024;4051.4973;289392;3471;1388;1304;2024-03-06 18:34:44 UTC
meta;fb_camp_001;fb_adset_002;fb_ad_002;06.03.2024;4078.5659;291326;3495;1398;1313;2024-03-07 00:12:59 UTC
meta;fb_camp_001;fb_adset_002;fb_ad_002;07.03.2024;4113.2056;293800;3524;1409;1324;2024-03-07 03:01:00 UTC
meta;fb_camp_001;fb_adset_002;fb_ad_002;07.03.2024;4147.8454;296274;3554;1421;1335;2024-03-07 08:15:29 UTC
meta;fb_camp_001;fb_adset_002;fb_ad_002;07.03.2024;4182.4851;298748;3584;1433;1346;2024-03-07 13:34:59 UTC
meta;fb_camp_001;fb_adset_002;fb_ad_002;07.03.2024;4217.1249;301222;3614;1445;1357;2024-03-07 18:46:29 UTC
meta;fb_camp_001;fb_adset_002;fb_ad_002;07.03.2024;4251.7646;303697;3644;1457;1369;2024-03-08 00:09:59 UTC
meta;fb_camp_001;fb_adset_002;fb_ad_002;08.03.2024;4276.7888;305484;3665;1465;1377;2024-03-08 01:54:00 UTC
meta;fb_camp_001;fb_adset_002;fb_ad_002;08.03.2024;4301.8129;307272;3687;1474;1385;2024-03-08 09:26:39 UTC
meta;fb_camp_001;fb_adset_002;fb_ad_002;08.03.2024;4326.8371;309059;3708;1482;1393;2024-03-08 16:42:19 UTC
meta;fb_camp_001;fb_adset_002;fb_ad_002;08.03.2024;4351.8613;310847;3730;1491;1401;2024-03-09 00:12:59 UTC
meta;fb_camp_001;fb_adset_002;fb_ad_002;09.03.2024;4370.8358;312202;3746;1497;1407;2024-03-09 04:01:00 UTC
meta;fb_camp_001;fb_adset_002;fb_ad_002;09.03.2024;4389.8103;313557;3762;1504;1413;2024-03-09 10:39:59 UTC
meta;fb_camp_001;fb_adset_002;fb_ad_002;09.03.2024;4408.7848;314912;3778;1510;1419;2024-03-09 17:20:59 UTC
meta;fb_camp_001;fb_adset_002;fb_ad_002;09.03.2024;4427.7593;316268;3795;1517;1426;2024-03-10 00:12:59 UTC
meta;fb_camp_001;fb_adset_002;fb_ad_002;10.03.2024;4433.8336;316701;3800;1519;1428;2024-03-10 03:52:00 UTC
meta;fb_camp_001;fb_adset_002;fb_ad_002;10.03.2024;4439.908;317135;3805;1521;1430;2024-03-10 10:36:59 UTC
meta;fb_camp_001;fb_adset_002;fb_ad_002;10.03.2024;4445.9824;317569;3810;1523;1432;2024-03-10 17:23:59 UTC
meta;fb_camp_001;fb_adset_002;fb_ad_002;10.03.2024;4452.0567;318003;3815;1526;1434;2024-03-11 00:07:59 UTC
meta;fb_camp_001;fb_adset_002;fb_ad_002;11.03.2024;4464.4036;318885;3825;1530;1438;2024-03-11 02:58:00 UTC
meta;fb_camp_001;fb_adset_002;fb_ad_002;11.03.2024;4476.7505;319767;3836;1534;1442;2024-03-11 09:58:19 UTC
meta;fb_camp_001;fb_adset_002;fb_ad_002;11.03.2024;4489.0974;320649;3847;1538;1446;2024-03-11 17:01:39 UTC
meta;fb_camp_001;fb_adset_002;fb_ad_002;11.03.2024;4501.4443;321531;3858;1543;1450;2024-03-12 00:08:59 UTC
meta;fb_camp_001;fb_adset_002;fb_ad_002;12.03.2024;4528.5503;323467;3881;1552;1458;2024-03-12 03:18:00 UTC
meta;fb_camp_001;fb_adset_002;fb_ad_002;12.03.2024;4555.6563;325403;3904;1561;1467;2024-03-12 13:35:59 UTC
meta;fb_camp_001;fb_adset_002;fb_ad_002;12.03.2024;4582.7623;327340;3927;1570;1476;2024-03-13 00:00:59 UTC
meta;fb_camp_001;fb_adset_002;fb_ad_002;13.03.2024;4606.7472;329053;3947;1578;1483;2024-03-13 02:44:00 UTC
meta;fb_camp_001;fb_adset_002;fb_ad_002;13.03.2024;4630.732;330766;3968;1586;1491;2024-03-13 09:50:59 UTC
meta;fb_camp_001;fb_adset_002;fb_ad_002;13.03.2024;4654.7168;332479;3989;1594;1499;2024-03-13 16:51:59 UTC
meta;fb_camp_001;fb_adset_002;fb_ad_002;13.03.2024;4678.7017;334192;4010;1603;1507;2024-03-14 00:07:59 UTC
meta;fb_camp_001;fb_adset_002;fb_ad_002;14.03.2024;4682.1751;334440;4013;1604;1508;2024-03-14 02:29:00 UTC
meta;fb_camp_001;fb_adset_002;fb_ad_002;14.03.2024;4685.6485;334688;4016;1605;1509;2024-03-14 07:56:14 UTC
meta;fb_camp_001;fb_adset_002;fb_ad_002;14.03.2024;4689.1218;334936;4019;1606;1510;2024-03-14 13:20:29 UTC
meta;fb_camp_001;fb_adset_002;fb_ad_002;14.03.2024;4692.5952;335184;4022;1607;1511;2024-03-14 18:50:44 UTC
meta;fb_camp_001;fb_adset_002;fb_ad_002;14.03.2024;4696.0686;335433;4025;1609;1512;2024-03-15 00:12:59 UTC
meta;fb_camp_001;fb_adset_002;fb_ad_002;15.03.2024;4704.5594;336039;4032;1612;1514;2024-03-15 02:08:00 UTC
meta;fb_camp_001;fb_adset_002;fb_ad_002;15.03.2024;4713.0503;336645;4039;1615;1517;2024-03-15 07:32:44 UTC
meta;fb_camp_001;fb_adset_002;fb_ad_002;15.03.2024;4721.5411;337252;4046;1618;1520;2024-03-15 13:06:29 UTC
meta;fb_camp_001;fb_adset_002;fb_ad_002;15.03.2024;4730.032;337858;4053;1621;1523;2024-03-15 18:44:14 UTC
meta;fb_camp_001;fb_adset_002;fb_ad_002;15.03.2024;4738.5228;338465;4061;1624;1526;2024-03-16 00:10:59 UTC
meta;fb_camp_001;fb_adset_002;fb_ad_002;16.03.2024;4750.126;339294;4071;1628;1529;2024-03-16 01:54:00 UTC
meta;fb_camp_001;fb_adset_002;fb_ad_002;16.03.2024;4761.7293;340123;4081;1632;1533;2024-03-16 09:18:39 UTC
meta;fb_camp_001;fb_adset_002;fb_ad_002;16.03.2024;4773.3326;340952;4091;1636;1537;2024-03-16 16:42:19 UTC
meta;fb_camp_001;fb_adset_002;fb_ad_002;16.03.2024;4784.9358;341781;4101;1640;1541;2024-03-17 00:10:59 UTC
meta;fb_camp_001;fb_adset_002;fb_ad_002;17.03.2024;4792.4346;342316;4107;1642;1543;2024-03-17 03:58:00 UTC
meta;fb_camp_001;fb_adset_002;fb_ad_002;17.03.2024;4799.9333;342852;4113;1645;1546;2024-03-17 08:03:47 UTC
meta;fb_camp_001;fb_adset_002;fb_ad_002;17.03.2024;4807.432;343387;4120;1647;1548;2024-03-17 12:07:35 UTC
meta;fb_camp_001;fb_adset_002;fb_ad_002;17.03.2024;4814.9308;343923;4126;1650;1551;2024-03-17 16:03:23 UTC
meta;fb_camp_001;fb_adset_002;fb_ad_002;17.03.2024;4822.4296;344458;4132;1652;1553;2024-03-17 20:07:11 UTC
meta;fb_camp_001;fb_adset_002;fb_ad_002;17.03.2024;4829.9283;344994;4139;1655;1556;2024-03-18 00:10:59 UTC
meta;fb_camp_001;fb_adset_002;fb_ad_002;18.03.2024;4834.8548;345346;4143;1656;1557;2024-03-18 01:53:00 UTC
meta;fb_camp_001;fb_adset_002;fb_ad_002;18.03.2024;4839.7813;345698;4147;1658;1559;2024-03-18 09:21:39 UTC
meta;fb_camp_001;fb_adset_002;fb_ad_002;18.03.2024;4844.7079;346050;4151;1660;1560;2024-03-18 16:39:19 UTC
meta;fb_camp_001;fb_adset_002;fb_ad_002;18.03.2024;4849.6344;346402;4156;1662;1562;2024-03-19 00:06:59 UTC
meta;fb_camp_001;fb_adset_002;fb_ad_002;19.03.2024;4876.3192;348308;4178;1671;1570;2024-03-19 00:08:00 UTC
meta;fb_camp_001;fb_adset_002;fb_ad_002;19.03.2024;4903.0041;350214;4201;1680;1579;2024-03-19 04:57:59 UTC
meta;fb_camp_001;fb_adset_002;fb_ad_002;19.03.2024;4929.689;352120;4224;1689;1587;2024-03-19 09:42:59 UTC
meta;fb_camp_001;fb_adset_002;fb_ad_002;19.03.2024;4956.3738;354026;4247;1698;1596;2024-03-19 14:31:59 UTC
meta;fb_camp_001;fb_adset_002;fb_ad_002;19.03.2024;4983.0586;355932;4270;1707;1604;2024-03-19 19:18:59 UTC
meta;fb_camp_001;fb_adset_002;fb_ad_002;19.03.2024;5009.7435;357838;4293;1717;1613;2024-03-20 00:10:59 UTC
meta;fb_camp_001;fb_adset_002;fb_ad_002;20.03.2024;5018.0091;358428;4300;1719;1615;2024-03-20 02:49:00 UTC
meta;fb_camp_001;fb_adset_002;fb_ad_002;20.03.2024;5026.2748;359018;4307;1722;1618;2024-03-20 08:05:29 UTC
meta;fb_camp_001;fb_adset_002;fb_ad_002;20.03.2024;5034.5404;359609;4314;1725;1621;2024-03-20 13:23:59 UTC
meta;fb_camp_001;fb_adset_002;fb_ad_002;20.03.2024;5042.8061;360199;4321;1728;1624;2024-03-20 18:54:29 UTC
meta;fb_camp_001;fb_adset_002;fb_ad_002;20.03.2024;5051.0717;360790;4329;1731;1627;2024-03-21 00:07:59 UTC
meta;fb_camp_001;fb_adset_002;fb_ad_002;21.03.2024;5055.2878;361091;4332;1732;1628;2024-03-21 03:29:00 UTC
meta;fb_camp_001;fb_adset_002;fb_ad_002;21.03.2024;5059.5039;361392;4336;1733;1629;2024-03-21 08:37:29 UTC
meta;fb_camp_001;fb_adset_002;fb_ad_002;21.03.2024;5063.72;361693;4339;1735;1631;2024-03-21 13:56:59 UTC
meta;fb_camp_001;fb_adset_002;fb_ad_002;21.03.2024;5067.9361;361994;4343;1736;1632;2024-03-21 18:52:29 UTC
meta;fb_camp_001;fb_adset_002;fb_ad_002;21.03.2024;5072.1522;362296;4347;1738;1634;2024-03-22 00:02:59 UTC
meta;fb_camp_001;fb_adset_002;fb_ad_002;22.03.2024;5112.8223;365201;4381;1752;1647;2024-03-22 02:59:00 UTC
meta;fb_camp_001;fb_adset_002;fb_ad_002;22.03.2024;5153.4924;368106;4416;1766;1660;2024-03-22 10:03:19 UTC
meta;fb_camp_001;fb_adset_002;fb_ad_002;22.03.2024;5194.1624;371011;4451;1780;1673;2024-03-22 16:57:39 UTC
meta;fb_camp_001;fb_adset_002;fb_ad_002;22.03.2024;5234.8325;373916;4486;1794;1686;2024-03-23 00:03:59 UTC
meta;fb_camp_001;fb_adset_002;fb_ad_002;23.03.2024;5268.6894;376334;4515;1805;1697;2024-03-23 03:08:00 UTC
meta;fb_camp_001;fb_adset_002;fb_ad_002;23.03.2024;5302.5464;378752;4544;1817;1708;2024-03-23 10:05:59 UTC
meta;fb_camp_001;fb_adset_002;fb_ad_002;23.03.2024;5336.4034;381170;4573;1828;1719;2024-03-23 17:16:59 UTC
meta;fb_camp_001;fb_adset_002;fb_ad_002;23.03.2024;5370.2603;383589;4602;1840;1730;2024-03-24 00:14:59 UTC
meta;fb_camp_001;fb_adset_002;fb_ad_002;24.03.2024;5379.4469;384245;4610;1843;1732;2024-03-24 00:14:00 UTC
meta;fb_camp_001;fb_adset_002;fb_ad_002;24.03.2024;5388.6335;384901;4618;1846;1735;2024-03-24 04:55:47 UTC
meta;fb_camp_001;fb_adset_002;fb_ad_002;24.03.2024;5397.8201;385558;4626;1849;1738;2024-03-24 09:45:35 UTC
meta;fb_camp_001;fb_adset_002;fb_ad_002;24.03.2024;5407.0068;386214;4634;1852;1741;2024-03-24 14:37:23 UTC
meta;fb_camp_001;fb_adset_002;fb_ad_002;24.03.2024;5416.1934;386870;4642;1855;1744;2024-03-24 19:14:11 UTC
meta;fb_camp_001;fb_adset_002;fb_ad_002;24.03.2024;5425.38;387527;4650;1859;1747;2024-03-25 00:01:59 UTC
meta;fb_camp_001;fb_adset_002;fb_ad_002;25.03.2024;5432.1213;388008;4655;1861;1749;2024-03-25 01:16:00 UTC
meta;fb_camp_001;fb_adset_002;fb_ad_002;25.03.2024;5438.8626;388489;4661;1863;1751;2024-03-25 07:03:44 UTC
meta;fb_camp_001;fb_adset_002;fb_ad_002;25.03.2024;5445.6039;388971;4667;1866;1753;2024-03-25 12:47:29 UTC
meta;fb_camp_001;fb_adset_002;fb_ad_002;25.03.2024;5452.3452;389452;4673;1868;1755;2024-03-25 18:23:14 UTC
meta;fb_camp_001;fb_adset_002;fb_ad_002;25.03.2024;5459.0865;389934;4679;1871;1758;2024-03-26 00:04:59 UTC
meta;fb_camp_001;fb_adset_002;fb_ad_002;26.03.2024;5461.6064;390114;4681;1871;1758;2024-03-26 01:52:00 UTC
meta;fb_camp_001;fb_adset_002;fb_ad_002;26.03.2024;5464.1262;390294;4683;1872;1759;2024-03-26 09:19:19 UTC
meta;fb_camp_001;fb_adset_002;fb_ad_002;26.03.2024;5466.6461;390474;4685;1873;1760;2024-03-26 16:46:39 UTC
meta;fb_camp_001;fb_adset_002;fb_ad_002;26.03.2024;5469.166;390654;4687;1874;1761;2024-03-27 00:02:59 UTC
meta;fb_camp_001;fb_adset_002;fb_ad_002;27.03.2024;5487.1521;391938;4702;1880;1767;2024-03-27 01:02:00 UTC
meta;fb_camp_001;fb_adset_002;fb_ad_002;27.03.2024;5505.1382;393223;4718;1886;1773;2024-03-27 08:51:39 UTC
meta;fb_camp_001;fb_adset_002;fb_ad_002;27.03.2024;5523.1242;394508;4733;1892;1779;2024-03-27 16:26:19 UTC
meta;fb_camp_001;fb_adset_002;fb_ad_002;27.03.2024;5541.1103;395793;4749;1899;1785;2024-03-28 00:13:59 UTC
meta;fb_camp_001;fb_adset_002;fb_ad_002;28.03.2024;5547.4636;396246;4754;1901;1787;2024-03-28 03:43:00 UTC
meta;fb_camp_001;fb_adset_002;fb_ad_002;28.03.2024;5553.8168;396700;4759;1903;1789;2024-03-28 08:45:44 UTC
meta;fb_camp_001;fb_adset_002;fb_ad_002;28.03.2024;5560.1701;397154;4765;1905;1791;2024-03-28 13:59:29 UTC
meta;fb_camp_001;fb_adset_002;fb_ad_002;28.03.2024;5566.5233;397608;4770;1907;1793;2024-03-28 18:57:14 UTC
meta;fb_camp_001;fb_adset_002;fb_ad_002;28.03.2024;5572.8766;398062;4776;1910;1795;2024-03-29 00:08:59 UTC
meta;fb_camp_001;fb_adset_002;fb_ad_002;29.03.2024;5580.9548;398639;4783;1912;1797;2024-03-29 01:53:00 UTC
meta;fb_camp_001;fb_adset_002;fb_ad_002;29.03.2024;5589.033;399216;4790;1915;1800;2024-03-29 06:14:11 UTC
meta;fb_camp_001;fb_adset_002;fb_ad_002;29.03.2024;5597.1112;399793;4797;1918;1802;2024-03-29 10:48:23 UTC
meta;fb_camp_001;fb_adset_002;fb_ad_002;29.03.2024;5605.1893;400370;4804;1920;1805;2024-03-29 15:15:35 UTC
meta;fb_camp_001;fb_adset_002;fb_ad_002;29.03.2024;5613.2675;400947;4811;1923;1807;2024-03-29 19:40:47 UTC
meta;fb_camp_001;fb_adset_002;fb_ad_002;29.03.2024;5621.3457;401524;4818;1926;1810;2024-03-30 00:10:59 UTC
meta;fb_camp_001;fb_adset_002;fb_ad_002;30.03.2024;5646.9028;403349;4839;1934;1818;2024-03-30 03:04:00 UTC
meta;fb_camp_001;fb_adset_002;fb_ad_002;30.03.2024;5672.46;405175;4861;1943;1826;2024-03-30 07:18:23 UTC
meta;fb_camp_001;fb_adset_002;fb_ad_002;30.03.2024;5698.0171;407000;4883;1952;1835;2024-03-30 11:31:47 UTC
meta;fb_camp_001;fb_adset_002;fb_ad_002;30.03.2024;5723.5742;408826;4905;1961;1843;2024-03-30 15:39:11 UTC
meta;fb_camp_001;fb_adset_002;fb_ad_002;30.03.2024;5749.1314;410651;4927;1970;1851;2024-03-30 20:00:35 UTC
meta;fb_camp_001;fb_adset_002;fb_ad_002;30.03.2024;5774.6885;412477;4949;1979;1860;2024-03-31 00:01:59 UTC
meta;fb_camp_001;fb_adset_002;fb_ad_002;31.03.2024;5779.6592;412832;4953;1980;1861;2024-03-31 02:30:00 UTC
meta;fb_camp_001;fb_adset_002;fb_ad_002;31.03.2024;5784.6299;413187;4957;1982;1863;2024-03-31 06:47:23 UTC
meta;fb_camp_001;fb_adset_002;fb_ad_002;31.03.2024;5789.6006;413542;4962;1984;1864;2024-03-31 11:04:47 UTC
meta;fb_camp_001;fb_adset_002;fb_ad_002;31.03.2024;5794.5712;413897;4966;1985;1866;2024-03-31 15:26:11 UTC
meta;fb_camp_001;fb_adset_002;fb_ad_002;31.03.2024;5799.5419;414252;4970;1987;1867;2024-03-31 19:41:35 UTC
meta;fb_camp_001;fb_adset_002;fb_ad_002;31.03.2024;5804.5126;414607;4975;1989;1869;2024-04-01 00:00:59 UTC
meta;fb_camp_001;fb_adset_002;fb_ad_002;01.04.2024;5821.9529;415852;4989;1995;1874;2024-04-01 02:26:00 UTC
meta;fb_camp_001;fb_adset_002;fb_ad_002;01.04.2024;5839.3932;417098;5004;2001;1880;2024-04-01 09:40:59 UTC
meta;fb_camp_001;fb_adset_002;fb_ad_002;01.04.2024;5856.8335;418344;5019;2007;1886;2024-04-01 16:46:59 UTC
meta;fb_camp_001;fb_adset_002;fb_ad_002;01.04.2024;5874.2738;419590;5034;2013;1892;2024-04-02 00:11:59 UTC
meta;fb_camp_001;fb_adset_002;fb_ad_002;02.04.2024;5888.4564;420603;5046;2017;1896;2024-04-02 03:20:00 UTC
meta;fb_camp_001;fb_adset_002;fb_ad_002;02.04.2024;5902.6391;421616;5058;2022;1901;2024-04-02 07:40:11 UTC
meta;fb_camp_001;fb_adset_002;fb_ad_002;02.04.2024;5916.8217;422629;5070;2027;1905;2024-04-02 11:42:23 UTC
meta;fb_camp_001;fb_adset_002;fb_ad_002;02.04.2024;5931.0043;423642;5082;2032;1910;2024-04-02 15:56:35 UTC
meta;fb_camp_001;fb_adset_002;fb_ad_002;02.04.2024;5945.187;424655;5094;2037;1914;2024-04-02 19:56:47 UTC
meta;fb_camp_001;fb_adset_002;fb_ad_002;02.04.2024;5959.3696;425669;5107;2042;1919;2024-04-03 00:09:59 UTC
meta;fb_camp_001;fb_adset_002;fb_ad_002;03.04.2024;5987.6344;427687;5131;2051;1928;2024-04-03 00:41:00 UTC
meta;fb_camp_001;fb_adset_002;fb_ad_002;03.04.2024;6015.8993;429706;5155;2061;1937;2024-04-03 08:27:19 UTC
meta;fb_camp_001;fb_adset_002;fb_ad_002;03.04.2024;6044.1642;431725;5179;2071;1946;2024-04-03 16:18:39 UTC
meta;fb_camp_001;fb_adset_002;fb_ad_002;03.04.2024;6072.429;433744;5204;2081;1956;2024-04-04 00:14:59 UTC
meta;fb_camp_001;fb_adset_002;fb_ad_002;04.04.2024;6080.058;434289;5210;2083;1958;2024-04-04 03:18:00 UTC
meta;fb_camp_001;fb_adset_002;fb_ad_002;04.04.2024;6087.687;434834;5217;2086;1961;2024-04-04 07:35:59 UTC
meta;fb_camp_001;fb_adset_002;fb_ad_002;04.04.2024;6095.316;435379;5224;2089;1963;2024-04-04 11:44:59 UTC
meta;fb_camp_001;fb_adset_002;fb_ad_002;04.04.2024;6102.945;435924;5230;2091;1966;2024-04-04 15:52:59 UTC
meta;fb_camp_001;fb_adset_002;fb_ad_002;04.04.2024;6110.574;436469;5237;2094;1968;2024-04-04 19:57:59 UTC
meta;fb_camp_001;fb_adset_002;fb_ad_002;04.04.2024;6118.203;437014;5244;2097;1971;2024-04-05 00:13:59 UTC
meta;fb_camp_001;fb_adset_002;fb_ad_002;05.04.2024;6125.2211;437515;5250;2099;1973;2024-04-05 01:18:00 UTC
meta;fb_camp_001;fb_adset_002;fb_ad_002;05.04.2024;6132.2392;438016;5256;2101;1975;2024-04-05 05:55:47 UTC
meta;fb_camp_001;fb_adset_002;fb_ad_002;05.04.2024;6139.2573;438518;5262;2104;1977;2024-04-05 10:32:35 UTC
meta;fb_camp_001;fb_adset_002;fb_ad_002;05.04.2024;6146.2753;439019;5268;2106;1979;2024-04-05 14:58:23 UTC
meta;fb_camp_001;fb_adset_002;fb_ad_002;05.04.2024;6153.2934;439520;5274;2108;1981;2024-04-05 19:36:11 UTC
meta;fb_camp_001;fb_adset_002;fb_ad_002;05.04.2024;6160.3115;440022;5280;2111;1984;2024-04-06 00:12:59 UTC
meta;fb_camp_001;fb_adset_002;fb_ad_002;06.04.2024;6168.5772;440612;5287;2113;1986;2024-04-06 02:53:00 UTC
meta;fb_camp_001;fb_adset_002;fb_ad_002;06.04.2024;6176.8428;441202;5294;2116;1989;2024-04-06 08:09:44 UTC
meta;fb_camp_001;fb_adset_002;fb_ad_002;06.04.2024;6185.1085;441793;5301;2119;1991;2024-04-06 13:33:29 UTC
meta;fb_camp_001;fb_adset_002;fb_ad_002;06.04.2024;6193.3741;442383;5308;2122;1994;2024-04-06 18:45:14 UTC
meta;fb_camp_001;fb_adset_002;fb_ad_002;06.04.2024;6201.6398;442974;5315;2125;1997;2024-04-07 00:06:59 UTC
meta;fb_camp_001;fb_adset_002;fb_ad_002;07.04.2024;6217.8864;444134;5329;2130;2002;2024-04-07 00:14:00 UTC
meta;fb_camp_001;fb_adset_002;fb_ad_002;07.04.2024;6234.133;445295;5343;2136;2007;2024-04-07 08:12:19 UTC
meta;fb_camp_001;fb_adset_002;fb_ad_002;07.04.2024;6250.3795;446455;5357;2142;2012;2024-04-07 16:05:39 UTC
meta;fb_camp_001;fb_adset_002;fb_ad_002;07.04.2024;6266.6261;447616;5371;2148;2018;2024-04-08 00:10:59 UTC
meta;fb_camp_001;fb_adset_002;fb_ad_002;08.04.2024;6288.5712;449183;5389;2155;2025;2024-04-08 03:29:00 UTC
meta;fb_camp_001;fb_adset_002;fb_ad_002;08.04.2024;6310.5164;450751;5408;2163;2032;2024-04-08 07:35:35 UTC
meta;fb_camp_001;fb_adset_002;fb_ad_002;08.04.2024;6332.4616;452318;5427;2170;2039;2024-04-08 11:42:11 UTC
meta;fb_camp_001;fb_adset_002;fb_ad_002;08.04.2024;6354.4067;453886;5446;2178;2046;2024-04-08 15:46:47 UTC
meta;fb_camp_001;fb_adset_002;fb_ad_002;08.04.2024;6376.3518;455453;5465;2185;2053;2024-04-08 19:57:23 UTC
meta;fb_camp_001;fb_adset_002;fb_ad_002;08.04.2024;6398.297;457021;5484;2193;2061;2024-04-09 00:00:59 UTC
meta;fb_camp_001;fb_adset_002;fb_ad_002;09.04.2024;6408.2542;457732;5492;2196;2064;2024-04-09 00:35:00 UTC
meta;fb_camp_001;fb_adset_002;fb_ad_002;09.04.2024;6418.2114;458443;5501;2199;2067;2024-04-09 08:25:39 UTC
meta;fb_camp_001;fb_adset_002;fb_ad_002;09.04.2024;6428.1686;459154;5509;2202;2070;2024-04-09 16:13:19 UTC
meta;fb_camp_001;fb_adset_002;fb_ad_002;09.04.2024;6438.1258;459866;5518;2206;2074;2024-04-10 00:04:59 UTC
meta;fb_camp_001;fb_adset_002;fb_ad_002;10.04.2024;6438.6441;459903;5518;2206;2074;2024-04-10 01:53:00 UTC
meta;fb_camp_001;fb_adset_002;fb_ad_002;10.04.2024;6439.1625;459940;5518;2206;2074;2024-04-10 07:30:44 UTC
meta;fb_camp_001;fb_adset_002;fb_ad_002;10.04.2024;6439.6808;459977;5519;2206;2074;2024-04-10 12:53:29 UTC
meta;fb_camp_001;fb_adset_002;fb_ad_002;10.04.2024;6440.1992;460014;5519;2206;2074;2024-04-10 18:30:14 UTC
meta;fb_camp_001;fb_adset_002;fb_ad_002;10.04.2024;6440.7175;460051;5520;2207;2074;2024-04-11 00:01:59 UTC
meta;fb_camp_001;fb_adset_002;fb_ad_002;11.04.2024;6463.656;461689;5539;2215;2081;2024-04-11 00:35:00 UTC
meta;fb_camp_001;fb_adset_002;fb_ad_002;11.04.2024;6486.5945;463328;5559;2223;2089;2024-04-11 08:26:39 UTC
meta;fb_camp_001;fb_adset_002;fb_ad_002;11.04.2024;6509.533;464966;5579;2231;2096;2024-04-11 16:17:19 UTC
meta;fb_camp_001;fb_adset_002;fb_ad_002;11.04.2024;6532.4715;466605;5599;2239;2104;2024-04-12 00:04:59 UTC
meta;fb_camp_001;fb_adset_002;fb_ad_002;12.04.2024;6541.16;467225;5606;2242;2106;2024-04-12 02:41:00 UTC
meta;fb_camp_001;fb_adset_002;fb_ad_002;12.04.2024;6549.8485;467846;5613;2245;2109;2024-04-12 07:00:11 UTC
meta;fb_camp_001;fb_adset_002;fb_ad_002;12.04.2024;6558.537;468466;5621;2248;2112;2024-04-12 11:06:23 UTC
meta;fb_camp_001;fb_adset_002;fb_ad_002;12.04.2024;6567.2256;469087;5628;2251;2115;2024-04-12 15:29:35 UTC
meta;fb_camp_001;fb_adset_002;fb_ad_002;12.04.2024;6575.9141;469707;5635;2254;2118;2024-04-12 19:43:47 UTC
meta;fb_camp_001;fb_adset_002;fb_ad_002;12.04.2024;6584.6026;470328;5643;2257;2121;2024-04-13 00:13:59 UTC
meta;fb_camp_001;fb_adset_002;fb_ad_002;13.04.2024;6602.6175;471614;5658;2263;2126;2024-04-13 00:30:00 UTC
meta;fb_camp_001;fb_adset_002;fb_ad_002;13.04.2024;6620.6324;472901;5674;2269;2132;2024-04-13 08:18:19 UTC
meta;fb_camp_001;fb_adset_002;fb_ad_002;13.04.2024;6638.6472;474188;5689;2275;2138;2024-04-13 16:07:39 UTC
meta;fb_camp_001;fb_adset_002;fb_ad_002;13.04.2024;6656.6621;475475;5705;2281;2144;2024-04-14 00:08:59 UTC
meta;fb_camp_001;fb_adset_002;fb_ad_002;14.04.2024;6658.4141;475600;5706;2281;2144;2024-04-14 01:27:00 UTC
meta;fb_camp_001;fb_adset_002;fb_ad_002;14.04.2024;6660.1662;475725;5708;2282;2145;2024-04-14 05:59:35 UTC
meta;fb_camp_001;fb_adset_002;fb_ad_002;14.04.2024;6661.9182;475850;5709;2283;2145;2024-04-14 10:24:11 UTC
meta;fb_camp_001;fb_adset_002;fb_ad_002;14.04.2024;6663.6703;475975;5711;2283;2146;2024-04-14 15:06:47 UTC
meta;fb_camp_001;fb_adset_002;fb_ad_002;14.04.2024;6665.4224;476100;5712;2284;2146;2024-04-14 19:33:23 UTC
meta;fb_camp_001;fb_adset_002;fb_ad_002;14.04.2024;6667.1744;476226;5714;2285;2147;2024-04-15 00:13:59 UTC
meta;fb_camp_001;fb_adset_002;fb_ad_002;15.04.2024;6677.7979;476985;5723;2288;2150;2024-04-15 01:01:00 UTC
meta;fb_camp_001;fb_adset_002;fb_ad_002;15.04.2024;6688.4214;477744;5732;2292;2154;2024-04-15 12:28:29 UTC
meta;fb_camp_001;fb_adset_002;fb_ad_002;15.04.2024;6699.0449;478503;5741;2296;2158;2024-04-16 00:06:59 UTC
meta;fb_camp_001;fb_adset_002;fb_ad_002;16.04.2024;6713.4876;479534;5753;2301;2162;2024-04-16 01:48:00 UTC
meta;fb_camp_001;fb_adset_002;fb_ad_002;16.04.2024;6727.9303;480566;5766;2306;2167;2024-04-16 06:17:35 UTC
meta;fb_camp_001;fb_adset_002;fb_ad_002;16.04.2024;6742.373;481597;5778;2311;2172;2024-04-16 10:48:11 UTC
meta;fb_camp_001;fb_adset_002;fb_ad_002;16.04.2024;6756.8158;482629;5791;2316;2176;2024-04-16 15:18:47 UTC
meta;fb_camp_001;fb_adset_002;fb_ad_002;16.04.2024;6771.2585;483660;5803;2321;2181;2024-04-16 19:46:23 UTC
meta;fb_camp_001;fb_adset_002;fb_ad_002;16.04.2024;6785.7012;484692;5816;2326;2186;2024-04-17 00:01:59 UTC
meta;fb_camp_001;fb_adset_002;fb_ad_002;17.04.2024;6789.5278;484965;5819;2327;2187;2024-04-17 03:35:00 UTC
meta;fb_camp_001;fb_adset_002;fb_ad_002;17.04.2024;6793.3544;485239;5822;2328;2188;2024-04-17 10:20:59 UTC
meta;fb_camp_001;fb_adset_002;fb_ad_002;17.04.2024;6797.1809;485512;5825;2329;2189;2024-04-17 17:22:59 UTC
meta;fb_camp_001;fb_adset_002;fb_ad_002;17.04.2024;6801.0075;485786;5829;2331;2191;2024-04-18 00:05:59 UTC
meta;fb_camp_001;fb_adset_002;fb_ad_002;18.04.2024;6818.4196;487029;5843;2337;2196;2024-04-18 01:02:00 UTC
meta;fb_camp_001;fb_adset_002;fb_ad_002;18.04.2024;6835.8316;488273;5858;2343;2202;2024-04-18 08:40:19 UTC
meta;fb_camp_001;fb_adset_002;fb_ad_002;18.04.2024;6853.2437;489517;5873;2349;2207;2024-04-18 16:24:39 UTC
meta;fb_camp_001;fb_adset_002;fb_ad_002;18.04.2024;6870.6558;490761;5888;2355;2213;2024-04-19 00:01:59 UTC
meta;fb_camp_001;fb_adset_002;fb_ad_002;19.04.2024;6880.2883;491449;5896;2358;2216;2024-04-19 03:45:00 UTC
meta;fb_camp_001;fb_adset_002;fb_ad_002;19.04.2024;6889.9208;492137;5904;2361;2219;2024-04-19 08:48:59 UTC
meta;fb_camp_001;fb_adset_002;fb_ad_002;19.04.2024;6899.5533;492825;5913;2364;2222;2024-04-19 13:55:59 UTC
meta;fb_camp_001;fb_adset_002;fb_ad_002;19.04.2024;6909.1858;493513;5921;2367;2225;2024-04-19 19:09:59 UTC
meta;fb_camp_001;fb_adset_002;fb_ad_002;19.04.2024;6918.8183;494201;5930;2371;2228;2024-04-20 00:00:59 UTC
meta;fb_camp_001;fb_adset_002;fb_ad_002;20.04.2024;6925.4052;494671;5935;2373;2230;2024-04-20 00:26:00 UTC
meta;fb_camp_001;fb_adset_002;fb_ad_002;20.04.2024;6931.992;495142;5941;2375;2232;2024-04-20 08:16:59 UTC
meta;fb_camp_001;fb_adset_002;fb_ad_002;20.04.2024;6938.5788;495612;5946;2377;2234;2024-04-20 16:10:59 UTC
meta;fb_camp_001;fb_adset_002;fb_ad_002;20.04.2024;6945.1657;496083;5952;2380;2237;2024-04-21 00:00:59 UTC
meta;fb_camp_001;fb_adset_002;fb_ad_002;21.04.2024;6951.2876;496520;5957;2382;2239;2024-04-21 02:39:00 UTC
meta;fb_camp_001;fb_adset_002;fb_ad_002;21.04.2024;6957.4094;496957;5962;2384;2241;2024-04-21 09:51:39 UTC
meta;fb_camp_001;fb_adset_002;fb_ad_002;21.04.2024;6963.5313;497394;5967;2386;2243;2024-04-21 17:05:19 UTC
meta;fb_camp_001;fb_adset_002;fb_ad_002;21.04.2024;6969.6532;497832;5973;2389;2245;2024-04-22 00:03:59 UTC
meta;fb_camp_001;fb_adset_002;fb_ad_002;22.04.2024;6976.2799;498305;5978;2391;2247;2024-04-22 00:50:00 UTC
meta;fb_camp_001;fb_adset_002;fb_ad_002;22.04.2024;6982.9067;498778;5984;2393;2249;2024-04-22 12:30:29 UTC
meta;fb_camp_001;fb_adset_002;fb_ad_002;22.04.2024;6989.5334;499252;5990;2396;2251;2024-04-23 00:07:59 UTC
meta;fb_camp_001;fb_adset_002;fb_ad_002;23.04.2024;7002.5136;500179;6001;2400;2255;2024-04-23 02:51:00 UTC
meta;fb_camp_001;fb_adset_002;fb_ad_002;23.04.2024;7015.4938;501106;6012;2404;2259;2024-04-23 09:56:39 UTC
meta;fb_camp_001;fb_adset_002;fb_ad_002;23.04.2024;7028.4739;502033;6023;2408;2263;2024-04-23 16:59:19 UTC
meta;fb_camp_001;fb_adset_002;fb_ad_002;23.04.2024;7041.4541;502960;6035;2413;2268;2024-04-24 00:07:59 UTC
meta;fb_camp_001;fb_adset_002;fb_ad_002;24.04.2024;7060.3199;504307;6051;2419;2274;2024-04-24 03:12:00 UTC
meta;fb_camp_001;fb_adset_002;fb_ad_002;24.04.2024;7079.1858;505655;6067;2426;2280;2024-04-24 13:40:29 UTC
meta;fb_camp_001;fb_adset_002;fb_ad_002;24.04.2024;7098.0516;507003;6083;2433;2286;2024-04-25 00:00:59 UTC
meta;fb_camp_001;fb_adset_002;fb_ad_002;25.04.2024;7110.2954;507877;6093;2437;2290;2024-04-25 02:44:00 UTC
meta;fb_camp_001;fb_adset_002;fb_ad_002;25.04.2024;7122.5391;508752;6104;2441;2294;2024-04-25 13:32:29 UTC
meta;fb_camp_001;fb_adset_002;fb_ad_002;25.04.2024;7134.7829;509627;6115;2445;2298;2024-04-26 00:08:59 UTC
meta;fb_camp_001;fb_adset_002;fb_ad_002;26.04.2024;7141.0255;510072;6120;2447;2300;2024-04-26 01:35:00 UTC
meta;fb_camp_001;fb_adset_002;fb_ad_002;26.04.2024;7147.268;510518;6125;2449;2302;2024-04-26 12:51:29 UTC
meta;fb_camp_001;fb_adset_002;fb_ad_002;26.04.2024;7153.5106;510964;6131;2452;2304;2024-04-27 00:08:59 UTC
meta;fb_camp_001;fb_adset_002;fb_ad_002;27.04.2024;7167.1546;511938;6142;2456;2308;2024-04-27 03:50:00 UTC
meta;fb_camp_001;fb_adset_002;fb_ad_002;27.04.2024;7180.7985;512913;6154;2461;2312;2024-04-27 08:50:29 UTC
meta;fb_camp_001;fb_adset_002;fb_ad_002;27.04.2024;7194.4425;513887;6165;2465;2317;2024-04-27 14:04:59 UTC
meta;fb_camp_001;fb_adset_002;fb_ad_002;27.04.2024;7208.0864;514862;6177;2470;2321;2024-04-27 19:03:29 UTC
meta;fb_camp_001;fb_adset_002;fb_ad_002;27.04.2024;7221.7304;515837;6189;2475;2326;2024-04-28 00:05:59 UTC
meta;fb_camp_001;fb_adset_002;fb_ad_002;28.04.2024;7244.9578;517496;6209;2483;2333;2024-04-28 02:58:00 UTC
meta;fb_camp_001;fb_adset_002;fb_ad_002;28.04.2024;7268.1852;519155;6229;2491;2341;2024-04-28 10:05:59 UTC
meta;fb_camp_001;fb_adset_002;fb_ad_002;28.04.2024;7291.4127;520814;6249;2499;2348;2024-04-28 17:10:59 UTC
meta;fb_camp_001;fb_adset_002;fb_ad_002;28.04.2024;7314.6401;522474;6269;2507;2356;2024-04-29 00:07:59 UTC
meta;fb_camp_001;fb_adset_002;fb_ad_002;29.04.2024;7330.0929;523577;6282;2512;2361;2024-04-29 03:22:00 UTC
meta;fb_camp_001;fb_adset_002;fb_ad_002;29.04.2024;7345.5456;524681;6295;2517;2366;2024-04-29 08:26:59 UTC
meta;fb_camp_001;fb_adset_002;fb_ad_002;29.04.2024;7360.9984;525785;6308;2522;2371;2024-04-29 13:44:59 UTC
meta;fb_camp_001;fb_adset_002;fb_ad_002;29.04.2024;7376.4511;526889;6321;2527;2376;2024-04-29 18:53:59 UTC
meta;fb_camp_001;fb_adset_002;fb_ad_002;29.04.2024;7391.9039;527993;6335;2533;2381;2024-04-30 00:05:59 UTC
meta;fb_camp_001;fb_adset_002;fb_ad_002;30.04.2024;7421.5342;530109;6360;2543;2390;2024-04-30 03:09:00 UTC
meta;fb_camp_001;fb_adset_002;fb_ad_002;30.04.2024;7451.1644;532225;6386;2553;2400;2024-04-30 07:17:59 UTC
meta;fb_camp_001;fb_adset_002;fb_ad_002;30.04.2024;7480.7946;534342;6411;2563;2409;2024-04-30 11:35:59 UTC
meta;fb_camp_001;fb_adset_002;fb_ad_002;30.04.2024;7510.4249;536458;6437;2573;2419;2024-04-30 15:47:59 UTC
meta;fb_camp_001;fb_adset_002;fb_ad_002;30.04.2024;7540.0552;538574;6462;2583;2428;2024-04-30 19:55:59 UTC
meta;fb_camp_001;fb_adset_002;fb_ad_002;30.04.2024;7569.6854;540691;6488;2594;2438;2024-05-01 00:02:59 UTC
meta;fb_camp_001;fb_adset_002;fb_ad_002;01.05.2024;7583.9614;541710;6500;2599;2442;2024-05-01 01:33:00 UTC
meta;fb_camp_001;fb_adset_002;fb_ad_002;01.05.2024;7598.2373;542730;6512;2604;2447;2024-05-01 12:57:59 UTC
meta;fb_camp_001;fb_adset_002;fb_ad_002;01.05.2024;7612.5133;543750;6524;2609;2452;2024-05-02 00:04:59 UTC
meta;fb_camp_001;fb_adset_002;fb_ad_002;02.05.2024;7637.1507;545509;6545;2617;2460;2024-05-02 03:13:00 UTC
meta;fb_camp_001;fb_adset_002;fb_ad_002;02.05.2024;7661.788;547269;6566;2625;2468;2024-05-02 08:25:59 UTC
meta;fb_camp_001;fb_adset_002;fb_ad_002;02.05.2024;7686.4254;549029;6587;2634;2476;2024-05-02 13:38:59 UTC
meta;fb_camp_001;fb_adset_002;fb_ad_002;02.05.2024;7711.0627;550789;6608;2642;2484;2024-05-02 18:51:59 UTC
meta;fb_camp_001;fb_adset_002;fb_ad_002;02.05.2024;7735.7001;552549;6630;2651;2492;2024-05-03 00:11:59 UTC
meta;fb_camp_001;fb_adset_002;fb_ad_002;03.05.2024;7742.8609;553060;6636;2653;2494;2024-05-03 00:53:00 UTC
meta;fb_camp_001;fb_adset_002;fb_ad_002;03.05.2024;7750.0217;553572;6642;2656;2496;2024-05-03 08:31:59 UTC
meta;fb_camp_001;fb_adset_002;fb_ad_002;03.05.2024;7757.1825;554083;6648;2658;2498;2024-05-03 16:25:59 UTC
meta;fb_camp_001;fb_adset_002;fb_ad_002;03.05.2024;7764.3433;554595;6654;2661;2501;2024-05-04 00:09:59 UTC
meta;fb_camp_001;fb_adset_002;fb_ad_002;04.05.2024;7770.5317;555037;6659;2663;2503;2024-05-04 02:48:00 UTC
meta;fb_camp_001;fb_adset_002;fb_ad_002;04.05.2024;7776.7202;555479;6665;2665;2505;2024-05-04 10:01:39 UTC
meta;fb_camp_001;fb_adset_002;fb_ad_002;04.05.2024;7782.9086;555921;6670;2667;2507;2024-05-04 17:04:19 UTC
meta;fb_camp_001;fb_adset_002;fb_ad_002;04.05.2024;7789.097;556363;6676;2670;2509;2024-05-05 00:13:59 UTC
meta;fb_camp_001;fb_adset_002;fb_ad_002;05.05.2024;7798.1591;557010;6683;2673;2511;2024-05-05 01:44:00 UTC
meta;fb_camp_001;fb_adset_002;fb_ad_002;05.05.2024;7807.2212;557657;6691;2676;2514;2024-05-05 06:10:23 UTC
meta;fb_camp_001;fb_adset_002;fb_ad_002;05.05.2024;7816.2834;558305;6699;2679;2517;2024-05-05 10:44:47 UTC
meta;fb_camp_001;fb_adset_002;fb_ad_002;05.05.2024;7825.3455;558952;6706;2682;2520;2024-05-05 15:10:11 UTC
meta;fb_camp_001;fb_adset_002;fb_ad_002;05.05.2024;7834.4076;559599;6714;2685;2523;2024-05-05 19:33:35 UTC
meta;fb_camp_001;fb_adset_002;fb_ad_002;05.05.2024;7843.4697;560247;6722;2688;2526;2024-05-06 00:09:59 UTC
meta;fb_camp_001;fb_adset_002;fb_ad_002;06.05.2024;7871.7954;562270;6746;2697;2535;2024-05-06 02:37:00 UTC
meta;fb_camp_001;fb_adset_002;fb_ad_002;06.05.2024;7900.1212;564293;6770;2707;2544;2024-05-06 07:55:29 UTC
meta;fb_camp_001;fb_adset_002;fb_ad_002;06.05.2024;7928.4469;566317;6795;2717;2553;2024-05-06 13:14:59 UTC
meta;fb_camp_001;fb_adset_002;fb_ad_002;06.05.2024;7956.7727;568340;6819;2727;2562;2024-05-06 18:38:29 UTC
meta;fb_camp_001;fb_adset_002;fb_ad_002;06.05.2024;7985.0984;570364;6844;2737;2572;2024-05-07 00:08:59 UTC
meta;fb_camp_001;fb_adset_002;fb_ad_002;07.05.2024;7998.1472;571296;6855;2741;2576;2024-05-07 00:56:00 UTC
meta;fb_camp_001;fb_adset_002;fb_ad_002;07.05.2024;8011.1961;572228;6866;2745;2580;2024-05-07 12:29:29 UTC
meta;fb_camp_001;fb_adset_002;fb_ad_002;07.05.2024;8024.2449;573160;6877;2750;2585;2024-05-08 00:13:59 UTC
meta;fb_camp_001;fb_adset_002;fb_ad_002;08.05.2024;8027.7461;573410;6880;2751;2586;2024-05-08 01:14:00 UTC
meta;fb_camp_001;fb_adset_002;fb_ad_002;08.05.2024;8031.2472;573660;6883;2752;2587;2024-05-08 12:36:59 UTC
meta;fb_camp_001;fb_adset_002;fb_ad_002;08.05.2024;8034.7484;573910;6886;2754;2588;2024-05-09 00:01:59 UTC
meta;fb_camp_001;fb_adset_002;fb_ad_002;09.05.2024;8065.315;576093;6912;2764;2598;2024-05-09 03:50:00 UTC
meta;fb_camp_001;fb_adset_002;fb_ad_002;09.05.2024;8095.8816;578276;6938;2774;2608;2024-05-09 13:59:59 UTC
meta;fb_camp_001;fb_adset_002;fb_ad_002;09.05.2024;8126.4482;580460;6965;2785;2618;2024-05-10 00:09:59 UTC
meta;fb_camp_001;fb_adset_002;fb_ad_002;10.05.2024;8135.7664;581125;6973;2788;2621;2024-05-10 00:27:00 UTC
meta;fb_camp_001;fb_adset_002;fb_ad_002;10.05.2024;8145.0846;581791;6981;2791;2624;2024-05-10 06:27:14 UTC
meta;fb_camp_001;fb_adset_002;fb_ad_002;10.05.2024;8154.4029;582456;6989;2794;2627;2024-05-10 12:23:29 UTC
meta;fb_camp_001;fb_adset_002;fb_ad_002;10.05.2024;8163.7211;583122;6997;2797;2630;2024-05-10 18:07:44 UTC
meta;fb_camp_001;fb_adset_002;fb_ad_002;10.05.2024;8173.0393;583788;7005;2801;2633;2024-05-11 00:00:59 UTC
meta;fb_camp_001;fb_adset_002;fb_ad_002;11.05.2024;8188.5099;584893;7018;2806;2637;2024-05-11 04:14:00 UTC
meta;fb_camp_001;fb_adset_002;fb_ad_002;11.05.2024;8203.9806;585998;7031;2811;2642;2024-05-11 10:53:19 UTC
meta;fb_camp_001;fb_adset_002;fb_ad_002;11.05.2024;8219.4512;587103;7044;2816;2647;2024-05-11 17:21:39 UTC
meta;fb_camp_001;fb_adset_002;fb_ad_002;11.05.2024;8234.9218;588208;7058;2822;2652;2024-05-12 00:07:59 UTC
meta;fb_camp_001;fb_adset_002;fb_ad_002;12.05.2024;8243.5607;588825;7065;2825;2655;2024-05-12 02:47:00 UTC
meta;fb_camp_001;fb_adset_002;fb_ad_002;12.05.2024;8252.1995;589442;7072;2828;2658;2024-05-12 13:32:29 UTC
meta;fb_camp_001;fb_adset_002;fb_ad_002;12.05.2024;8260.8384;590059;7080;2831;2661;2024-05-13 00:06:59 UTC
meta;fb_camp_001;fb_adset_002;fb_ad_002;13.05.2024;8271.6364;590830;7089;2834;2664;2024-05-13 01:02:00 UTC
meta;fb_camp_001;fb_adset_002;fb_ad_002;13.05.2024;8282.4344;591601;7098;2838;2667;2024-05-13 06:43:59 UTC
meta;fb_camp_001;fb_adset_002;fb_ad_002;13.05.2024;8293.2323;592373;7107;2842;2671;2024-05-13 12:34:59 UTC
meta;fb_camp_001;fb_adset_002;fb_ad_002;13.05.2024;8304.0303;593144;7116;2846;2674;2024-05-13 18:13:59 UTC
meta;fb_camp_001;fb_adset_002;fb_ad_002;13.05.2024;8314.8283;593916;7126;2850;2678;2024-05-14 00:11:59 UTC
meta;fb_camp_001;fb_adset_002;fb_ad_002;14.05.2024;8318.9288;594208;7129;2851;2679;2024-05-14 02:08:00 UTC
meta;fb_camp_001;fb_adset_002;fb_ad_002;14.05.2024;8323.0292;594501;7133;2852;2680;2024-05-14 13:10:59 UTC
meta;fb_camp_001;fb_adset_002;fb_ad_002;14.05.2024;8327.1297;594794;7137;2854;2682;2024-05-15 00:01:59 UTC
meta;fb_camp_001;fb_adset_002;fb_ad_002;15.05.2024;8381.0381;598644;7183;2872;2699;2024-05-15 01:41:00 UTC
meta;fb_camp_001;fb_adset_002;fb_ad_002;15.05.2024;8434.9466;602495;7229;2890;2716;2024-05-15 12:50:59 UTC
meta;fb_camp_001;fb_adset_002;fb_ad_002;15.05.2024;8488.855;606346;7275;2909;2734;2024-05-16 00:03:59 UTC
meta;fb_camp_001;fb_adset_002;fb_ad_002;16.05.2024;8514.7473;608195;7297;2918;2742;2024-05-16 01:47:00 UTC
meta;fb_camp_001;fb_adset_002;fb_ad_002;16.05.2024;8540.6396;610045;7319;2927;2751;2024-05-16 09:12:19 UTC
meta;fb_camp_001;fb_adset_002;fb_ad_002;16.05.2024;8566.5319;611894;7341;2936;2759;2024-05-16 16:38:39 UTC
meta;fb_camp_001;fb_adset_002;fb_ad_002;16.05.2024;8592.4242;613744;7364;2945;2768;2024-05-17 00:11:59 UTC
meta;fb_camp_001;fb_adset_002;fb_ad_002;17.05.2024;8609.8127;614986;7379;2951;2773;2024-05-17 02:51:00 UTC
meta;fb_camp_001;fb_adset_002;fb_ad_002;17.05.2024;8627.2012;616228;7394;2957;2778;2024-05-17 13:33:29 UTC
meta;fb_camp_001;fb_adset_002;fb_ad_002;17.05.2024;8644.5897;617470;7409;2963;2784;2024-05-18 00:10:59 UTC
meta;fb_camp_001;fb_adset_002;fb_ad_002;18.05.2024;8659.5824;618541;7421;2968;2788;2024-05-18 00:23:00 UTC
meta;fb_camp_001;fb_adset_002;fb_ad_002;18.05.2024;8674.5751;619612;7434;2973;2793;2024-05-18 04:58:59 UTC
meta;fb_camp_001;fb_adset_002;fb_ad_002;18.05.2024;8689.5678;620683;7447;2978;2798;2024-05-18 09:50:59 UTC
meta;fb_camp_001;fb_adset_002;fb_ad_002;18.05.2024;8704.5605;621754;7460;2983;2803;2024-05-18 14:34:59 UTC
meta;fb_camp_001;fb_adset_002;fb_ad_002;18.05.2024;8719.5532;622825;7473;2988;2808;2024-05-18 19:22:59 UTC
meta;fb_camp_001;fb_adset_002;fb_ad_002;18.05.2024;8734.5459;623896;7486;2994;2813;2024-05-19 00:05:59 UTC
meta;fb_camp_001;fb_adset_002;fb_ad_002;19.05.2024;8741.7228;624408;7492;2996;2815;2024-05-19 04:05:00 UTC
meta;fb_camp_001;fb_adset_002;fb_ad_002;19.05.2024;8748.8997;624921;7498;2999;2818;2024-05-19 10:54:19 UTC
meta;fb_camp_001;fb_adset_002;fb_ad_002;19.05.2024;8756.0766;625433;7504;3001;2820;2024-05-19 17:25:39 UTC
meta;fb_camp_001;fb_adset_002;fb_ad_002;19.05.2024;8763.2535;625946;7511;3004;2823;2024-05-20 00:08:59 UTC
meta;fb_camp_001;fb_adset_002;fb_ad_002;20.05.2024;8783.3453;627381;7528;3010;2829;2024-05-20 02:39:00 UTC
meta;fb_camp_001;fb_adset_002;fb_ad_002;20.05.2024;8803.437;628816;7545;3017;2835;2024-05-20 08:00:29 UTC
meta;fb_camp_001;fb_adset_002;fb_ad_002;20.05.2024;8823.5288;630251;7562;3024;2842;2024-05-20 13:19:59 UTC
meta;fb_camp_001;fb_adset_002;fb_ad_002;20.05.2024;8843.6205;631686;7579;3031;2848;2024-05-20 18:50:29 UTC
meta;fb_camp_001;fb_adset_002;fb_ad_002;20.05.2024;8863.7123;633122;7597;3038;2855;2024-05-21 00:11:59 UTC
meta;fb_camp_001;fb_adset_002;fb_ad_002;21.05.2024;8871.2632;633661;7603;3040;2857;2024-05-21 01:45:00 UTC
meta;fb_camp_001;fb_adset_002;fb_ad_002;21.05.2024;8878.8141;634200;7609;3043;2859;2024-05-21 07:15:59 UTC
meta;fb_camp_001;fb_adset_002;fb_ad_002;21.05.2024;8886.3649;634739;7616;3045;2862;2024-05-21 12:54:59 UTC
meta;fb_camp_001;fb_adset_002;fb_ad_002;21.05.2024;8893.9158;635278;7622;3048;2864;2024-05-21 18:36:59 UTC
meta;fb_camp_001;fb_adset_002;fb_ad_002;21.05.2024;8901.4667;635818;7629;3051;2867;2024-05-22 00:08:59 UTC
meta;fb_camp_001;fb_adset_002;fb_ad_002;22.05.2024;8908.5852;636326;7635;3053;2869;2024-05-22 02:36:00 UTC
meta;fb_camp_001;fb_adset_002;fb_ad_002;22.05.2024;8915.7036;636835;7641;3055;2871;2024-05-22 07:57:59 UTC
meta;fb_camp_001;fb_adset_002;fb_ad_002;22.05.2024;8922.8221;637343;7647;3058;2874;2024-05-22 13:14:59 UTC
meta;fb_camp_001;fb_adset_002;fb_ad_002;22.05.2024;8929.9405;637852;7653;3060;2876;2024-05-22 18:48:59 UTC
meta;fb_camp_001;fb_adset_002;fb_ad_002;22.05.2024;8937.059;638361;7660;3063;2879;2024-05-23 00:00:59 UTC
meta;fb_camp_001;fb_adset_002;fb_ad_002;23.05.2024;8941.2939;638663;7663;3064;2880;2024-05-23 00:36:00 UTC
meta;fb_camp_001;fb_adset_002;fb_ad_002;23.05.2024;8945.5288;638965;7667;3065;2881;2024-05-23 06:39:44 UTC
meta;fb_camp_001;fb_adset_002;fb_ad_002;23.05.2024;8949.7636;639268;7670;3067;2882;2024-05-23 12:21:29 UTC
meta;fb_camp_001;fb_adset_002;fb_ad_002;23.05.2024;8953.9985;639570;7674;3068;2883;2024-05-23 18:09:14 UTC
meta;fb_camp_001;fb_adset_002;fb_ad_002;23.05.2024;8958.2334;639873;7678;3070;2885;2024-05-24 00:04:59 UTC
meta;fb_camp_001;fb_adset_002;fb_ad_002;24.05.2024;8975.135;641080;7692;3076;2890;2024-05-24 02:00:00 UTC
meta;fb_camp_001;fb_adset_002;fb_ad_002;24.05.2024;8992.0365;642287;7707;3082;2896;2024-05-24 09:16:59 UTC
meta;fb_camp_001;fb_adset_002;fb_ad_002;24.05.2024;9008.938;643494;7721;3088;2901;2024-05-24 16:50:59 UTC
meta;fb_camp_001;fb_adset_002;fb_ad_002;24.05.2024;9025.8396;644702;7736;3094;2907;2024-05-25 00:13:59 UTC
meta;fb_camp_001;fb_adset_002;fb_ad_002;25.05.2024;9035.93;645422;7744;3097;2910;2024-05-25 01:07:00 UTC
meta;fb_camp_001;fb_adset_002;fb_ad_002;25.05.2024;9046.0203;646143;7753;3100;2913;2024-05-25 06:57:29 UTC
meta;fb_camp_001;fb_adset_002;fb_ad_002;25.05.2024;9056.1107;646864;7761;3104;2917;2024-05-25 12:38:59 UTC
meta;fb_camp_001;fb_adset_002;fb_ad_002;25.05.2024;9066.201;647585;7770;3107;2920;2024-05-25 18:19:29 UTC
meta;fb_camp_001;fb_adset_002;fb_ad_002;25.05.2024;9076.2914;648306;7779;3111;2924;2024-05-26 00:02:59 UTC
meta;fb_camp_001;fb_adset_002;fb_ad_002;26.05.2024;9101.4585;650103;7800;3119;2932;2024-05-26 03:06:00 UTC
meta;fb_camp_001;fb_adset_002;fb_ad_002;26.05.2024;9126.6255;651901;7822;3128;2940;2024-05-26 08:15:59 UTC
meta;fb_camp_001;fb_adset_002;fb_ad_002;26.05.2024;9151.7926;653698;7843;3136;2948;2024-05-26 13:31:59 UTC
meta;fb_camp_001;fb_adset_002;fb_ad_002;26.05.2024;9176.9596;655496;7865;3145;2956;2024-05-26 18:48:59 UTC
meta;fb_camp_001;fb_adset_002;fb_ad_002;26.05.2024;9202.1267;657294;7887;3154;2964;2024-05-27 00:12:59 UTC
meta;fb_camp_001;fb_adset_002;fb_ad_002;27.05.2024;9205.9115;657564;7890;3155;2965;2024-05-27 00:43:00 UTC
meta;fb_camp_001;fb_adset_002;fb_ad_002;27.05.2024;9209.6962;657834;7893;3156;2966;2024-05-27 06:36:59 UTC
meta;fb_camp_001;fb_adset_002;fb_ad_002;27.05.2024;9213.481;658105;7896;3157;2967;2024-05-27 12:32:59 UTC
meta;fb_camp_001;fb_adset_002;fb_ad_002;27.05.2024;9217.2657;658375;7899;3158;2968;2024-05-27 18:12:59 UTC
meta;fb_camp_001;fb_adset_002;fb_ad_002;27.05.2024;9221.0505;658646;7903;3160;2970;2024-05-28 00:11:59 UTC
meta;fb_camp_001;fb_adset_002;fb_ad_002;28.05.2024;9243.6601;660261;7922;3168;2977;2024-05-28 02:58:00 UTC
meta;fb_camp_001;fb_adset_002;fb_ad_002;28.05.2024;9266.2696;661876;7941;3176;2984;2024-05-28 13:27:59 UTC
meta;fb_camp_001;fb_adset_002;fb_ad_002;28.05.2024;9288.8792;663491;7961;3184;2992;2024-05-29 00:07:59 UTC
meta;fb_camp_001;fb_adset_002;fb_ad_002;29.05.2024;9325.6957;666120;7992;3196;3004;2024-05-29 02:14:00 UTC
meta;fb_camp_001;fb_adset_002;fb_ad_002;29.05.2024;9362.5123;668750;8024;3209;3016;2024-05-29 13:13:59 UTC
meta;fb_camp_001;fb_adset_002;fb_ad_002;29.05.2024;9399.3288;671380;8056;3222;3028;2024-05-30 00:09:59 UTC
meta;fb_camp_001;fb_adset_002;fb_ad_002;30.05.2024;9408.8876;672062;8064;3225;3031;2024-05-30 00:50:00 UTC
meta;fb_camp_001;fb_adset_002;fb_ad_002;30.05.2024;9418.4465;672745;8072;3228;3034;2024-05-30 05:42:11 UTC
meta;fb_camp_001;fb_adset_002;fb_ad_002;30.05.2024;9428.0054;673428;8080;3231;3037;2024-05-30 10:18:23 UTC
meta;fb_camp_001;fb_adset_002;fb_ad_002;30.05.2024;9437.5642;674111;8088;3234;3040;2024-05-30 14:49:35 UTC
meta;fb_camp_001;fb_adset_002;fb_ad_002;30.05.2024;9447.123;674794;8096;3237;3043;2024-05-30 19:27:47 UTC
meta;fb_camp_001;fb_adset_002;fb_ad_002;30.05.2024;9456.6819;675477;8105;3241;3046;2024-05-31 00:14:59 UTC
meta;fb_camp_001;fb_adset_002;fb_ad_002;31.05.2024;9462.8767;675919;8110;3243;3048;2024-05-31 04:13:00 UTC
meta;fb_camp_001;fb_adset_002;fb_ad_002;31.05.2024;9469.0715;676362;8115;3245;3050;2024-05-31 08:01:11 UTC
meta;fb_camp_001;fb_adset_002;fb_ad_002;31.05.2024;9475.2663;676804;8121;3247;3052;2024-05-31 12:13:23 UTC
meta;fb_camp_001;fb_adset_002;fb_ad_002;31.05.2024;9481.4611;677247;8126;3249;3054;2024-05-31 16:12:35 UTC
meta;fb_camp_001;fb_adset_002;fb_ad_002;31.05.2024;9487.6559;677689;8131;3251;3056;2024-05-31 20:03:47 UTC
meta;fb_camp_001;fb_adset_002;fb_ad_002;31.05.2024;9493.8507;678132;8137;3254;3058;2024-06-01 00:11:59 UTC
meta;fb_camp_001;fb_adset_002;fb_ad_002;01.06.2024;9512.6052;679471;8153;3260;3064;2024-06-01 03:08:00 UTC
meta;fb_camp_001;fb_adset_002;fb_ad_002;01.06.2024;9531.3597;680810;8169;3266;3070;2024-06-01 13:40:29 UTC
meta;fb_camp_001;fb_adset_002;fb_ad_002;01.06.2024;9550.1142;682150;8185;3273;3076;2024-06-02 00:00:59 UTC
meta;fb_camp_001;fb_adset_002;fb_ad_002;02.06.2024;9573.9536;683852;8205;3281;3083;2024-06-02 01:29:00 UTC
meta;fb_camp_001;fb_adset_002;fb_ad_002;02.06.2024;9597.793;685555;8225;3289;3091;2024-06-02 07:11:59 UTC
meta;fb_camp_001;fb_adset_002;fb_ad_002;02.06.2024;9621.6324;687258;8246;3297;3099;2024-06-02 12:43:59 UTC
meta;fb_camp_001;fb_adset_002;fb_ad_002;02.06.2024;9645.4718;688961;8266;3305;3107;2024-06-02 18:22:59 UTC
meta;fb_camp_001;fb_adset_002;fb_ad_002;02.06.2024;9669.3112;690664;8287;3314;3115;2024-06-03 00:00:59 UTC
meta;fb_camp_001;fb_adset_002;fb_ad_002;03.06.2024;9689.1718;692082;8304;3320;3121;2024-06-03 03:58:00 UTC
meta;fb_camp_001;fb_adset_002;fb_ad_002;03.06.2024;9709.0324;693501;8321;3327;3127;2024-06-03 08:00:23 UTC
meta;fb_camp_001;fb_adset_002;fb_ad_002;03.06.2024;9728.893;694920;8338;3334;3134;2024-06-03 12:01:47 UTC
meta;fb_camp_001;fb_adset_002;fb_ad_002;03.06.2024;9748.7537;696338;8355;3341;3140;2024-06-03 15:57:11 UTC
meta;fb_camp_001;fb_adset_002;fb_ad_002;03.06.2024;9768.6143;697757;8372;3348;3146;2024-06-03 20:01:35 UTC
meta;fb_camp_001;fb_adset_002;fb_ad_002;03.06.2024;9788.4749;699176;8389;3355;3153;2024-06-04 00:06:59 UTC
meta;fb_camp_001;fb_adset_002;fb_ad_002;04.06.2024;9797.4999;699820;8396;3358;3155;2024-06-04 03:12:00 UTC
meta;fb_camp_001;fb_adset_002;fb_ad_002;04.06.2024;9806.5249;700465;8404;3361;3158;2024-06-04 08:27:44 UTC
meta;fb_camp_001;fb_adset_002;fb_ad_002;04.06.2024;9815.5499;701109;8412;3364;3161;2024-06-04 13:36:29 UTC
meta;fb_camp_001;fb_adset_002;fb_ad_002;04.06.2024;9824.5749;701754;8420;3367;3164;2024-06-04 18:55:14 UTC
meta;fb_camp_001;fb_adset_002;fb_ad_002;04.06.2024;9833.5999;702399;8428;3370;3167;2024-06-05 00:09:59 UTC
meta;fb_camp_001;fb_adset_002;fb_ad_002;05.06.2024;9872.861;705203;8461;3383;3179;2024-06-05 03:18:00 UTC
meta;fb_camp_001;fb_adset_002;fb_ad_002;05.06.2024;9912.122;708007;8495;3397;3192;2024-06-05 13:44:59 UTC
meta;fb_camp_001;fb_adset_002;fb_ad_002;05.06.2024;9951.3831;710812;8529;3411;3205;2024-06-06 00:08:59 UTC
meta;fb_camp_001;fb_adset_002;fb_ad_002;06.06.2024;9959.4906;711391;8536;3413;3207;2024-06-06 01:51:00 UTC
meta;fb_camp_001;fb_adset_002;fb_ad_002;06.06.2024;9967.5981;711970;8543;3416;3210;2024-06-06 06:22:23 UTC
meta;fb_camp_001;fb_adset_002;fb_ad_002;06.06.2024;9975.7056;712549;8550;3419;3213;2024-06-06 10:49:47 UTC
meta;fb_camp_001;fb_adset_002;fb_ad_002;06.06.2024;9983.8131;713128;8557;3422;3215;2024-06-06 15:11:11 UTC
meta;fb_camp_001;fb_adset_002;fb_ad_002;06.06.2024;9991.9206;713707;8564;3425;3218;2024-06-06 19:41:35 UTC
meta;fb_camp_001;fb_adset_002;fb_ad_002;06.06.2024;10000.0281;714287;8571;3428;3221;2024-06-07 00:06:59 UTC
meta;fb_camp_001;fb_adset_002;fb_ad_002;07.06.2024;10022.3441;715881;8590;3435;3228;2024-06-07 01:17:00 UTC
meta;fb_camp_001;fb_adset_002;fb_ad_002;07.06.2024;10044.6601;717475;8609;3443;3235;2024-06-07 08:54:59 UTC
meta;fb_camp_001;fb_adset_002;fb_ad_002;07.06.2024;10066.9761;719069;8628;3450;3242;2024-06-07 16:37:59 UTC
meta;fb_camp_001;fb_adset_002;fb_ad_002;07.06.2024;10089.2921;720663;8647;3458;3250;2024-06-08 00:06:59 UTC
meta;fb_camp_001;fb_adset_002;fb_ad_002;08.06.2024;10104.0095;721714;8659;3463;3254;2024-06-08 00:18:00 UTC
meta;fb_camp_001;fb_adset_002;fb_ad_002;08.06.2024;10118.7269;722765;8672;3468;3259;2024-06-08 06:12:14 UTC
meta;fb_camp_001;fb_adset_002;fb_ad_002;08.06.2024;10133.4442;723816;8684;3473;3264;2024-06-08 12:10:29 UTC
meta;fb_camp_001;fb_adset_002;fb_ad_002;08.06.2024;10148.1616;724867;8697;3478;3269;2024-06-08 18:07:44 UTC
meta;fb_camp_001;fb_adset_002;fb_ad_002;08.06.2024;10162.879;725919;8710;3483;3274;2024-06-09 00:05:59 UTC
meta;fb_camp_001;fb_adset_002;fb_ad_002;09.06.2024;10171.8689;726561;8717;3486;3276;2024-06-09 02:32:00 UTC
meta;fb_camp_001;fb_adset_002;fb_ad_002;09.06.2024;10180.8588;727203;8725;3489;3279;2024-06-09 09:45:39 UTC
meta;fb_camp_001;fb_adset_002;fb_ad_002;09.06.2024;10189.8486;727845;8733;3492;3282;2024-06-09 16:48:19 UTC
meta;fb_camp_001;fb_adset_002;fb_ad_002;09.06.2024;10198.8385;728488;8741;3496;3285;2024-06-10 00:12:59 UTC
meta;fb_camp_001;fb_adset_002;fb_ad_002;10.06.2024;10203.2174;728800;8744;3497;3286;2024-06-10 01:32:00 UTC
meta;fb_camp_001;fb_adset_002;fb_ad_002;10.06.2024;10207.5963;729113;8748;3498;3287;2024-06-10 07:15:29 UTC
meta;fb_camp_001;fb_adset_002;fb_ad_002;10.06.2024;10211.9753;729426;8752;3500;3289;2024-06-10 12:53:59 UTC
meta;fb_camp_001;fb_adset_002;fb_ad_002;10.06.2024;10216.3542;729739;8756;3501;3290;2024-06-10 18:28:29 UTC
meta;fb_camp_001;fb_adset_002;fb_ad_002;10.06.2024;10220.7331;730052;8760;3503;3292;2024-06-11 00:09:59 UTC
meta;fb_camp_001;fb_adset_002;fb_ad_002;11.06.2024;10248.8357;732059;8784;3512;3301;2024-06-11 03:17:00 UTC
meta;fb_camp_001;fb_adset_002;fb_ad_002;11.06.2024;10276.9384;734066;8808;3522;3310;2024-06-11 10:15:19 UTC
meta;fb_camp_001;fb_adset_002;fb_ad_002;11.06.2024;10305.041;736073;8832;3532;3319;2024-06-11 17:04:39 UTC
meta;fb_camp_001;fb_adset_002;fb_ad_002;11.06.2024;10333.1436;738081;8856;3542;3328;2024-06-12 00:03:59 UTC
meta;fb_camp_001;fb_adset_002;fb_ad_002;12.06.2024;10359.9015;739992;8879;3551;3336;2024-06-12 02:00:00 UTC
meta;fb_camp_001;fb_adset_002;fb_ad_002;12.06.2024;10386.6594;741903;8902;3560;3345;2024-06-12 07:34:59 UTC
meta;fb_camp_001;fb_adset_002;fb_ad_002;12.06.2024;10413.4174;743814;8925;3569;3354;2024-06-12 12:55:59 UTC
meta;fb_camp_001;fb_adset_002;fb_ad_002;12.06.2024;10440.1753;745725;8948;3578;3363;2024-06-12 18:28:59 UTC
meta;fb_camp_001;fb_adset_002;fb_ad_002;12.06.2024;10466.9332;747637;8971;3588;3372;2024-06-13 00:11:59 UTC
meta;fb_camp_001;fb_adset_002;fb_ad_002;13.06.2024;10489.1574;749224;8990;3595;3379;2024-06-13 01:54:00 UTC
meta;fb_camp_001;fb_adset_002;fb_ad_002;13.06.2024;10511.3817;750812;9009;3602;3386;2024-06-13 12:52:29 UTC
meta;fb_camp_001;fb_adset_002;fb_ad_002;13.06.2024;10533.6059;752400;9028;3610;3393;2024-06-14 00:13:59 UTC
meta;fb_camp_001;fb_adset_002;fb_ad_002;14.06.2024;10543.3248;753094;9036;3613;3396;2024-06-14 00:33:00 UTC
meta;fb_camp_001;fb_adset_002;fb_ad_002;14.06.2024;10553.0438;753788;9044;3616;3399;2024-06-14 06:28:44 UTC
meta;fb_camp_001;fb_adset_002;fb_ad_002;14.06.2024;10562.7627;754482;9053;3620;3402;2024-06-14 12:12:29 UTC
meta;fb_camp_001;fb_adset_002;fb_ad_002;14.06.2024;10572.4817;755176;9061;3623;3405;2024-06-14 18:10:14 UTC
meta;fb_camp_001;fb_adset_002;fb_ad_002;14.06.2024;10582.2006;755871;9070;3627;3409;2024-06-15 00:07:59 UTC
meta;fb_camp_001;fb_adset_002;fb_ad_002;15.06.2024;10584.978;756069;9072;3628;3409;2024-06-15 00:25:00 UTC
meta;fb_camp_001;fb_adset_002;fb_ad_002;15.06.2024;10587.7553;756267;9074;3629;3410;2024-06-15 05:16:47 UTC
meta;fb_camp_001;fb_adset_002;fb_ad_002;15.06.2024;10590.5327;756466;9077;3630;3411;2024-06-15 09:57:35 UTC
meta;fb_camp_001;fb_adset_002;fb_ad_002;15.06.2024;10593.31;756664;9079;3631;3412;2024-06-15 14:36:23 UTC
meta;fb_camp_001;fb_adset_002;fb_ad_002;15.06.2024;10596.0874;756862;9081;3632;3413;2024-06-15 19:20:11 UTC
meta;fb_camp_001;fb_adset_002;fb_ad_002;15.06.2024;10598.8647;757061;9084;3633;3414;2024-06-16 00:08:59 UTC
meta;fb_camp_001;fb_adset_002;fb_ad_002;16.06.2024;10620.9585;758639;9103;3640;3421;2024-06-16 03:51:00 UTC
meta;fb_camp_001;fb_adset_002;fb_ad_002;16.06.2024;10643.0522;760217;9122;3648;3428;2024-06-16 08:47:14 UTC
meta;fb_camp_001;fb_adset_002;fb_ad_002;16.06.2024;10665.146;761795;9141;3655;3435;2024-06-16 14:01:29 UTC
meta;fb_camp_001;fb_adset_002;fb_ad_002;16.06.2024;10687.2397;763373;9160;3663;3442;2024-06-16 19:06:44 UTC
meta;fb_camp_001;fb_adset_002;fb_ad_002;16.06.2024;10709.3335;764952;9179;3671;3450;2024-06-17 00:10:59 UTC
meta;fb_camp_001;fb_adset_002;fb_ad_002;17.06.2024;10729.7324;766409;9196;3678;3456;2024-06-17 03:52:00 UTC
meta;fb_camp_001;fb_adset_002;fb_ad_002;17.06.2024;10750.1314;767866;9213;3685;3462;2024-06-17 13:59:29 UTC
meta;fb_camp_001;fb_adset_002;fb_ad_002;17.06.2024;10770.5303;769323;9231;3692;3469;2024-06-18 00:08:59 UTC
meta;fb_camp_001;fb_adset_002;fb_ad_002;18.06.2024;10783.9422;770281;9242;3696;3473;2024-06-18 02:11:00 UTC
meta;fb_camp_001;fb_adset_002;fb_ad_002;18.06.2024;10797.354;771239;9254;3700;3477;2024-06-18 13:09:59 UTC
meta;fb_camp_001;fb_adset_002;fb_ad_002;18.06.2024;10810.7659;772197;9266;3705;3482;2024-06-19 00:03:59 UTC
meta;fb_camp_001;fb_adset_002;fb_ad_002;19.06.2024;10828.9695;773497;9281;3711;3488;2024-06-19 00:40:00 UTC
meta;fb_camp_001;fb_adset_002;fb_ad_002;19.06.2024;10847.1732;774797;9297;3717;3494;2024-06-19 06:22:44 UTC
meta;fb_camp_001;fb_adset_002;fb_ad_002;19.06.2024;10865.3768;776097;9312;3724;3500;2024-06-19 12:16:29 UTC
meta;fb_camp_001;fb_adset_002;fb_ad_002;19.06.2024;10883.5805;777397;9328;3730;3506;2024-06-19 18:14:14 UTC
meta;fb_camp_001;fb_adset_002;fb_ad_002;19.06.2024;10901.7841;778698;9344;3737;3512;2024-06-20 00:10:59 UTC
meta;fb_camp_001;fb_adset_002;fb_ad_002;20.06.2024;10904.5349;778894;9346;3737;3512;2024-06-20 02:57:00 UTC
meta;fb_camp_001;fb_adset_002;fb_ad_002;20.06.2024;10907.2858;779091;9348;3738;3513;2024-06-20 08:12:14 UTC
meta;fb_camp_001;fb_adset_002;fb_ad_002;20.06.2024;10910.0366;779287;9350;3739;3514;2024-06-20 13:32:29 UTC
meta;fb_camp_001;fb_adset_002;fb_ad_002;20.06.2024;10912.7875;779484;9352;3740;3515;2024-06-20 18:57:44 UTC
meta;fb_camp_001;fb_adset_002;fb_ad_002;20.06.2024;10915.5383;779681;9355;3741;3516;2024-06-21 00:14:59 UTC
meta;fb_camp_001;fb_adset_002;fb_ad_002;21.06.2024;10918.9058;779921;9358;3742;3517;2024-06-21 01:33:00 UTC
meta;fb_camp_001;fb_adset_002;fb_ad_002;21.06.2024;10922.2734;780162;9361;3743;3518;2024-06-21 06:07:11 UTC
meta;fb_camp_001;fb_adset_002;fb_ad_002;21.06.2024;10925.641;780402;9364;3744;3519;2024-06-21 10:28:23 UTC
meta;fb_camp_001;fb_adset_002;fb_ad_002;21.06.2024;10929.0085;780643;9367;3745;3520;2024-06-21 15:12:35 UTC
meta;fb_camp_001;fb_adset_002;fb_ad_002;21.06.2024;10932.376;780883;9370;3746;3521;2024-06-21 19:34:47 UTC
meta;fb_camp_001;fb_adset_002;fb_ad_002;21.06.2024;10935.7436;781124;9373;3748;3523;2024-06-22 00:07:59 UTC
meta;fb_camp_001;fb_adset_002;fb_ad_002;22.06.2024;10945.012;781786;9381;3751;3526;2024-06-22 01:21:00 UTC
meta;fb_camp_001;fb_adset_002;fb_ad_002;22.06.2024;10954.2805;782448;9389;3754;3529;2024-06-22 12:43:59 UTC
meta;fb_camp_001;fb_adset_002;fb_ad_002;22.06.2024;10963.5489;783110;9397;3758;3532;2024-06-23 00:08:59 UTC
meta;fb_camp_001;fb_adset_002;fb_ad_002;23.06.2024;10987.5354;784823;9417;3766;3539;2024-06-23 00:30:00 UTC
meta;fb_camp_001;fb_adset_002;fb_ad_002;23.06.2024;11011.5218;786536;9437;3774;3547;2024-06-23 12:16:29 UTC
meta;fb_camp_001;fb_adset_002;fb_ad_002;23.06.2024;11035.5083;788250;9458;3782;3555;2024-06-24 00:04:59 UTC
meta;fb_camp_001;fb_adset_002;fb_ad_002;24.06.2024;11046.8542;789060;9467;3786;3558;2024-06-24 03:37:00 UTC
meta;fb_camp_001;fb_adset_002;fb_ad_002;24.06.2024;11058.2;789870;9477;3790;3562;2024-06-24 08:36:44 UTC
meta;fb_camp_001;fb_adset_002;fb_ad_002;24.06.2024;11069.5459;790681;9487;3794;3565;2024-06-24 13:43:29 UTC
meta;fb_camp_001;fb_adset_002;fb_ad_002;24.06.2024;11080.8917;791491;9497;3798;3569;2024-06-24 18:57:14 UTC
meta;fb_camp_001;fb_adset_002;fb_ad_002;24.06.2024;11092.2376;792302;9507;3802;3573;2024-06-25 00:10:59 UTC
meta;fb_camp_001;fb_adset_002;fb_ad_002;25.06.2024;11107.8516;793417;9520;3807;3578;2024-06-25 02:45:00 UTC
meta;fb_camp_001;fb_adset_002;fb_ad_002;25.06.2024;11123.4656;794532;9533;3812;3583;2024-06-25 08:03:59 UTC
meta;fb_camp_001;fb_adset_002;fb_ad_002;25.06.2024;11139.0795;795647;9547;3818;3588;2024-06-25 13:28:59 UTC
meta;fb_camp_001;fb_adset_002;fb_ad_002;25.06.2024;11154.6935;796762;9560;3823;3593;2024-06-25 18:44:59 UTC
meta;fb_camp_001;fb_adset_002;fb_ad_002;25.06.2024;11170.3075;797878;9574;3829;3598;2024-06-26 00:12:59 UTC
meta;fb_camp_001;fb_adset_002;fb_ad_002;26.06.2024;11205.4543;800388;9604;3841;3609;2024-06-26 03:03:00 UTC
meta;fb_camp_001;fb_adset_002;fb_ad_002;26.06.2024;11240.6011;802899;9634;3853;3620;2024-06-26 13:42:59 UTC
meta;fb_camp_001;fb_adset_002;fb_ad_002;26.06.2024;11275.7479;805410;9664;3865;3632;2024-06-27 00:13:59 UTC
meta;fb_camp_001;fb_adset_002;fb_ad_002;27.06.2024;11302.4323;807316;9687;3874;3640;2024-06-27 02:17:00 UTC
meta;fb_camp_001;fb_adset_002;fb_ad_002;27.06.2024;11329.1167;809222;9710;3883;3649;2024-06-27 13:12:59 UTC
meta;fb_camp_001;fb_adset_002;fb_ad_002;27.06.2024;11355.8011;811128;9733;3892;3658;2024-06-28 00:14:59 UTC
meta;fb_camp_001;fb_adset_002;fb_ad_002;28.06.2024;11383.1311;813080;9756;3901;3666;2024-06-28 01:17:00 UTC
meta;fb_camp_001;fb_adset_002;fb_ad_002;28.06.2024;11410.4612;815032;9779;3910;3675;2024-06-28 05:46:59 UTC
meta;fb_camp_001;fb_adset_002;fb_ad_002;28.06.2024;11437.7912;816984;9803;3920;3684;2024-06-28 10:23:59 UTC
meta;fb_camp_001;fb_adset_002;fb_ad_002;28.06.2024;11465.1212;818936;9826;3929;3693;2024-06-28 15:00:59 UTC
meta;fb_camp_001;fb_adset_002;fb_ad_002;28.06.2024;11492.4513;820888;9849;3938;3702;2024-06-28 19:34:59 UTC
meta;fb_camp_001;fb_adset_002;fb_ad_002;28.06.2024;11519.7813;822841;9873;3948;3711;2024-06-29 00:13:59 UTC
meta;fb_camp_001;fb_adset_002;fb_ad_002;29.06.2024;11546.0999;824720;9895;3957;3719;2024-06-29 03:25:00 UTC
meta;fb_camp_001;fb_adset_002;fb_ad_002;29.06.2024;11572.4185;826600;9918;3966;3728;2024-06-29 10:12:59 UTC
meta;fb_camp_001;fb_adset_002;fb_ad_002;29.06.2024;11598.737;828480;9941;3975;3736;2024-06-29 17:11:59 UTC
meta;fb_camp_001;fb_adset_002;fb_ad_002;29.06.2024;11625.0556;830360;9964;3985;3745;2024-06-30 00:04:59 UTC
meta;fb_camp_001;fb_adset_002;fb_ad_002;30.06.2024;11634.0639;831003;9971;3988;3747;2024-06-30 03:37:00 UTC
meta;fb_camp_001;fb_adset_002;fb_ad_002;30.06.2024;11643.0723;831647;9979;3991;3750;2024-06-30 08:44:29 UTC
meta;fb_camp_001;fb_adset_002;fb_ad_002;30.06.2024;11652.0806;832290;9986;3994;3753;2024-06-30 13:57:59 UTC
meta;fb_camp_001;fb_adset_002;fb_ad_002;30.06.2024;11661.089;832934;9994;3997;3756;2024-06-30 18:56:29 UTC
meta;fb_camp_001;fb_adset_002;fb_ad_002;30.06.2024;11670.0973;833578;10002;4000;3759;2024-07-01 00:09:59 UTC
meta;fb_camp_001;fb_adset_002;fb_ad_002;01.07.2024;11678.0202;834143;10008;4002;3761;2024-07-01 01:31:00 UTC
meta;fb_camp_001;fb_adset_002;fb_ad_002;01.07.2024;11685.943;834709;10015;4005;3764;2024-07-01 09:04:39 UTC
meta;fb_camp_001;fb_adset_002;fb_ad_002;01.07.2024;11693.8658;835275;10022;4008;3766;2024-07-01 16:41:19 UTC
meta;fb_camp_001;fb_adset_002;fb_ad_002;01.07.2024;11701.7887;835841;10029;4011;3769;2024-07-02 00:08:59 UTC
meta;fb_camp_001;fb_adset_002;fb_ad_002;02.07.2024;11713.3199;836664;10039;4015;3772;2024-07-02 04:11:00 UTC
meta;fb_camp_001;fb_adset_002;fb_ad_002;02.07.2024;11724.8512;837488;10049;4019;3776;2024-07-02 10:41:39 UTC
meta;fb_camp_001;fb_adset_002;fb_ad_002;02.07.2024;11736.3824;838312;10059;4023;3780;2024-07-02 17:30:19 UTC
meta;fb_camp_001;fb_adset_002;fb_ad_002;02.07.2024;11747.9137;839136;10069;4027;3784;2024-07-03 00:14:59 UTC
meta;fb_camp_001;fb_adset_002;fb_ad_002;03.07.2024;11768.4181;840600;10086;4034;3790;2024-07-03 02:13:00 UTC
meta;fb_camp_001;fb_adset_002;fb_ad_002;03.07.2024;11788.9224;842065;10104;4041;3797;2024-07-03 09:31:39 UTC
meta;fb_camp_001;fb_adset_002;fb_ad_002;03.07.2024;11809.4268;843529;10121;4048;3804;2024-07-03 16:53:19 UTC
meta;fb_camp_001;fb_adset_002;fb_ad_002;03.07.2024;11829.9312;844994;10139;4055;3811;2024-07-04 00:01:59 UTC
meta;fb_camp_001;fb_adset_002;fb_ad_002;04.07.2024;11838.5866;845612;10146;4058;3813;2024-07-04 03:08:00 UTC
meta;fb_camp_001;fb_adset_002;fb_ad_002;04.07.2024;11847.2419;846230;10154;4061;3816;2024-07-04 09:58:19 UTC
meta;fb_camp_001;fb_adset_002;fb_ad_002;04.07.2024;11855.8973;846848;10161;4064;3819;2024-07-04 17:09:39 UTC
meta;fb_camp_001;fb_adset_002;fb_ad_002;04.07.2024;11864.5526;847467;10169;4067;3822;2024-07-05 00:00:59 UTC
meta;fb_camp_001;fb_adset_002;fb_ad_002;05.07.2024;11881.2734;848661;10183;4072;3827;2024-07-05 03:31:00 UTC
meta;fb_camp_001;fb_adset_002;fb_ad_002;05.07.2024;11897.9942;849855;10197;4078;3832;2024-07-05 08:42:29 UTC
meta;fb_camp_001;fb_adset_002;fb_ad_002;05.07.2024;11914.7149;851050;10212;4083;3838;2024-07-05 13:54:59 UTC
meta;fb_camp_001;fb_adset_002;fb_ad_002;05.07.2024;11931.4357;852244;10226;4089;3843;2024-07-05 19:06:29 UTC
meta;fb_camp_001;fb_adset_002;fb_ad_002;05.07.2024;11948.1565;853439;10241;4095;3849;2024-07-06 00:13:59 UTC
meta;fb_camp_001;fb_adset_002;fb_ad_002;06.07.2024;11963.5702;854540;10254;4100;3854;2024-07-06 01:53:00 UTC
meta;fb_camp_001;fb_adset_002;fb_ad_002;06.07.2024;11978.984;855641;10267;4105;3859;2024-07-06 07:23:44 UTC
meta;fb_camp_001;fb_adset_002;fb_ad_002;06.07.2024;11994.3977;856742;10280;4111;3864;2024-07-06 12:57:29 UTC
meta;fb_camp_001;fb_adset_002;fb_ad_002;06.07.2024;12009.8115;857843;10293;4116;3869;2024-07-06 18:30:14 UTC
meta;fb_camp_001;fb_adset_002;fb_ad_002;06.07.2024;12025.2252;858944;10307;4122;3874;2024-07-07 00:00:59 UTC
meta;fb_camp_001;fb_adset_002;fb_ad_002;07.07.2024;12029.5464;859252;10310;4123;3875;2024-07-07 01:42:00 UTC
meta;fb_camp_001;fb_adset_002;fb_ad_002;07.07.2024;12033.8675;859561;10314;4124;3876;2024-07-07 07:17:29 UTC
meta;fb_camp_001;fb_adset_002;fb_ad_002;07.07.2024;12038.1887;859869;10317;4126;3878;2024-07-07 12:59:59 UTC
meta;fb_camp_001;fb_adset_002;fb_ad_002;07.07.2024;12042.5098;860178;10321;4127;3879;2024-07-07 18:25:29 UTC
meta;fb_camp_001;fb_adset_002;fb_ad_002;07.07.2024;12046.831;860487;10325;4129;3881;2024-07-08 00:05:59 UTC
meta;fb_camp_001;fb_adset_002;fb_ad_002;08.07.2024;12081.4783;862962;10354;4141;3892;2024-07-08 03:17:00 UTC
meta;fb_camp_001;fb_adset_002;fb_ad_002;08.07.2024;12116.1255;865437;10384;4153;3903;2024-07-08 13:47:59 UTC
meta;fb_camp_001;fb_adset_002;fb_ad_002;08.07.2024;12150.7728;867912;10414;4165;3914;2024-07-09 00:09:59 UTC
meta;fb_camp_001;fb_adset_002;fb_ad_002;09.07.2024;12161.6033;868685;10423;4168;3917;2024-07-09 02:25:00 UTC
meta;fb_camp_001;fb_adset_002;fb_ad_002;09.07.2024;12172.4337;869459;10432;4172;3921;2024-07-09 06:39:47 UTC
meta;fb_camp_001;fb_adset_002;fb_ad_002;09.07.2024;12183.2642;870232;10442;4176;3924;2024-07-09 11:02:35 UTC
meta;fb_camp_001;fb_adset_002;fb_ad_002;09.07.2024;12194.0947;871006;10451;4179;3928;2024-07-09 15:24:23 UTC
meta;fb_camp_001;fb_adset_002;fb_ad_002;09.07.2024;12204.9251;871779;10460;4183;3931;2024-07-09 19:41:11 UTC
meta;fb_camp_001;fb_adset_002;fb_ad_002;09.07.2024;12215.7556;872553;10470;4187;3935;2024-07-10 00:02:59 UTC
meta;fb_camp_001;fb_adset_002;fb_ad_002;10.07.2024;12255.4502;875388;10504;4200;3947;2024-07-10 01:09:00 UTC
meta;fb_camp_001;fb_adset_002;fb_ad_002;10.07.2024;12295.1448;878224;10538;4214;3960;2024-07-10 08:54:19 UTC
meta;fb_camp_001;fb_adset_002;fb_ad_002;10.07.2024;12334.8395;881059;10572;4227;3973;2024-07-10 16:21:39 UTC
meta;fb_camp_001;fb_adset_002;fb_ad_002;10.07.2024;12374.5341;883895;10606;4241;3986;2024-07-11 00:14:59 UTC
meta;fb_camp_001;fb_adset_002;fb_ad_002;11.07.2024;12384.2893;884591;10614;4244;3989;2024-07-11 03:26:00 UTC
meta;fb_camp_001;fb_adset_002;fb_ad_002;11.07.2024;12394.0445;885288;10622;4247;3992;2024-07-11 08:36:29 UTC
meta;fb_camp_001;fb_adset_002;fb_ad_002;11.07.2024;12403.7996;885985;10631;4251;3995;2024-07-11 13:40:59 UTC
meta;fb_camp_001;fb_adset_002;fb_ad_002;11.07.2024;12413.5548;886682;10639;4254;3998;2024-07-11 19:01:29 UTC
meta;fb_camp_001;fb_adset_002;fb_ad_002;11.07.2024;12423.31;887379;10648;4258;4002;2024-07-12 00:03:59 UTC
meta;fb_camp_001;fb_adset_002;fb_ad_002;12.07.2024;12436.2349;888302;10659;4262;4006;2024-07-12 02:07:00 UTC
meta;fb_camp_001;fb_adset_002;fb_ad_002;12.07.2024;12449.1599;889225;10670;4267;4010;2024-07-12 13:13:29 UTC
meta;fb_camp_001;fb_adset_002;fb_ad_002;12.07.2024;12462.0848;890148;10681;4272;4014;2024-07-13 00:09:59 UTC
meta;fb_camp_001;fb_adset_002;fb_ad_002;13.07.2024;12465.2682;890375;10683;4273;4015;2024-07-13 03:03:00 UTC
meta;fb_camp_001;fb_adset_002;fb_ad_002;13.07.2024;12468.4516;890603;10686;4274;4016;2024-07-13 07:22:59 UTC
meta;fb_camp_001;fb_adset_002;fb_ad_002;13.07.2024;12471.635;890830;10689;4275;4017;2024-07-13 11:24:59 UTC
meta;fb_camp_001;fb_adset_002;fb_ad_002;13.07.2024;12474.8184;891058;10691;4276;4018;2024-07-13 15:40:59 UTC
meta;fb_camp_001;fb_adset_002;fb_ad_002;13.07.2024;12478.0018;891285;10694;4277;4019;2024-07-13 19:53:59 UTC
meta;fb_camp_001;fb_adset_002;fb_ad_002;13.07.2024;12481.1852;891513;10697;4278;4020;2024-07-14 00:12:59 UTC
meta;fb_camp_001;fb_adset_002;fb_ad_002;14.07.2024;12487.4568;891960;10702;4280;4022;2024-07-14 03:52:00 UTC
meta;fb_camp_001;fb_adset_002;fb_ad_002;14.07.2024;12493.7284;892408;10707;4282;4024;2024-07-14 09:25:47 UTC
meta;fb_camp_001;fb_adset_002;fb_ad_002;14.07.2024;12500.0;892856;10713;4284;4026;2024-07-14 14:51:34 UTC
meta;fb_camp_002;fb_adset_003;fb_ad_003;02.01.2024;35.144;2510;30;12;11;2024-01-02 01:24:01 UTC
meta;fb_camp_002;fb_adset_003;fb_ad_003;02.01.2024;70.2879;5020;60;24;22;2024-01-02 12:52:00 UTC
meta;fb_camp_002;fb_adset_003;fb_ad_003;02.01.2024;105.4319;7530;90;36;33;2024-01-03 00:14:59 UTC
meta;fb_camp_002;fb_adset_003;fb_ad_003;03.01.2024;159.9527;11424;136;54;50;2024-01-03 01:42:00 UTC
meta;fb_camp_002;fb_adset_003;fb_ad_003;03.01.2024;214.4736;15318;183;73;68;2024-01-03 12:53:29 UTC
meta;fb_camp_002;fb_adset_003;fb_ad_003;03.01.2024;268.9944;19213;230;92;86;2024-01-04 00:11:59 UTC
meta;fb_camp_002;fb_adset_003;fb_ad_003;04.01.2024;285.7568;20410;244;97;91;2024-01-04 03:46:00 UTC
meta;fb_camp_002;fb_adset_003;fb_ad_003;04.01.2024;302.5193;21607;258;103;96;2024-01-04 13:57:29 UTC
meta;fb_camp_002;fb_adset_003;fb_ad_003;04.01.2024;319.2817;22805;273;109;102;2024-01-05 00:00:59 UTC
meta;fb_camp_002;fb_adset_003;fb_ad_003;05.01.2024;331.2202;23657;283;113;106;2024-01-05 02:35:00 UTC
meta;fb_camp_002;fb_adset_003;fb_ad_003;05.01.2024;343.1588;24510;293;117;110;2024-01-05 09:53:39 UTC
meta;fb_camp_002;fb_adset_003;fb_ad_003;05.01.2024;355.0974;25363;303;121;114;2024-01-05 16:54:19 UTC
meta;fb_camp_002;fb_adset_003;fb_ad_003;05.01.2024;367.0359;26216;314;125;118;2024-01-06 00:12:59 UTC
meta;fb_camp_002;fb_adset_003;fb_ad_003;06.01.2024;378.5562;27039;323;129;121;2024-01-06 03:17:00 UTC
meta;fb_camp_002;fb_adset_003;fb_ad_003;06.01.2024;390.0765;27862;333;133;125;2024-01-06 08:27:29 UTC
meta;fb_camp_002;fb_adset_003;fb_ad_003;06.01.2024;401.5968;28685;343;137;128;2024-01-06 13:44:59 UTC
meta;fb_camp_002;fb_adset_003;fb_ad_003;06.01.2024;413.1171;29508;353;141;132;2024-01-06 19:02:29 UTC
meta;fb_camp_002;fb_adset_003;fb_ad_003;06.01.2024;424.6374;30331;363;145;136;2024-01-07 00:00:59 UTC
meta;fb_camp_002;fb_adset_003;fb_ad_003;07.01.2024;454.6182;32472;388;155;145;2024-01-07 04:04:00 UTC
meta;fb_camp_002;fb_adset_003;fb_ad_003;07.01.2024;484.5991;34614;414;165;155;2024-01-07 10:43:19 UTC
meta;fb_camp_002;fb_adset_003;fb_ad_003;07.01.2024;514.5799;36755;440;175;165;2024-01-07 17:19:39 UTC
meta;fb_camp_002;fb_adset_003;fb_ad_003;07.01.2024;544.5608;38897;466;186;175;2024-01-08 00:11:59 UTC
meta;fb_camp_002;fb_adset_003;fb_ad_003;08.01.2024;552.5657;39468;473;188;177;2024-01-08 01:59:00 UTC
meta;fb_camp_002;fb_adset_003;fb_ad_003;08.01.2024;560.5706;40040;480;191;180;2024-01-08 13:09:29 UTC
meta;fb_camp_002;fb_adset_003;fb_ad_003;08.01.2024;568.5755;40612;487;194;183;2024-01-09 00:11:59 UTC
meta;fb_camp_002;fb_adset_003;fb_ad_003;09.01.2024;584.8998;41778;501;199;188;2024-01-09 03:32:00 UTC
meta;fb_camp_002;fb_adset_003;fb_ad_003;09.01.2024;601.2242;42944;515;205;193;2024-01-09 10:25:19 UTC
meta;fb_camp_002;fb_adset_003;fb_ad_003;09.01.2024;617.5485;44110;529;211;198;2024-01-09 17:09:39 UTC
meta;fb_camp_002;fb_adset_003;fb_ad_003;09.01.2024;633.8728;45276;543;217;204;2024-01-10 00:02:59 UTC
meta;fb_camp_002;fb_adset_003;fb_ad_003;10.01.2024;651.7182;46550;558;223;209;2024-01-10 02:04:00 UTC
meta;fb_camp_002;fb_adset_003;fb_ad_003;10.01.2024;669.5637;47825;573;229;215;2024-01-10 06:22:47 UTC
meta;fb_camp_002;fb_adset_003;fb_ad_003;10.01.2024;687.4091;49100;589;235;221;2024-01-10 10:50:35 UTC
meta;fb_camp_002;fb_adset_003;fb_ad_003;10.01.2024;705.2545;50374;604;241;226;2024-01-10 15:16:23 UTC
meta;fb_camp_002;fb_adset_003;fb_ad_003;10.01.2024;723.1;51649;619;247;232;2024-01-10 19:47:11 UTC
meta;fb_camp_002;fb_adset_003;fb_ad_003;10.01.2024;740.9454;52924;635;253;238;2024-01-11 00:10:59 UTC
meta;fb_camp_002;fb_adset_003;fb_ad_003;11.01.2024;760.6035;54328;651;259;244;2024-01-11 00:07:00 UTC
meta;fb_camp_002;fb_adset_003;fb_ad_003;11.01.2024;780.2615;55732;668;266;251;2024-01-11 08:15:19 UTC
meta;fb_camp_002;fb_adset_003;fb_ad_003;11.01.2024;799.9196;57136;685;273;257;2024-01-11 16:09:39 UTC
meta;fb_camp_002;fb_adset_003;fb_ad_003;11.01.2024;819.5777;58541;702;280;264;2024-01-12 00:10:59 UTC
meta;fb_camp_002;fb_adset_003;fb_ad_003;12.01.2024;819.8785;58562;702;280;264;2024-01-12 00:45:00 UTC
meta;fb_camp_002;fb_adset_003;fb_ad_003;12.01.2024;820.1793;58583;702;280;264;2024-01-12 06:31:44 UTC
meta;fb_camp_002;fb_adset_003;fb_ad_003;12.01.2024;820.48;58605;702;280;264;2024-01-12 12:28:29 UTC
meta;fb_camp_002;fb_adset_003;fb_ad_003;12.01.2024;820.7808;58626;702;280;264;2024-01-12 18:21:14 UTC
meta;fb_camp_002;fb_adset_003;fb_ad_003;12.01.2024;821.0816;58648;703;281;264;2024-01-13 00:08:59 UTC
meta;fb_camp_002;fb_adset_003;fb_ad_003;13.01.2024;843.2208;60229;722;288;271;2024-01-13 03:42:00 UTC
meta;fb_camp_002;fb_adset_003;fb_ad_003;13.01.2024;865.36;61811;741;296;278;2024-01-13 10:24:19 UTC
meta;fb_camp_002;fb_adset_003;fb_ad_003;13.01.2024;887.4991;63392;760;303;285;2024-01-13 17:24:39 UTC
meta;fb_camp_002;fb_adset_003;fb_ad_003;13.01.2024;909.6383;64974;779;311;293;2024-01-14 00:02:59 UTC
meta;fb_camp_002;fb_adset_003;fb_ad_003;14.01.2024;925.474;66105;792;316;298;2024-01-14 01:24:00 UTC
meta;fb_camp_002;fb_adset_003;fb_ad_003;14.01.2024;941.3098;67236;806;321;303;2024-01-14 06:55:29 UTC
meta;fb_camp_002;fb_adset_003;fb_ad_003;14.01.2024;957.1455;68367;819;327;308;2024-01-14 12:37:59 UTC
meta;fb_camp_002;fb_adset_003;fb_ad_003;14.01.2024;972.9813;69498;833;332;313;2024-01-14 18:30:29 UTC
meta;fb_camp_002;fb_adset_003;fb_ad_003;14.01.2024;988.817;70629;847;338;318;2024-01-15 00:11:59 UTC
meta;fb_camp_002;fb_adset_003;fb_ad_003;15.01.2024;1034.051;73860;885;353;332;2024-01-15 03:24:00 UTC
meta;fb_camp_002;fb_adset_003;fb_ad_003;15.01.2024;1079.2849;77091;924;369;347;2024-01-15 13:51:29 UTC
meta;fb_camp_002;fb_adset_003;fb_ad_003;15.01.2024;1124.5189;80322;963;385;362;2024-01-16 00:12:59 UTC
meta;fb_camp_002;fb_adset_003;fb_ad_003;16.01.2024;1150.3642;82168;985;393;370;2024-01-16 02:43:00 UTC
meta;fb_camp_002;fb_adset_003;fb_ad_003;16.01.2024;1176.2096;84014;1007;402;378;2024-01-16 06:57:59 UTC
meta;fb_camp_002;fb_adset_003;fb_ad_003;16.01.2024;1202.055;85860;1029;411;387;2024-01-16 11:26:59 UTC
meta;fb_camp_002;fb_adset_003;fb_ad_003;16.01.2024;1227.9003;87706;1051;420;395;2024-01-16 15:30:59 UTC
meta;fb_camp_002;fb_adset_003;fb_ad_003;16.01.2024;1253.7456;89552;1073;429;403;2024-01-16 19:47:59 UTC
meta;fb_camp_002;fb_adset_003;fb_ad_003;16.01.2024;1279.591;91399;1096;438;412;2024-01-17 00:00:59 UTC
meta;fb_camp_002;fb_adset_003;fb_ad_003;17.01.2024;1305.8299;93273;1118;447;420;2024-01-17 00:37:00 UTC
meta;fb_camp_002;fb_adset_003;fb_ad_003;17.01.2024;1332.0688;95147;1141;456;428;2024-01-17 06:35:44 UTC
meta;fb_camp_002;fb_adset_003;fb_ad_003;17.01.2024;1358.3077;97021;1163;465;437;2024-01-17 12:22:29 UTC
meta;fb_camp_002;fb_adset_003;fb_ad_003;17.01.2024;1384.5466;98895;1186;474;445;2024-01-17 18:16:14 UTC
meta;fb_camp_002;fb_adset_003;fb_ad_003;17.01.2024;1410.7855;100770;1209;483;454;2024-01-18 00:12:59 UTC
meta;fb_camp_002;fb_adset_003;fb_ad_003;18.01.2024;1430.0647;102147;1225;489;460;2024-01-18 03:19:00 UTC
meta;fb_camp_002;fb_adset_003;fb_ad_003;18.01.2024;1449.344;103524;1241;496;466;2024-01-18 13:47:29 UTC
meta;fb_camp_002;fb_adset_003;fb_ad_003;18.01.2024;1468.6232;104901;1258;503;473;2024-01-19 00:10:59 UTC
meta;fb_camp_002;fb_adset_003;fb_ad_003;19.01.2024;1470.4574;105032;1259;503;473;2024-01-19 03:34:00 UTC
meta;fb_camp_002;fb_adset_003;fb_ad_003;19.01.2024;1472.2916;105163;1261;504;474;2024-01-19 07:34:47 UTC
meta;fb_camp_002;fb_adset_003;fb_ad_003;19.01.2024;1474.1258;105294;1263;505;474;2024-01-19 11:49:35 UTC
meta;fb_camp_002;fb_adset_003;fb_ad_003;19.01.2024;1475.9601;105425;1264;505;475;2024-01-19 15:56:23 UTC
meta;fb_camp_002;fb_adset_003;fb_ad_003;19.01.2024;1477.7943;105556;1266;506;475;2024-01-19 19:54:11 UTC
meta;fb_camp_002;fb_adset_003;fb_ad_003;19.01.2024;1479.6285;105687;1268;507;476;2024-01-20 00:03:59 UTC
meta;fb_camp_002;fb_adset_003;fb_ad_003;20.01.2024;1489.1248;106365;1276;510;479;2024-01-20 01:06:00 UTC
meta;fb_camp_002;fb_adset_003;fb_ad_003;20.01.2024;1498.6211;107043;1284;513;482;2024-01-20 06:50:14 UTC
meta;fb_camp_002;fb_adset_003;fb_ad_003;20.01.2024;1508.1174;107722;1292;516;485;2024-01-20 12:32:29 UTC
meta;fb_camp_002;fb_adset_003;fb_ad_003;20.01.2024;1517.6137;108400;1300;519;488;2024-01-20 18:26:44 UTC
meta;fb_camp_002;fb_adset_003;fb_ad_003;20.01.2024;1527.11;109079;1308;523;491;2024-01-21 00:05:59 UTC
meta;fb_camp_002;fb_adset_003;fb_ad_003;21.01.2024;1545.9267;110423;1324;529;497;2024-01-21 01:55:00 UTC
meta;fb_camp_002;fb_adset_003;fb_ad_003;21.01.2024;1564.7433;111767;1340;535;503;2024-01-21 13:07:59 UTC
meta;fb_camp_002;fb_adset_003;fb_ad_003;21.01.2024;1583.56;113111;1357;542;510;2024-01-22 00:09:59 UTC
meta;fb_camp_002;fb_adset_003;fb_ad_003;22.01.2024;1615.9997;115428;1384;553;520;2024-01-22 03:00:00 UTC
meta;fb_camp_002;fb_adset_003;fb_ad_003;22.01.2024;1648.4395;117745;1412;564;530;2024-01-22 08:14:29 UTC
meta;fb_camp_002;fb_adset_003;fb_ad_003;22.01.2024;1680.8792;120062;1440;575;541;2024-01-22 13:30:59 UTC
meta;fb_camp_002;fb_adset_003;fb_ad_003;22.01.2024;1713.319;122379;1468;586;551;2024-01-22 18:51:29 UTC
meta;fb_camp_002;fb_adset_003;fb_ad_003;22.01.2024;1745.7587;124697;1496;598;562;2024-01-23 00:02:59 UTC
meta;fb_camp_002;fb_adset_003;fb_ad_003;23.01.2024;1752.9653;125211;1502;600;564;2024-01-23 02:50:00 UTC
meta;fb_camp_002;fb_adset_003;fb_ad_003;23.01.2024;1760.1718;125726;1508;603;566;2024-01-23 09:57:59 UTC
meta;fb_camp_002;fb_adset_003;fb_ad_003;23.01.2024;1767.3784;126241;1514;605;568;2024-01-23 17:04:59 UTC
meta;fb_camp_002;fb_adset_003;fb_ad_003;23.01.2024;1774.5849;126756;1521;608;571;2024-01-24 00:09:59 UTC
meta;fb_camp_002;fb_adset_003;fb_ad_003;24.01.2024;1778.4934;127035;1524;609;572;2024-01-24 03:57:00 UTC
meta;fb_camp_002;fb_adset_003;fb_ad_003;24.01.2024;1782.402;127314;1527;610;573;2024-01-24 10:37:19 UTC
meta;fb_camp_002;fb_adset_003;fb_ad_003;24.01.2024;1786.3106;127593;1530;611;574;2024-01-24 17:30:39 UTC
meta;fb_camp_002;fb_adset_003;fb_ad_003;24.01.2024;1790.2191;127872;1534;613;576;2024-01-25 00:00:59 UTC
meta;fb_camp_002;fb_adset_003;fb_ad_003;25.01.2024;1803.0096;128785;1545;617;580;2024-01-25 02:26:00 UTC
meta;fb_camp_002;fb_adset_003;fb_ad_003;25.01.2024;1815.8002;129699;1556;621;584;2024-01-25 13:24:59 UTC
meta;fb_camp_002;fb_adset_003;fb_ad_003;25.01.2024;1828.5907;130613;1567;626;589;2024-01-26 00:06:59 UTC
meta;fb_camp_002;fb_adset_003;fb_ad_003;26.01.2024;1838.6677;131332;1575;629;592;2024-01-26 04:02:00 UTC
meta;fb_camp_002;fb_adset_003;fb_ad_003;26.01.2024;1848.7448;132052;1584;633;595;2024-01-26 13:58:29 UTC
meta;fb_camp_002;fb_adset_003;fb_ad_003;26.01.2024;1858.8218;132772;1593;637;598;2024-01-27 00:04:59 UTC
meta;fb_camp_002;fb_adset_003;fb_ad_003;27.01.2024;1861.1721;132940;1595;637;598;2024-01-27 01:19:00 UTC
meta;fb_camp_002;fb_adset_003;fb_ad_003;27.01.2024;1863.5224;133108;1597;638;599;2024-01-27 05:55:35 UTC
meta;fb_camp_002;fb_adset_003;fb_ad_003;27.01.2024;1865.8726;133276;1599;639;600;2024-01-27 10:21:11 UTC
meta;fb_camp_002;fb_adset_003;fb_ad_003;27.01.2024;1868.2229;133444;1601;640;601;2024-01-27 14:56:47 UTC
meta;fb_camp_002;fb_adset_003;fb_ad_003;27.01.2024;1870.5732;133612;1603;641;602;2024-01-27 19:34:23 UTC
meta;fb_camp_002;fb_adset_003;fb_ad_003;27.01.2024;1872.9235;133780;1605;642;603;2024-01-28 00:06:59 UTC
meta;fb_camp_002;fb_adset_003;fb_ad_003;28.01.2024;1885.7102;134693;1616;646;607;2024-01-28 01:40:00 UTC
meta;fb_camp_002;fb_adset_003;fb_ad_003;28.01.2024;1898.4968;135606;1627;650;611;2024-01-28 09:07:59 UTC
meta;fb_camp_002;fb_adset_003;fb_ad_003;28.01.2024;1911.2835;136519;1638;654;615;2024-01-28 16:42:59 UTC
meta;fb_camp_002;fb_adset_003;fb_ad_003;28.01.2024;1924.0702;137433;1649;659;619;2024-01-29 00:11:59 UTC
meta;fb_camp_002;fb_adset_003;fb_ad_003;29.01.2024;1943.4522;138817;1665;665;625;2024-01-29 03:58:00 UTC
meta;fb_camp_002;fb_adset_003;fb_ad_003;29.01.2024;1962.8342;140201;1681;672;631;2024-01-29 14:02:59 UTC
meta;fb_camp_002;fb_adset_003;fb_ad_003;29.01.2024;1982.2162;141586;1698;679;638;2024-01-30 00:14:59 UTC
meta;fb_camp_002;fb_adset_003;fb_ad_003;30.01.2024;1984.8644;141775;1700;680;638;2024-01-30 03:52:00 UTC
meta;fb_camp_002;fb_adset_003;fb_ad_003;30.01.2024;1987.5127;141964;1702;681;639;2024-01-30 08:49:29 UTC
meta;fb_camp_002;fb_adset_003;fb_ad_003;30.01.2024;1990.1609;142153;1705;682;640;2024-01-30 13:53:59 UTC
meta;fb_camp_002;fb_adset_003;fb_ad_003;30.01.2024;1992.8092;142342;1707;683;641;2024-01-30 19:03:29 UTC
meta;fb_camp_002;fb_adset_003;fb_ad_003;30.01.2024;1995.4574;142532;1710;684;642;2024-01-31 00:09:59 UTC
meta;fb_camp_002;fb_adset_003;fb_ad_003;31.01.2024;2003.9629;143139;1717;686;644;2024-01-31 01:49:00 UTC
meta;fb_camp_002;fb_adset_003;fb_ad_003;31.01.2024;2012.4685;143747;1724;689;647;2024-01-31 07:22:14 UTC
meta;fb_camp_002;fb_adset_003;fb_ad_003;31.01.2024;2020.974;144354;1731;692;650;2024-01-31 12:58:29 UTC
meta;fb_camp_002;fb_adset_003;fb_ad_003;31.01.2024;2029.4796;144962;1738;695;653;2024-01-31 18:36:44 UTC
meta;fb_camp_002;fb_adset_003;fb_ad_003;31.01.2024;2037.9851;145570;1746;698;656;2024-02-01 00:10:59 UTC
meta;fb_camp_002;fb_adset_003;fb_ad_003;01.02.2024;2042.745;145910;1750;699;657;2024-02-01 03:54:00 UTC
meta;fb_camp_002;fb_adset_003;fb_ad_003;01.02.2024;2047.5049;146250;1754;701;659;2024-02-01 08:07:47 UTC
meta;fb_camp_002;fb_adset_003;fb_ad_003;01.02.2024;2052.2648;146590;1758;703;660;2024-02-01 12:04:35 UTC
meta;fb_camp_002;fb_adset_003;fb_ad_003;01.02.2024;2057.0248;146930;1762;704;662;2024-02-01 16:00:23 UTC
meta;fb_camp_002;fb_adset_003;fb_ad_003;01.02.2024;2061.7847;147270;1766;706;663;2024-02-01 20:10:11 UTC
meta;fb_camp_002;fb_adset_003;fb_ad_003;01.02.2024;2066.5446;147610;1771;708;665;2024-02-02 00:04:59 UTC
meta;fb_camp_002;fb_adset_003;fb_ad_003;02.02.2024;2081.4434;148674;1783;713;669;2024-02-02 00:08:00 UTC
meta;fb_camp_002;fb_adset_003;fb_ad_003;02.02.2024;2096.3421;149738;1796;718;674;2024-02-02 08:12:39 UTC
meta;fb_camp_002;fb_adset_003;fb_ad_003;02.02.2024;2111.2408;150802;1809;723;679;2024-02-02 16:13:19 UTC
meta;fb_camp_002;fb_adset_003;fb_ad_003;02.02.2024;2126.1396;151867;1822;728;684;2024-02-03 00:12:59 UTC
meta;fb_camp_002;fb_adset_003;fb_ad_003;03.02.2024;2147.508;153393;1840;735;691;2024-02-03 02:01:00 UTC
meta;fb_camp_002;fb_adset_003;fb_ad_003;03.02.2024;2168.8765;154919;1858;742;698;2024-02-03 13:02:29 UTC
meta;fb_camp_002;fb_adset_003;fb_ad_003;03.02.2024;2190.2449;156446;1877;750;705;2024-02-04 00:06:59 UTC
meta;fb_camp_002;fb_adset_003;fb_ad_003;04.02.2024;2199.7665;157126;1885;753;708;2024-02-04 02:31:00 UTC
meta;fb_camp_002;fb_adset_003;fb_ad_003;04.02.2024;2209.288;157806;1893;756;711;2024-02-04 13:23:59 UTC
meta;fb_camp_002;fb_adset_003;fb_ad_003;04.02.2024;2218.8096;158486;1901;760;714;2024-02-05 00:10:59 UTC
meta;fb_camp_002;fb_adset_003;fb_ad_003;05.02.2024;2247.2825;160519;1925;769;723;2024-02-05 00:44:00 UTC
meta;fb_camp_002;fb_adset_003;fb_ad_003;05.02.2024;2275.7554;162553;1950;779;732;2024-02-05 08:38:39 UTC
meta;fb_camp_002;fb_adset_003;fb_ad_003;05.02.2024;2304.2282;164587;1974;789;741;2024-02-05 16:18:19 UTC
meta;fb_camp_002;fb_adset_003;fb_ad_003;05.02.2024;2332.7011;166621;1999;799;751;2024-02-06 00:04:59 UTC
meta;fb_camp_002;fb_adset_003;fb_ad_003;06.02.2024;2351.1983;167942;2014;805;757;2024-02-06 02:28:00 UTC
meta;fb_camp_002;fb_adset_003;fb_ad_003;06.02.2024;2369.6956;169263;2030;811;763;2024-02-06 13:18:29 UTC
meta;fb_camp_002;fb_adset_003;fb_ad_003;06.02.2024;2388.1928;170585;2046;818;769;2024-02-07 00:05:59 UTC
meta;fb_camp_002;fb_adset_003;fb_ad_003;07.02.2024;2398.1186;171294;2054;821;772;2024-02-07 00:49:00 UTC
meta;fb_camp_002;fb_adset_003;fb_ad_003;07.02.2024;2408.0445;172003;2063;824;775;2024-02-07 12:27:29 UTC
meta;fb_camp_002;fb_adset_003;fb_ad_003;07.02.2024;2417.9703;172712;2072;828;778;2024-02-08 00:06:59 UTC
meta;fb_camp_002;fb_adset_003;fb_ad_003;08.02.2024;2422.0833;173005;2075;829;779;2024-02-08 01:18:00 UTC
meta;fb_camp_002;fb_adset_003;fb_ad_003;08.02.2024;2426.1962;173299;2079;831;780;2024-02-08 12:49:59 UTC
meta;fb_camp_002;fb_adset_003;fb_ad_003;08.02.2024;2430.3092;173593;2083;833;782;2024-02-09 00:05:59 UTC
meta;fb_camp_002;fb_adset_003;fb_ad_003;09.02.2024;2441.422;174386;2092;836;785;2024-02-09 03:52:00 UTC
meta;fb_camp_002;fb_adset_003;fb_ad_003;09.02.2024;2452.5349;175180;2102;840;789;2024-02-09 08:03:47 UTC
meta;fb_camp_002;fb_adset_003;fb_ad_003;09.02.2024;2463.6478;175974;2111;844;793;2024-02-09 11:57:35 UTC
meta;fb_camp_002;fb_adset_003;fb_ad_003;09.02.2024;2474.7606;176768;2121;847;796;2024-02-09 16:04:23 UTC
meta;fb_camp_002;fb_adset_003;fb_ad_003;09.02.2024;2485.8734;177562;2130;851;800;2024-02-09 20:01:11 UTC
meta;fb_camp_002;fb_adset_003;fb_ad_003;09.02.2024;2496.9863;178356;2140;855;804;2024-02-10 00:10:59 UTC
meta;fb_camp_002;fb_adset_003;fb_ad_003;10.02.2024;2510.1604;179297;2151;859;808;2024-02-10 02:42:00 UTC
meta;fb_camp_002;fb_adset_003;fb_ad_003;10.02.2024;2523.3345;180238;2162;864;812;2024-02-10 07:01:11 UTC
meta;fb_camp_002;fb_adset_003;fb_ad_003;10.02.2024;2536.5086;181179;2173;869;816;2024-02-10 11:12:23 UTC
meta;fb_camp_002;fb_adset_003;fb_ad_003;10.02.2024;2549.6827;182120;2184;873;820;2024-02-10 15:38:35 UTC
meta;fb_camp_002;fb_adset_003;fb_ad_003;10.02.2024;2562.8568;183061;2195;878;824;2024-02-10 19:53:47 UTC
meta;fb_camp_002;fb_adset_003;fb_ad_003;10.02.2024;2576.0309;184002;2207;883;829;2024-02-11 00:00:59 UTC
meta;fb_camp_002;fb_adset_003;fb_ad_003;11.02.2024;2583.3514;184524;2213;885;831;2024-02-11 02:44:00 UTC
meta;fb_camp_002;fb_adset_003;fb_ad_003;11.02.2024;2590.6719;185047;2219;887;833;2024-02-11 07:57:14 UTC
meta;fb_camp_002;fb_adset_003;fb_ad_003;11.02.2024;2597.9924;185570;2226;890;836;2024-02-11 13:21:29 UTC
meta;fb_camp_002;fb_adset_003;fb_ad_003;11.02.2024;2605.3129;186093;2232;892;838;2024-02-11 18:48:44 UTC
meta;fb_camp_002;fb_adset_003;fb_ad_003;11.02.2024;2612.6334;186616;2239;895;841;2024-02-12 00:10:59 UTC
meta;fb_camp_002;fb_adset_003;fb_ad_003;12.02.2024;2624.8395;187487;2249;899;845;2024-02-12 02:07:00 UTC
meta;fb_camp_002;fb_adset_003;fb_ad_003;12.02.2024;2637.0456;188359;2259;903;849;2024-02-12 07:37:59 UTC
meta;fb_camp_002;fb_adset_003;fb_ad_003;12.02.2024;2649.2517;189231;2270;907;853;2024-02-12 13:15:59 UTC
meta;fb_camp_002;fb_adset_003;fb_ad_003;12.02.2024;2661.4578;190103;2280;911;857;2024-02-12 18:31:59 UTC
meta;fb_camp_002;fb_adset_003;fb_ad_003;12.02.2024;2673.6639;190975;2291;916;861;2024-02-13 00:05:59 UTC
meta;fb_camp_002;fb_adset_003;fb_ad_003;13.02.2024;2699.5084;192821;2313;924;869;2024-02-13 01:46:00 UTC
meta;fb_camp_002;fb_adset_003;fb_ad_003;13.02.2024;2725.353;194667;2335;933;877;2024-02-13 06:11:47 UTC
meta;fb_camp_002;fb_adset_003;fb_ad_003;13.02.2024;2751.1975;196513;2357;942;886;2024-02-13 10:36:35 UTC
meta;fb_camp_002;fb_adset_003;fb_ad_003;13.02.2024;2777.042;198359;2379;951;894;2024-02-13 15:12:23 UTC
meta;fb_camp_002;fb_adset_003;fb_ad_003;13.02.2024;2802.8866;200205;2401;960;902;2024-02-13 19:33:11 UTC
meta;fb_camp_002;fb_adset_003;fb_ad_003;13.02.2024;2828.7311;202052;2424;969;911;2024-02-14 00:13:59 UTC
meta;fb_camp_002;fb_adset_003;fb_ad_003;14.02.2024;2849.124;203508;2441;976;917;2024-02-14 02:46:00 UTC
meta;fb_camp_002;fb_adset_003;fb_ad_003;14.02.2024;2869.5168;204965;2458;983;924;2024-02-14 08:08:44 UTC
meta;fb_camp_002;fb_adset_003;fb_ad_003;14.02.2024;2889.9097;206421;2476;990;930;2024-02-14 13:29:29 UTC
meta;fb_camp_002;fb_adset_003;fb_ad_003;14.02.2024;2910.3025;207878;2493;997;937;2024-02-14 18:43:14 UTC
meta;fb_camp_002;fb_adset_003;fb_ad_003;14.02.2024;2930.6954;209335;2511;1004;944;2024-02-15 00:07:59 UTC
meta;fb_camp_002;fb_adset_003;fb_ad_003;15.02.2024;2931.8931;209420;2512;1004;944;2024-02-15 02:42:00 UTC
meta;fb_camp_002;fb_adset_003;fb_ad_003;15.02.2024;2933.0908;209506;2513;1005;944;2024-02-15 09:43:39 UTC
meta;fb_camp_002;fb_adset_003;fb_ad_003;15.02.2024;2934.2886;209591;2514;1005;944;2024-02-15 16:53:19 UTC
meta;fb_camp_002;fb_adset_003;fb_ad_003;15.02.2024;2935.4863;209677;2516;1006;945;2024-02-16 00:08:59 UTC
meta;fb_camp_002;fb_adset_003;fb_ad_003;16.02.2024;2941.3813;210098;2521;1008;947;2024-02-16 01:13:00 UTC
meta;fb_camp_002;fb_adset_003;fb_ad_003;16.02.2024;2947.2763;210519;2526;1010;949;2024-02-16 07:03:14 UTC
meta;fb_camp_002;fb_adset_003;fb_ad_003;16.02.2024;2953.1714;210940;2531;1012;951;2024-02-16 12:34:29 UTC
meta;fb_camp_002;fb_adset_003;fb_ad_003;16.02.2024;2959.0664;211361;2536;1014;953;2024-02-16 18:29:44 UTC
meta;fb_camp_002;fb_adset_003;fb_ad_003;16.02.2024;2964.9614;211782;2541;1016;955;2024-02-17 00:03:59 UTC
meta;fb_camp_002;fb_adset_003;fb_ad_003;17.02.2024;2981.3687;212954;2555;1021;960;2024-02-17 03:33:00 UTC
meta;fb_camp_002;fb_adset_003;fb_ad_003;17.02.2024;2997.776;214126;2569;1027;965;2024-02-17 13:58:59 UTC
meta;fb_camp_002;fb_adset_003;fb_ad_003;17.02.2024;3014.1833;215298;2583;1033;971;2024-02-18 00:07:59 UTC
meta;fb_camp_002;fb_adset_003;fb_ad_003;18.02.2024;3028.6583;216332;2595;1038;975;2024-02-18 01:36:00 UTC
meta;fb_camp_002;fb_adset_003;fb_ad_003;18.02.2024;3043.1333;217366;2608;1043;980;2024-02-18 09:01:59 UTC
meta;fb_camp_002;fb_adset_003;fb_ad_003;18.02.2024;3057.6083;218400;2620;1048;984;2024-02-18 16:38:59 UTC
meta;fb_camp_002;fb_adset_003;fb_ad_003;18.02.2024;3072.0833;219434;2633;1053;989;2024-02-19 00:13:59 UTC
meta;fb_camp_002;fb_adset_003;fb_ad_003;19.02.2024;3084.4896;220320;2643;1057;993;2024-02-19 02:22:00 UTC
meta;fb_camp_002;fb_adset_003;fb_ad_003;19.02.2024;3096.896;221206;2654;1061;997;2024-02-19 07:50:44 UTC
meta;fb_camp_002;fb_adset_003;fb_ad_003;19.02.2024;3109.3023;222092;2664;1065;1001;2024-02-19 13:06:29 UTC
meta;fb_camp_002;fb_adset_003;fb_ad_003;19.02.2024;3121.7087;222978;2675;1069;1005;2024-02-19 18:46:14 UTC
meta;fb_camp_002;fb_adset_003;fb_ad_003;19.02.2024;3134.115;223865;2686;1074;1009;2024-02-20 00:08:59 UTC
meta;fb_camp_002;fb_adset_003;fb_ad_003;20.02.2024;3152.9862;225213;2702;1080;1015;2024-02-20 01:47:00 UTC
meta;fb_camp_002;fb_adset_003;fb_ad_003;20.02.2024;3171.8575;226561;2718;1087;1021;2024-02-20 09:18:39 UTC
meta;fb_camp_002;fb_adset_003;fb_ad_003;20.02.2024;3190.7287;227909;2734;1093;1027;2024-02-20 16:42:19 UTC
meta;fb_camp_002;fb_adset_003;fb_ad_003;20.02.2024;3209.6;229257;2751;1100;1034;2024-02-21 00:11:59 UTC
meta;fb_camp_002;fb_adset_003;fb_ad_003;21.02.2024;3226.4408;230459;2765;1105;1039;2024-02-21 00:34:00 UTC
meta;fb_camp_002;fb_adset_003;fb_ad_003;21.02.2024;3243.2816;231662;2779;1111;1044;2024-02-21 12:10:29 UTC
meta;fb_camp_002;fb_adset_003;fb_ad_003;21.02.2024;3260.1224;232865;2794;1117;1050;2024-02-22 00:10:59 UTC
meta;fb_camp_002;fb_adset_003;fb_ad_003;22.02.2024;3278.5846;234184;2809;1123;1056;2024-02-22 02:44:00 UTC
meta;fb_camp_002;fb_adset_003;fb_ad_003;22.02.2024;3297.0467;235503;2825;1129;1062;2024-02-22 13:15:29 UTC
meta;fb_camp_002;fb_adset_003;fb_ad_003;22.02.2024;3315.5089;236822;2841;1136;1068;2024-02-23 00:01:59 UTC
meta;fb_camp_002;fb_adset_003;fb_ad_003;23.02.2024;3336.6324;238330;2859;1143;1074;2024-02-23 00:49:00 UTC
meta;fb_camp_002;fb_adset_003;fb_ad_003;23.02.2024;3357.7559;239839;2877;1150;1081;2024-02-23 06:31:59 UTC
meta;fb_camp_002;fb_adset_003;fb_ad_003;23.02.2024;3378.8794;241348;2895;1157;1088;2024-02-23 12:28:59 UTC
meta;fb_camp_002;fb_adset_003;fb_ad_003;23.02.2024;3400.0029;242857;2913;1164;1095;2024-02-23 18:23:59 UTC
meta;fb_camp_002;fb_adset_003;fb_ad_003;23.02.2024;3421.1264;244366;2932;1172;1102;2024-02-24 00:03:59 UTC
meta;fb_camp_002;fb_adset_003;fb_ad_003;24.02.2024;3434.656;245332;2943;1176;1106;2024-02-24 01:17:00 UTC
meta;fb_camp_002;fb_adset_003;fb_ad_003;24.02.2024;3448.1856;246298;2955;1181;1110;2024-02-24 06:58:59 UTC
meta;fb_camp_002;fb_adset_003;fb_ad_003;24.02.2024;3461.7153;247265;2966;1185;1114;2024-02-24 12:44:59 UTC
meta;fb_camp_002;fb_adset_003;fb_ad_003;24.02.2024;3475.2449;248231;2978;1190;1118;2024-02-24 18:23:59 UTC
meta;fb_camp_002;fb_adset_003;fb_ad_003;24.02.2024;3488.7745;249198;2990;1195;1123;2024-02-25 00:12:59 UTC
meta;fb_camp_002;fb_adset_003;fb_ad_003;25.02.2024;3491.9581;249425;2992;1196;1124;2024-02-25 00:20:00 UTC
meta;fb_camp_002;fb_adset_003;fb_ad_003;25.02.2024;3495.1418;249652;2995;1197;1125;2024-02-25 05:04:35 UTC
meta;fb_camp_002;fb_adset_003;fb_ad_003;25.02.2024;3498.3254;249880;2998;1198;1126;2024-02-25 09:51:11 UTC
meta;fb_camp_002;fb_adset_003;fb_ad_003;25.02.2024;3501.509;250107;3000;1199;1127;2024-02-25 14:32:47 UTC
meta;fb_camp_002;fb_adset_003;fb_ad_003;25.02.2024;3504.6927;250334;3003;1200;1128;2024-02-25 19:16:23 UTC
meta;fb_camp_002;fb_adset_003;fb_ad_003;25.02.2024;3507.8763;250562;3006;1202;1130;2024-02-26 00:09:59 UTC
meta;fb_camp_002;fb_adset_003;fb_ad_003;26.02.2024;3527.6448;251974;3023;1208;1136;2024-02-26 01:40:00 UTC
meta;fb_camp_002;fb_adset_003;fb_ad_003;26.02.2024;3547.4134;253386;3040;1215;1142;2024-02-26 12:55:59 UTC
meta;fb_camp_002;fb_adset_003;fb_ad_003;26.02.2024;3567.1819;254798;3057;1222;1149;2024-02-27 00:05:59 UTC
meta;fb_camp_002;fb_adset_003;fb_ad_003;27.02.2024;3577.0477;255502;3065;1225;1152;2024-02-27 01:58:00 UTC
meta;fb_camp_002;fb_adset_003;fb_ad_003;27.02.2024;3586.9136;256207;3073;1228;1155;2024-02-27 07:23:44 UTC
meta;fb_camp_002;fb_adset_003;fb_ad_003;27.02.2024;3596.7794;256912;3082;1232;1158;2024-02-27 13:02:29 UTC
meta;fb_camp_002;fb_adset_003;fb_ad_003;27.02.2024;3606.6453;257617;3090;1235;1161;2024-02-27 18:30:14 UTC
meta;fb_camp_002;fb_adset_003;fb_ad_003;27.02.2024;3616.5111;258322;3099;1239;1165;2024-02-28 00:02:59 UTC
meta;fb_camp_002;fb_adset_003;fb_ad_003;28.02.2024;3618.9835;258498;3101;1240;1165;2024-02-28 02:54:00 UTC
meta;fb_camp_002;fb_adset_003;fb_ad_003;28.02.2024;3621.456;258674;3103;1241;1166;2024-02-28 13:25:29 UTC
meta;fb_camp_002;fb_adset_003;fb_ad_003;28.02.2024;3623.9284;258851;3106;1242;1167;2024-02-29 00:08:59 UTC
meta;fb_camp_002;fb_adset_003;fb_ad_003;29.02.2024;3634.1996;259584;3114;1245;1170;2024-02-29 00:09:00 UTC
meta;fb_camp_002;fb_adset_003;fb_ad_003;29.02.2024;3644.4709;260318;3123;1249;1173;2024-02-29 05:02:23 UTC
meta;fb_camp_002;fb_adset_003;fb_ad_003;29.02.2024;3654.7422;261052;3132;1252;1177;2024-02-29 09:55:47 UTC
meta;fb_camp_002;fb_adset_003;fb_ad_003;29.02.2024;3665.0134;261785;3140;1256;1180;2024-02-29 14:38:11 UTC
meta;fb_camp_002;fb_adset_003;fb_ad_003;29.02.2024;3675.2846;262519;3149;1259;1183;2024-02-29 19:14:35 UTC
meta;fb_camp_002;fb_adset_003;fb_ad_003;29.02.2024;3685.5559;263253;3158;1263;1187;2024-03-01 00:01:59 UTC
meta;fb_camp_002;fb_adset_003;fb_ad_003;01.03.2024;3689.1632;263510;3161;1264;1188;2024-03-01 00:12:00 UTC
meta;fb_camp_002;fb_adset_003;fb_ad_003;01.03.2024;3692.7704;263768;3164;1265;1189;2024-03-01 04:58:59 UTC
meta;fb_camp_002;fb_adset_003;fb_ad_003;01.03.2024;3696.3777;264026;3167;1266;1190;2024-03-01 09:41:59 UTC
meta;fb_camp_002;fb_adset_003;fb_ad_003;01.03.2024;3699.985;264283;3170;1267;1191;2024-03-01 14:37:59 UTC
meta;fb_camp_002;fb_adset_003;fb_ad_003;01.03.2024;3703.5922;264541;3173;1268;1192;2024-03-01 19:22:59 UTC
meta;fb_camp_002;fb_adset_003;fb_ad_003;01.03.2024;3707.1995;264799;3177;1270;1194;2024-03-02 00:14:59 UTC
meta;fb_camp_002;fb_adset_003;fb_ad_003;02.03.2024;3724.9816;266069;3192;1276;1199;2024-03-02 02:25:00 UTC
meta;fb_camp_002;fb_adset_003;fb_ad_003;02.03.2024;3742.7637;267339;3207;1282;1205;2024-03-02 06:53:11 UTC
meta;fb_camp_002;fb_adset_003;fb_ad_003;02.03.2024;3760.5458;268609;3222;1288;1211;2024-03-02 11:03:23 UTC
meta;fb_camp_002;fb_adset_003;fb_ad_003;02.03.2024;3778.3279;269879;3237;1294;1216;2024-03-02 15:31:35 UTC
meta;fb_camp_002;fb_adset_003;fb_ad_003;02.03.2024;3796.11;271149;3252;1300;1222;2024-03-02 19:52:47 UTC
meta;fb_camp_002;fb_adset_003;fb_ad_003;02.03.2024;3813.8921;272420;3268;1307;1228;2024-03-03 00:10:59 UTC
meta;fb_camp_002;fb_adset_003;fb_ad_003;03.03.2024;3838.7967;274199;3289;1315;1236;2024-03-03 03:39:00 UTC
meta;fb_camp_002;fb_adset_003;fb_ad_003;03.03.2024;3863.7013;275978;3311;1324;1244;2024-03-03 13:49:59 UTC
meta;fb_camp_002;fb_adset_003;fb_ad_003;03.03.2024;3888.6059;277757;3333;1333;1252;2024-03-04 00:13:59 UTC
meta;fb_camp_002;fb_adset_003;fb_ad_003;04.03.2024;3891.618;277972;3335;1334;1253;2024-03-04 00:34:00 UTC
meta;fb_camp_002;fb_adset_003;fb_ad_003;04.03.2024;3894.6302;278187;3338;1335;1254;2024-03-04 05:22:11 UTC
meta;fb_camp_002;fb_adset_003;fb_ad_003;04.03.2024;3897.6424;278402;3340;1336;1255;2024-03-04 10:04:23 UTC
meta;fb_camp_002;fb_adset_003;fb_ad_003;04.03.2024;3900.6545;278617;3343;1337;1256;2024-03-04 14:47:35 UTC
meta;fb_camp_002;fb_adset_003;fb_ad_003;04.03.2024;3903.6666;278832;3345;1338;1257;2024-03-04 19:30:47 UTC
meta;fb_camp_002;fb_adset_003;fb_ad_003;04.03.2024;3906.6788;279048;3348;1339;1258;2024-03-05 00:07:59 UTC
meta;fb_camp_002;fb_adset_003;fb_ad_003;05.03.2024;3923.9125;280279;3362;1344;1263;2024-03-05 01:17:00 UTC
meta;fb_camp_002;fb_adset_003;fb_ad_003;05.03.2024;3941.1462;281510;3377;1350;1269;2024-03-05 06:01:11 UTC
meta;fb_camp_002;fb_adset_003;fb_ad_003;05.03.2024;3958.3798;282741;3392;1356;1274;2024-03-05 10:35:23 UTC
meta;fb_camp_002;fb_adset_003;fb_ad_003;05.03.2024;3975.6135;283972;3407;1362;1280;2024-03-05 15:03:35 UTC
meta;fb_camp_002;fb_adset_003;fb_ad_003;05.03.2024;3992.8472;285203;3422;1368;1285;2024-03-05 19:31:47 UTC
meta;fb_camp_002;fb_adset_003;fb_ad_003;05.03.2024;4010.0809;286434;3437;1374;1291;2024-03-06 00:14:59 UTC
meta;fb_camp_002;fb_adset_003;fb_ad_003;06.03.2024;4037.5142;288393;3460;1383;1300;2024-03-06 03:23:00 UTC
meta;fb_camp_002;fb_adset_003;fb_ad_003;06.03.2024;4064.9475;290352;3483;1392;1309;2024-03-06 08:38:14 UTC
meta;fb_camp_002;fb_adset_003;fb_ad_003;06.03.2024;4092.3807;292312;3507;1402;1318;2024-03-06 13:46:29 UTC
meta;fb_camp_002;fb_adset_003;fb_ad_003;06.03.2024;4119.814;294271;3530;1411;1327;2024-03-06 18:53:44 UTC
meta;fb_camp_002;fb_adset_003;fb_ad_003;06.03.2024;4147.2473;296231;3554;1421;1336;2024-03-07 00:12:59 UTC
meta;fb_camp_002;fb_adset_003;fb_ad_003;07.03.2024;4156.1835;296869;3561;1424;1338;2024-03-07 03:32:00 UTC
meta;fb_camp_002;fb_adset_003;fb_ad_003;07.03.2024;4165.1197;297507;3569;1427;1341;2024-03-07 08:40:14 UTC
meta;fb_camp_002;fb_adset_003;fb_ad_003;07.03.2024;4174.056;298146;3576;1430;1344;2024-03-07 13:53:29 UTC
meta;fb_camp_002;fb_adset_003;fb_ad_003;07.03.2024;4182.9922;298784;3584;1433;1347;2024-03-07 18:54:44 UTC
meta;fb_camp_002;fb_adset_003;fb_ad_003;07.03.2024;4191.9284;299423;3592;1436;1350;2024-03-08 00:05:59 UTC
meta;fb_camp_002;fb_adset_003;fb_ad_003;08.03.2024;4200.112;300007;3599;1438;1352;2024-03-08 03:57:00 UTC
meta;fb_camp_002;fb_adset_003;fb_ad_003;08.03.2024;4208.2956;300592;3606;1441;1355;2024-03-08 08:00:11 UTC
meta;fb_camp_002;fb_adset_003;fb_ad_003;08.03.2024;4216.4792;301176;3613;1444;1358;2024-03-08 12:09:23 UTC
meta;fb_camp_002;fb_adset_003;fb_ad_003;08.03.2024;4224.6627;301761;3620;1447;1360;2024-03-08 16:03:35 UTC
meta;fb_camp_002;fb_adset_003;fb_ad_003;08.03.2024;4232.8463;302345;3627;1450;1363;2024-03-08 20:08:47 UTC
meta;fb_camp_002;fb_adset_003;fb_ad_003;08.03.2024;4241.0299;302930;3635;1453;1366;2024-03-09 00:09:59 UTC
meta;fb_camp_002;fb_adset_003;fb_ad_003;09.03.2024;4265.1664;304654;3655;1461;1373;2024-03-09 00:39:00 UTC
meta;fb_camp_002;fb_adset_003;fb_ad_003;09.03.2024;4289.3029;306378;3676;1469;1381;2024-03-09 08:28:39 UTC
meta;fb_camp_002;fb_adset_003;fb_ad_003;09.03.2024;4313.4394;308102;3696;1477;1389;2024-03-09 16:21:19 UTC
meta;fb_camp_002;fb_adset_003;fb_ad_003;09.03.2024;4337.5759;309826;3717;1486;1397;2024-03-10 00:01:59 UTC
meta;fb_camp_002;fb_adset_003;fb_ad_003;10.03.2024;4363.6547;311688;3739;1495;1405;2024-03-10 00:55:00 UTC
meta;fb_camp_002;fb_adset_003;fb_ad_003;10.03.2024;4389.7335;313551;3761;1504;1413;2024-03-10 06:46:29 UTC
meta;fb_camp_002;fb_adset_003;fb_ad_003;10.03.2024;4415.8122;315414;3784;1513;1422;2024-03-10 12:32:59 UTC
meta;fb_camp_002;fb_adset_003;fb_ad_003;10.03.2024;4441.891;317277;3806;1522;1430;2024-03-10 18:19:29 UTC
meta;fb_camp_002;fb_adset_003;fb_ad_003;10.03.2024;4467.9698;319140;3829;1531;1439;2024-03-11 00:09:59 UTC
meta;fb_camp_002;fb_adset_003;fb_ad_003;11.03.2024;4469.6612;319260;3830;1531;1439;2024-03-11 01:43:00 UTC
meta;fb_camp_002;fb_adset_003;fb_ad_003;11.03.2024;4471.3527;319381;3832;1532;1440;2024-03-11 06:16:11 UTC
meta;fb_camp_002;fb_adset_003;fb_ad_003;11.03.2024;4473.0442;319502;3833;1533;1440;2024-03-11 10:38:23 UTC
meta;fb_camp_002;fb_adset_003;fb_ad_003;11.03.2024;4474.7356;319623;3835;1533;1441;2024-03-11 15:11:35 UTC
meta;fb_camp_002;fb_adset_003;fb_ad_003;11.03.2024;4476.427;319744;3836;1534;1441;2024-03-11 19:38:47 UTC
meta;fb_camp_002;fb_adset_003;fb_ad_003;11.03.2024;4478.1185;319865;3838;1535;1442;2024-03-12 00:01:59 UTC
meta;fb_camp_002;fb_adset_003;fb_ad_003;12.03.2024;4482.1647;320154;3841;1536;1443;2024-03-12 02:04:00 UTC
meta;fb_camp_002;fb_adset_003;fb_ad_003;12.03.2024;4486.2109;320443;3844;1537;1444;2024-03-12 07:33:59 UTC
meta;fb_camp_002;fb_adset_003;fb_ad_003;12.03.2024;4490.2572;320732;3848;1539;1446;2024-03-12 13:02:59 UTC
meta;fb_camp_002;fb_adset_003;fb_ad_003;12.03.2024;4494.3034;321021;3851;1540;1447;2024-03-12 18:40:59 UTC
meta;fb_camp_002;fb_adset_003;fb_ad_003;12.03.2024;4498.3496;321310;3855;1542;1449;2024-03-13 00:06:59 UTC
meta;fb_camp_002;fb_adset_003;fb_ad_003;13.03.2024;4506.1482;321867;3861;1544;1451;2024-03-13 01:22:00 UTC
meta;fb_camp_002;fb_adset_003;fb_ad_003;13.03.2024;4513.9468;322424;3868;1547;1453;2024-03-13 07:04:14 UTC
meta;fb_camp_002;fb_adset_003;fb_ad_003;13.03.2024;4521.7454;322981;3875;1549;1456;2024-03-13 12:37:29 UTC
meta;fb_camp_002;fb_adset_003;fb_ad_003;13.03.2024;4529.544;323538;3882;1552;1458;2024-03-13 18:29:44 UTC
meta;fb_camp_002;fb_adset_003;fb_ad_003;13.03.2024;4537.3426;324095;3889;1555;1461;2024-03-14 00:14:59 UTC
meta;fb_camp_002;fb_adset_003;fb_ad_003;14.03.2024;4544.4376;324601;3895;1557;1463;2024-03-14 00:47:00 UTC
meta;fb_camp_002;fb_adset_003;fb_ad_003;14.03.2024;4551.5325;325108;3901;1559;1465;2024-03-14 05:25:35 UTC
meta;fb_camp_002;fb_adset_003;fb_ad_003;14.03.2024;4558.6275;325615;3907;1562;1468;2024-03-14 10:04:11 UTC
meta;fb_camp_002;fb_adset_003;fb_ad_003;14.03.2024;4565.7225;326122;3913;1564;1470;2024-03-14 14:47:47 UTC
meta;fb_camp_002;fb_adset_003;fb_ad_003;14.03.2024;4572.8174;326629;3919;1566;1472;2024-03-14 19:21:23 UTC
meta;fb_camp_002;fb_adset_003;fb_ad_003;14.03.2024;4579.9124;327136;3925;1569;1475;2024-03-15 00:13:59 UTC
meta;fb_camp_002;fb_adset_003;fb_ad_003;15.03.2024;4595.6845;328262;3938;1574;1480;2024-03-15 01:26:00 UTC
meta;fb_camp_002;fb_adset_003;fb_ad_003;15.03.2024;4611.4566;329389;3952;1580;1485;2024-03-15 05:53:11 UTC
meta;fb_camp_002;fb_adset_003;fb_ad_003;15.03.2024;4627.2287;330516;3965;1585;1490;2024-03-15 10:33:23 UTC
meta;fb_camp_002;fb_adset_003;fb_ad_003;15.03.2024;4643.0008;331642;3979;1591;1495;2024-03-15 14:57:35 UTC
meta;fb_camp_002;fb_adset_003;fb_ad_003;15.03.2024;4658.7729;332769;3992;1596;1500;2024-03-15 19:38:47 UTC
meta;fb_camp_002;fb_adset_003;fb_ad_003;15.03.2024;4674.545;333896;4006;1602;1505;2024-03-16 00:13:59 UTC
meta;fb_camp_002;fb_adset_003;fb_ad_003;16.03.2024;4696.3526;335453;4024;1609;1512;2024-03-16 02:42:00 UTC
meta;fb_camp_002;fb_adset_003;fb_ad_003;16.03.2024;4718.1602;337011;4043;1617;1519;2024-03-16 06:59:47 UTC
meta;fb_camp_002;fb_adset_003;fb_ad_003;16.03.2024;4739.9678;338569;4062;1624;1526;2024-03-16 11:07:35 UTC
meta;fb_camp_002;fb_adset_003;fb_ad_003;16.03.2024;4761.7753;340126;4080;1632;1533;2024-03-16 15:26:23 UTC
meta;fb_camp_002;fb_adset_003;fb_ad_003;16.03.2024;4783.5829;341684;4099;1639;1540;2024-03-16 19:46:11 UTC
meta;fb_camp_002;fb_adset_003;fb_ad_003;16.03.2024;4805.3905;343242;4118;1647;1548;2024-03-17 00:13:59 UTC
meta;fb_camp_002;fb_adset_003;fb_ad_003;17.03.2024;4839.745;345695;4147;1658;1559;2024-03-17 00:51:00 UTC
meta;fb_camp_002;fb_adset_003;fb_ad_003;17.03.2024;4874.0995;348149;4177;1670;1570;2024-03-17 08:42:59 UTC
meta;fb_camp_002;fb_adset_003;fb_ad_003;17.03.2024;4908.454;350603;4206;1682;1581;2024-03-17 16:18:59 UTC
meta;fb_camp_002;fb_adset_003;fb_ad_003;17.03.2024;4942.8085;353057;4236;1694;1592;2024-03-18 00:07:59 UTC
meta;fb_camp_002;fb_adset_003;fb_ad_003;18.03.2024;4944.7811;353198;4237;1694;1592;2024-03-18 03:49:00 UTC
meta;fb_camp_002;fb_adset_003;fb_ad_003;18.03.2024;4946.7537;353339;4239;1695;1593;2024-03-18 08:52:14 UTC
meta;fb_camp_002;fb_adset_003;fb_ad_003;18.03.2024;4948.7262;353480;4241;1695;1593;2024-03-18 13:53:29 UTC
meta;fb_camp_002;fb_adset_003;fb_ad_003;18.03.2024;4950.6988;353621;4243;1696;1594;2024-03-18 18:58:44 UTC
meta;fb_camp_002;fb_adset_003;fb_ad_003;18.03.2024;4952.6714;353762;4245;1697;1595;2024-03-19 00:10:59 UTC
meta;fb_camp_002;fb_adset_003;fb_ad_003;19.03.2024;4958.0934;354149;4249;1699;1596;2024-03-19 02:49:00 UTC
meta;fb_camp_002;fb_adset_003;fb_ad_003;19.03.2024;4963.5154;354536;4254;1701;1598;2024-03-19 08:11:59 UTC
meta;fb_camp_002;fb_adset_003;fb_ad_003;19.03.2024;4968.9375;354923;4258;1703;1600;2024-03-19 13:28:59 UTC
meta;fb_camp_002;fb_adset_003;fb_ad_003;19.03.2024;4974.3595;355310;4263;1705;1602;2024-03-19 18:43:59 UTC
meta;fb_camp_002;fb_adset_003;fb_ad_003;19.03.2024;4979.7815;355698;4268;1707;1604;2024-03-20 00:14:59 UTC
meta;fb_camp_002;fb_adset_003;fb_ad_003;20.03.2024;4985.3101;356093;4272;1708;1605;2024-03-20 02:15:00 UTC
meta;fb_camp_002;fb_adset_003;fb_ad_003;20.03.2024;4990.8388;356488;4277;1710;1607;2024-03-20 06:28:59 UTC
meta;fb_camp_002;fb_adset_003;fb_ad_003;20.03.2024;4996.3674;356883;4282;1712;1609;2024-03-20 11:00:59 UTC
meta;fb_camp_002;fb_adset_003;fb_ad_003;20.03.2024;5001.896;357278;4286;1714;1610;2024-03-20 15:22:59 UTC
meta;fb_camp_002;fb_adset_003;fb_ad_003;20.03.2024;5007.4247;357673;4291;1716;1612;2024-03-20 19:43:59 UTC
meta;fb_camp_002;fb_adset_003;fb_ad_003;20.03.2024;5012.9533;358068;4296;1718;1614;2024-03-21 00:13:59 UTC
meta;fb_camp_002;fb_adset_003;fb_ad_003;21.03.2024;5019.7061;358550;4301;1720;1616;2024-03-21 02:09:00 UTC
meta;fb_camp_002;fb_adset_003;fb_ad_003;21.03.2024;5026.4589;359032;4307;1722;1618;2024-03-21 09:36:59 UTC
meta;fb_camp_002;fb_adset_003;fb_ad_003;21.03.2024;5033.2117;359514;4313;1724;1620;2024-03-21 16:49:59 UTC
meta;fb_camp_002;fb_adset_003;fb_ad_003;21.03.2024;5039.9645;359997;4319;1727;1623;2024-03-22 00:00:59 UTC
meta;fb_camp_002;fb_adset_003;fb_ad_003;22.03.2024;5064.8147;361772;4340;1735;1631;2024-03-22 02:21:00 UTC
meta;fb_camp_002;fb_adset_003;fb_ad_003;22.03.2024;5089.6649;363547;4361;1744;1639;2024-03-22 13:08:29 UTC
meta;fb_camp_002;fb_adset_003;fb_ad_003;22.03.2024;5114.5151;365322;4383;1753;1647;2024-03-23 00:13:59 UTC
meta;fb_camp_002;fb_adset_003;fb_ad_003;23.03.2024;5141.5467;367252;4406;1762;1655;2024-03-23 01:39:00 UTC
meta;fb_camp_002;fb_adset_003;fb_ad_003;23.03.2024;5168.5782;369183;4429;1771;1664;2024-03-23 12:53:29 UTC
meta;fb_camp_002;fb_adset_003;fb_ad_003;23.03.2024;5195.6098;371114;4453;1781;1673;2024-03-24 00:06:59 UTC
meta;fb_camp_002;fb_adset_003;fb_ad_003;24.03.2024;5206.5813;371897;4462;1784;1676;2024-03-24 03:32:00 UTC
meta;fb_camp_002;fb_adset_003;fb_ad_003;24.03.2024;5217.5529;372681;4471;1788;1680;2024-03-24 08:40:44 UTC
meta;fb_camp_002;fb_adset_003;fb_ad_003;24.03.2024;5228.5244;373465;4481;1791;1683;2024-03-24 13:51:29 UTC
meta;fb_camp_002;fb_adset_003;fb_ad_003;24.03.2024;5239.496;374249;4490;1795;1687;2024-03-24 18:55:14 UTC
meta;fb_camp_002;fb_adset_003;fb_ad_003;24.03.2024;5250.4675;375033;4500;1799;1691;2024-03-25 00:10:59 UTC
meta;fb_camp_002;fb_adset_003;fb_ad_003;25.03.2024;5263.201;375942;4510;1803;1695;2024-03-25 03:12:00 UTC
meta;fb_camp_002;fb_adset_003;fb_ad_003;25.03.2024;5275.9345;376852;4521;1808;1699;2024-03-25 10:14:19 UTC
meta;fb_camp_002;fb_adset_003;fb_ad_003;25.03.2024;5288.668;377761;4532;1812;1703;2024-03-25 17:09:39 UTC
meta;fb_camp_002;fb_adset_003;fb_ad_003;25.03.2024;5301.4015;378671;4543;1817;1707;2024-03-26 00:13:59 UTC
meta;fb_camp_002;fb_adset_003;fb_ad_003;26.03.2024;5309.4791;379248;4550;1819;1709;2024-03-26 03:14:00 UTC
meta;fb_camp_002;fb_adset_003;fb_ad_003;26.03.2024;5317.5567;379825;4557;1822;1712;2024-03-26 08:35:44 UTC
meta;fb_camp_002;fb_adset_003;fb_ad_003;26.03.2024;5325.6343;380402;4564;1825;1714;2024-03-26 13:45:29 UTC
meta;fb_camp_002;fb_adset_003;fb_ad_003;26.03.2024;5333.7119;380979;4571;1828;1717;2024-03-26 18:50:14 UTC
meta;fb_camp_002;fb_adset_003;fb_ad_003;26.03.2024;5341.7895;381556;4578;1831;1720;2024-03-27 00:02:59 UTC
meta;fb_camp_002;fb_adset_003;fb_ad_003;27.03.2024;5356.5755;382612;4590;1836;1725;2024-03-27 00:42:00 UTC
meta;fb_camp_002;fb_adset_003;fb_ad_003;27.03.2024;5371.3616;383668;4603;1841;1730;2024-03-27 12:23:29 UTC
meta;fb_camp_002;fb_adset_003;fb_ad_003;27.03.2024;5386.1476;384724;4616;1846;1735;2024-03-28 00:11:59 UTC
meta;fb_camp_002;fb_adset_003;fb_ad_003;28.03.2024;5411.8008;386556;4638;1854;1743;2024-03-28 03:10:00 UTC
meta;fb_camp_002;fb_adset_003;fb_ad_003;28.03.2024;5437.4539;388388;4660;1863;1751;2024-03-28 07:21:23 UTC
meta;fb_camp_002;fb_adset_003;fb_ad_003;28.03.2024;5463.1071;390221;4682;1872;1759;2024-03-28 11:39:47 UTC
meta;fb_camp_002;fb_adset_003;fb_ad_003;28.03.2024;5488.7602;392053;4704;1881;1767;2024-03-28 15:52:11 UTC
meta;fb_camp_002;fb_adset_003;fb_ad_003;28.03.2024;5514.4134;393885;4726;1890;1775;2024-03-28 19:56:35 UTC
meta;fb_camp_002;fb_adset_003;fb_ad_003;28.03.2024;5540.0665;395718;4748;1899;1784;2024-03-29 00:13:59 UTC
meta;fb_camp_002;fb_adset_003;fb_ad_003;29.03.2024;5555.0124;396785;4760;1904;1788;2024-03-29 03:42:00 UTC
meta;fb_camp_002;fb_adset_003;fb_ad_003;29.03.2024;5569.9582;397853;4773;1909;1793;2024-03-29 07:51:11 UTC
meta;fb_camp_002;fb_adset_003;fb_ad_003;29.03.2024;5584.9041;398921;4786;1914;1798;2024-03-29 11:56:23 UTC
meta;fb_camp_002;fb_adset_003;fb_ad_003;29.03.2024;5599.85;399988;4799;1919;1803;2024-03-29 15:58:35 UTC
meta;fb_camp_002;fb_adset_003;fb_ad_003;29.03.2024;5614.7958;401056;4812;1924;1808;2024-03-29 20:04:47 UTC
meta;fb_camp_002;fb_adset_003;fb_ad_003;29.03.2024;5629.7417;402124;4825;1929;1813;2024-03-30 00:13:59 UTC
meta;fb_camp_002;fb_adset_003;fb_ad_003;30.03.2024;5636.6838;402619;4831;1931;1815;2024-03-30 03:26:00 UTC
meta;fb_camp_002;fb_adset_003;fb_ad_003;30.03.2024;5643.6259;403115;4837;1934;1817;2024-03-30 07:32:35 UTC
meta;fb_camp_002;fb_adset_003;fb_ad_003;30.03.2024;5650.568;403611;4843;1936;1820;2024-03-30 11:44:11 UTC
meta;fb_camp_002;fb_adset_003;fb_ad_003;30.03.2024;5657.5102;404107;4849;1939;1822;2024-03-30 15:54:47 UTC
meta;fb_camp_002;fb_adset_003;fb_ad_003;30.03.2024;5664.4523;404603;4855;1941;1824;2024-03-30 19:53:23 UTC
meta;fb_camp_002;fb_adset_003;fb_ad_003;30.03.2024;5671.3944;405099;4861;1944;1827;2024-03-31 00:09:59 UTC
meta;fb_camp_002;fb_adset_003;fb_ad_003;31.03.2024;5679.7566;405696;4868;1946;1829;2024-03-31 01:54:00 UTC
meta;fb_camp_002;fb_adset_003;fb_ad_003;31.03.2024;5688.1188;406293;4875;1949;1832;2024-03-31 06:16:59 UTC
meta;fb_camp_002;fb_adset_003;fb_ad_003;31.03.2024;5696.481;406891;4882;1952;1835;2024-03-31 10:45:59 UTC
meta;fb_camp_002;fb_adset_003;fb_ad_003;31.03.2024;5704.8433;407488;4889;1955;1837;2024-03-31 15:20:59 UTC
meta;fb_camp_002;fb_adset_003;fb_ad_003;31.03.2024;5713.2055;408085;4896;1958;1840;2024-03-31 19:41:59 UTC
meta;fb_camp_002;fb_adset_003;fb_ad_003;31.03.2024;5721.5677;408683;4904;1961;1843;2024-04-01 00:09:59 UTC
meta;fb_camp_002;fb_adset_003;fb_ad_003;01.04.2024;5736.7254;409765;4917;1966;1847;2024-04-01 00:12:00 UTC
meta;fb_camp_002;fb_adset_003;fb_ad_003;01.04.2024;5751.8831;410848;4930;1971;1852;2024-04-01 06:09:29 UTC
meta;fb_camp_002;fb_adset_003;fb_ad_003;01.04.2024;5767.0409;411930;4943;1976;1857;2024-04-01 12:12:59 UTC
meta;fb_camp_002;fb_adset_003;fb_ad_003;01.04.2024;5782.1986;413013;4956;1981;1862;2024-04-01 18:06:29 UTC
meta;fb_camp_002;fb_adset_003;fb_ad_003;01.04.2024;5797.3563;414096;4969;1987;1867;2024-04-02 00:01:59 UTC
meta;fb_camp_002;fb_adset_003;fb_ad_003;02.04.2024;5800.3675;414311;4971;1988;1868;2024-04-02 00:21:00 UTC
meta;fb_camp_002;fb_adset_003;fb_ad_003;02.04.2024;5803.3787;414526;4974;1989;1869;2024-04-02 05:07:11 UTC
meta;fb_camp_002;fb_adset_003;fb_ad_003;02.04.2024;5806.3898;414741;4976;1990;1870;2024-04-02 09:50:23 UTC
meta;fb_camp_002;fb_adset_003;fb_ad_003;02.04.2024;5809.401;414956;4979;1991;1871;2024-04-02 14:41:35 UTC
meta;fb_camp_002;fb_adset_003;fb_ad_003;02.04.2024;5812.4122;415171;4981;1992;1872;2024-04-02 19:26:47 UTC
meta;fb_camp_002;fb_adset_003;fb_ad_003;02.04.2024;5815.4234;415387;4984;1993;1873;2024-04-03 00:12:59 UTC
meta;fb_camp_002;fb_adset_003;fb_ad_003;03.04.2024;5827.5945;416256;4994;1997;1877;2024-04-03 03:35:00 UTC
meta;fb_camp_002;fb_adset_003;fb_ad_003;03.04.2024;5839.7655;417125;5004;2001;1881;2024-04-03 08:48:44 UTC
meta;fb_camp_002;fb_adset_003;fb_ad_003;03.04.2024;5851.9366;417995;5015;2005;1885;2024-04-03 14:01:29 UTC
meta;fb_camp_002;fb_adset_003;fb_ad_003;03.04.2024;5864.1076;418864;5025;2009;1889;2024-04-03 19:03:14 UTC
meta;fb_camp_002;fb_adset_003;fb_ad_003;03.04.2024;5876.2787;419734;5036;2014;1893;2024-04-04 00:01:59 UTC
meta;fb_camp_002;fb_adset_003;fb_ad_003;04.04.2024;5897.8417;421274;5054;2021;1899;2024-04-04 03:52:00 UTC
meta;fb_camp_002;fb_adset_003;fb_ad_003;04.04.2024;5919.4048;422814;5073;2028;1906;2024-04-04 10:37:39 UTC
meta;fb_camp_002;fb_adset_003;fb_ad_003;04.04.2024;5940.9678;424354;5091;2035;1913;2024-04-04 17:24:19 UTC
meta;fb_camp_002;fb_adset_003;fb_ad_003;04.04.2024;5962.5309;425894;5110;2043;1920;2024-04-05 00:01:59 UTC
meta;fb_camp_002;fb_adset_003;fb_ad_003;05.04.2024;5978.2547;427017;5123;2048;1925;2024-04-05 01:03:00 UTC
meta;fb_camp_002;fb_adset_003;fb_ad_003;05.04.2024;5993.9784;428140;5136;2053;1930;2024-04-05 06:51:44 UTC
meta;fb_camp_002;fb_adset_003;fb_ad_003;05.04.2024;6009.7022;429263;5150;2059;1935;2024-04-05 12:41:29 UTC
meta;fb_camp_002;fb_adset_003;fb_ad_003;05.04.2024;6025.4259;430386;5163;2064;1940;2024-04-05 18:15:14 UTC
meta;fb_camp_002;fb_adset_003;fb_ad_003;05.04.2024;6041.1497;431510;5177;2070;1946;2024-04-06 00:07:59 UTC
meta;fb_camp_002;fb_adset_003;fb_ad_003;06.04.2024;6045.7485;431838;5181;2071;1947;2024-04-06 03:48:00 UTC
meta;fb_camp_002;fb_adset_003;fb_ad_003;06.04.2024;6050.3472;432167;5185;2073;1949;2024-04-06 07:46:47 UTC
meta;fb_camp_002;fb_adset_003;fb_ad_003;06.04.2024;6054.946;432495;5189;2075;1950;2024-04-06 11:52:35 UTC
meta;fb_camp_002;fb_adset_003;fb_ad_003;06.04.2024;6059.5448;432824;5193;2076;1952;2024-04-06 15:56:23 UTC
meta;fb_camp_002;fb_adset_003;fb_ad_003;06.04.2024;6064.1435;433152;5197;2078;1953;2024-04-06 20:08:11 UTC
meta;fb_camp_002;fb_adset_003;fb_ad_003;06.04.2024;6068.7423;433481;5201;2080;1955;2024-04-07 00:04:59 UTC
meta;fb_camp_002;fb_adset_003;fb_ad_003;07.04.2024;6075.2059;433942;5206;2082;1957;2024-04-07 01:14:00 UTC
meta;fb_camp_002;fb_adset_003;fb_ad_003;07.04.2024;6081.6696;434404;5212;2084;1959;2024-04-07 07:01:29 UTC
meta;fb_camp_002;fb_adset_003;fb_ad_003;07.04.2024;6088.1332;434865;5217;2086;1961;2024-04-07 12:40:59 UTC
meta;fb_camp_002;fb_adset_003;fb_ad_003;07.04.2024;6094.5969;435327;5223;2088;1963;2024-04-07 18:27:29 UTC
meta;fb_camp_002;fb_adset_003;fb_ad_003;07.04.2024;6101.0605;435789;5229;2091;1965;2024-04-08 00:04:59 UTC
meta;fb_camp_002;fb_adset_003;fb_ad_003;08.04.2024;6102.3366;435880;5230;2091;1965;2024-04-08 00:48:00 UTC
meta;fb_camp_002;fb_adset_003;fb_ad_003;08.04.2024;6103.6127;435971;5231;2091;1965;2024-04-08 06:39:59 UTC
meta;fb_camp_002;fb_adset_003;fb_ad_003;08.04.2024;6104.8889;436062;5232;2092;1966;2024-04-08 12:22:59 UTC
meta;fb_camp_002;fb_adset_003;fb_ad_003;08.04.2024;6106.165;436153;5233;2092;1966;2024-04-08 18:19:59 UTC
meta;fb_camp_002;fb_adset_003;fb_ad_003;08.04.2024;6107.4411;436245;5234;2093;1967;2024-04-09 00:00:59 UTC
meta;fb_camp_002;fb_adset_003;fb_ad_003;09.04.2024;6125.9828;437569;5250;2099;1973;2024-04-09 00:26:00 UTC
meta;fb_camp_002;fb_adset_003;fb_ad_003;09.04.2024;6144.5245;438893;5266;2105;1979;2024-04-09 06:15:29 UTC
meta;fb_camp_002;fb_adset_003;fb_ad_003;09.04.2024;6163.0662;440218;5282;2112;1985;2024-04-09 12:11:59 UTC
meta;fb_camp_002;fb_adset_003;fb_ad_003;09.04.2024;6181.6079;441542;5298;2118;1991;2024-04-09 18:13:29 UTC
meta;fb_camp_002;fb_adset_003;fb_ad_003;09.04.2024;6200.1496;442867;5314;2125;1997;2024-04-10 00:01:59 UTC
meta;fb_camp_002;fb_adset_003;fb_ad_003;10.04.2024;6239.6753;445690;5347;2138;2009;2024-04-10 02:18:00 UTC
meta;fb_camp_002;fb_adset_003;fb_ad_003;10.04.2024;6279.201;448513;5381;2152;2022;2024-04-10 07:40:59 UTC
meta;fb_camp_002;fb_adset_003;fb_ad_003;10.04.2024;6318.7268;451337;5415;2165;2035;2024-04-10 13:08:59 UTC
meta;fb_camp_002;fb_adset_003;fb_ad_003;10.04.2024;6358.2525;454160;5449;2179;2048;2024-04-10 18:45:59 UTC
meta;fb_camp_002;fb_adset_003;fb_ad_003;10.04.2024;6397.7782;456984;5483;2193;2061;2024-04-11 00:04:59 UTC
meta;fb_camp_002;fb_adset_003;fb_ad_003;11.04.2024;6405.8482;457560;5490;2195;2063;2024-04-11 00:41:00 UTC
meta;fb_camp_002;fb_adset_003;fb_ad_003;11.04.2024;6413.9183;458136;5497;2198;2065;2024-04-11 12:33:59 UTC
meta;fb_camp_002;fb_adset_003;fb_ad_003;11.04.2024;6421.9883;458713;5504;2201;2068;2024-04-12 00:09:59 UTC
meta;fb_camp_002;fb_adset_003;fb_ad_003;12.04.2024;6450.894;460777;5528;2211;2077;2024-04-12 03:36:00 UTC
meta;fb_camp_002;fb_adset_003;fb_ad_003;12.04.2024;6479.7998;462842;5553;2221;2087;2024-04-12 10:18:19 UTC
meta;fb_camp_002;fb_adset_003;fb_ad_003;12.04.2024;6508.7055;464907;5578;2231;2096;2024-04-12 17:12:39 UTC
meta;fb_camp_002;fb_adset_003;fb_ad_003;12.04.2024;6537.6112;466972;5603;2241;2106;2024-04-13 00:12:59 UTC
meta;fb_camp_002;fb_adset_003;fb_ad_003;13.04.2024;6584.1896;470299;5643;2256;2121;2024-04-13 03:24:00 UTC
meta;fb_camp_002;fb_adset_003;fb_ad_003;13.04.2024;6630.768;473626;5683;2272;2136;2024-04-13 10:16:19 UTC
meta;fb_camp_002;fb_adset_003;fb_ad_003;13.04.2024;6677.3464;476953;5723;2288;2151;2024-04-13 17:17:39 UTC
meta;fb_camp_002;fb_adset_003;fb_ad_003;13.04.2024;6723.9248;480280;5763;2304;2166;2024-04-14 00:00:59 UTC
meta;fb_camp_002;fb_adset_003;fb_ad_003;14.04.2024;6731.3609;480811;5769;2306;2168;2024-04-14 00:19:00 UTC
meta;fb_camp_002;fb_adset_003;fb_ad_003;14.04.2024;6738.797;481342;5775;2309;2170;2024-04-14 06:21:44 UTC
meta;fb_camp_002;fb_adset_003;fb_ad_003;14.04.2024;6746.2331;481873;5782;2311;2173;2024-04-14 12:18:29 UTC
meta;fb_camp_002;fb_adset_003;fb_ad_003;14.04.2024;6753.6692;482404;5788;2314;2175;2024-04-14 18:05:14 UTC
meta;fb_camp_002;fb_adset_003;fb_ad_003;14.04.2024;6761.1053;482936;5795;2317;2178;2024-04-15 00:13:59 UTC
meta;fb_camp_002;fb_adset_003;fb_ad_003;15.04.2024;6769.4765;483533;5802;2319;2180;2024-04-15 03:56:00 UTC
meta;fb_camp_002;fb_adset_003;fb_ad_003;15.04.2024;6777.8478;484131;5809;2322;2183;2024-04-15 07:55:11 UTC
meta;fb_camp_002;fb_adset_003;fb_ad_003;15.04.2024;6786.219;484729;5816;2325;2186;2024-04-15 12:04:23 UTC
meta;fb_camp_002;fb_adset_003;fb_ad_003;15.04.2024;6794.5902;485327;5823;2328;2188;2024-04-15 16:03:35 UTC
meta;fb_camp_002;fb_adset_003;fb_ad_003;15.04.2024;6802.9615;485925;5830;2331;2191;2024-04-15 20:09:47 UTC
meta;fb_camp_002;fb_adset_003;fb_ad_003;15.04.2024;6811.3327;486523;5838;2334;2194;2024-04-16 00:10:59 UTC
meta;fb_camp_002;fb_adset_003;fb_ad_003;16.04.2024;6827.8408;487702;5852;2339;2199;2024-04-16 01:48:00 UTC
meta;fb_camp_002;fb_adset_003;fb_ad_003;16.04.2024;6844.349;488881;5866;2345;2204;2024-04-16 09:17:59 UTC
meta;fb_camp_002;fb_adset_003;fb_ad_003;16.04.2024;6860.8571;490060;5880;2351;2209;2024-04-16 16:37:59 UTC
meta;fb_camp_002;fb_adset_003;fb_ad_003;16.04.2024;6877.3652;491240;5894;2357;2215;2024-04-17 00:00:59 UTC
meta;fb_camp_002;fb_adset_003;fb_ad_003;17.04.2024;6892.7341;492337;5907;2362;2220;2024-04-17 00:06:00 UTC
meta;fb_camp_002;fb_adset_003;fb_ad_003;17.04.2024;6908.1031;493435;5920;2367;2225;2024-04-17 06:10:14 UTC
meta;fb_camp_002;fb_adset_003;fb_ad_003;17.04.2024;6923.472;494533;5933;2372;2230;2024-04-17 12:08:29 UTC
meta;fb_camp_002;fb_adset_003;fb_ad_003;17.04.2024;6938.841;495631;5946;2377;2235;2024-04-17 18:08:44 UTC
meta;fb_camp_002;fb_adset_003;fb_ad_003;17.04.2024;6954.2099;496729;5960;2383;2240;2024-04-18 00:04:59 UTC
meta;fb_camp_002;fb_adset_003;fb_ad_003;18.04.2024;6965.6556;497546;5969;2387;2243;2024-04-18 01:35:00 UTC
meta;fb_camp_002;fb_adset_003;fb_ad_003;18.04.2024;6977.1012;498364;5979;2391;2247;2024-04-18 06:07:11 UTC
meta;fb_camp_002;fb_adset_003;fb_ad_003;18.04.2024;6988.5469;499181;5989;2395;2251;2024-04-18 10:33:23 UTC
meta;fb_camp_002;fb_adset_003;fb_ad_003;18.04.2024;6999.9926;499999;5999;2399;2254;2024-04-18 15:05:35 UTC
meta;fb_camp_002;fb_adset_003;fb_ad_003;18.04.2024;7011.4382;500816;6009;2403;2258;2024-04-18 19:33:47 UTC
meta;fb_camp_002;fb_adset_003;fb_ad_003;18.04.2024;7022.8839;501634;6019;2407;2262;2024-04-19 00:02:59 UTC
meta;fb_camp_002;fb_adset_003;fb_ad_003;19.04.2024;7029.4912;502106;6024;2409;2264;2024-04-19 00:33:00 UTC
meta;fb_camp_002;fb_adset_003;fb_ad_003;19.04.2024;7036.0986;502578;6030;2411;2266;2024-04-19 05:15:23 UTC
meta;fb_camp_002;fb_adset_003;fb_ad_003;19.04.2024;7042.706;503050;6036;2414;2268;2024-04-19 09:54:47 UTC
meta;fb_camp_002;fb_adset_003;fb_ad_003;19.04.2024;7049.3133;503522;6041;2416;2270;2024-04-19 14:38:11 UTC
meta;fb_camp_002;fb_adset_003;fb_ad_003;19.04.2024;7055.9206;503994;6047;2418;2272;2024-04-19 19:26:35 UTC
meta;fb_camp_002;fb_adset_003;fb_ad_003;19.04.2024;7062.528;504466;6053;2421;2275;2024-04-20 00:05:59 UTC
meta;fb_camp_002;fb_adset_003;fb_ad_003;20.04.2024;7090.9648;506497;6077;2430;2284;2024-04-20 01:07:00 UTC
meta;fb_camp_002;fb_adset_003;fb_ad_003;20.04.2024;7119.4016;508528;6101;2440;2293;2024-04-20 12:39:59 UTC
meta;fb_camp_002;fb_adset_003;fb_ad_003;20.04.2024;7147.8384;510559;6126;2450;2302;2024-04-21 00:05:59 UTC
meta;fb_camp_002;fb_adset_003;fb_ad_003;21.04.2024;7154.572;511040;6131;2452;2304;2024-04-21 02:26:00 UTC
meta;fb_camp_002;fb_adset_003;fb_ad_003;21.04.2024;7161.3057;511521;6137;2454;2306;2024-04-21 06:45:47 UTC
meta;fb_camp_002;fb_adset_003;fb_ad_003;21.04.2024;7168.0393;512002;6143;2457;2308;2024-04-21 11:13:35 UTC
meta;fb_camp_002;fb_adset_003;fb_ad_003;21.04.2024;7174.7729;512483;6149;2459;2310;2024-04-21 15:22:23 UTC
meta;fb_camp_002;fb_adset_003;fb_ad_003;21.04.2024;7181.5066;512964;6155;2461;2312;2024-04-21 19:45:11 UTC
meta;fb_camp_002;fb_adset_003;fb_ad_003;21.04.2024;7188.2402;513445;6161;2464;2315;2024-04-22 00:10:59 UTC
meta;fb_camp_002;fb_adset_003;fb_ad_003;22.04.2024;7200.2624;514303;6171;2468;2319;2024-04-22 04:00:00 UTC
meta;fb_camp_002;fb_adset_003;fb_ad_003;22.04.2024;7212.2845;515162;6181;2472;2323;2024-04-22 08:03:11 UTC
meta;fb_camp_002;fb_adset_003;fb_ad_003;22.04.2024;7224.3067;516021;6192;2476;2327;2024-04-22 11:57:23 UTC
meta;fb_camp_002;fb_adset_003;fb_ad_003;22.04.2024;7236.3289;516880;6202;2480;2331;2024-04-22 16:07:35 UTC
meta;fb_camp_002;fb_adset_003;fb_ad_003;22.04.2024;7248.351;517739;6212;2484;2335;2024-04-22 20:08:47 UTC
meta;fb_camp_002;fb_adset_003;fb_ad_003;22.04.2024;7260.3732;518598;6223;2488;2339;2024-04-23 00:09:59 UTC
meta;fb_camp_002;fb_adset_003;fb_ad_003;23.04.2024;7273.7126;519550;6234;2492;2343;2024-04-23 02:55:00 UTC
meta;fb_camp_002;fb_adset_003;fb_ad_003;23.04.2024;7287.052;520503;6245;2497;2347;2024-04-23 09:51:39 UTC
meta;fb_camp_002;fb_adset_003;fb_ad_003;23.04.2024;7300.3915;521456;6256;2502;2351;2024-04-23 17:00:19 UTC
meta;fb_camp_002;fb_adset_003;fb_ad_003;23.04.2024;7313.7309;522409;6268;2507;2356;2024-04-24 00:08:59 UTC
meta;fb_camp_002;fb_adset_003;fb_ad_003;24.04.2024;7316.6312;522616;6270;2508;2356;2024-04-24 00:55:00 UTC
meta;fb_camp_002;fb_adset_003;fb_ad_003;24.04.2024;7319.5316;522823;6273;2509;2357;2024-04-24 12:27:29 UTC
meta;fb_camp_002;fb_adset_003;fb_ad_003;24.04.2024;7322.4319;523030;6276;2510;2358;2024-04-25 00:06:59 UTC
meta;fb_camp_002;fb_adset_003;fb_ad_003;25.04.2024;7364.8369;526059;6312;2524;2371;2024-04-25 00:51:00 UTC
meta;fb_camp_002;fb_adset_003;fb_ad_003;25.04.2024;7407.242;529088;6348;2538;2385;2024-04-25 12:27:29 UTC
meta;fb_camp_002;fb_adset_003;fb_ad_003;25.04.2024;7449.647;532117;6385;2553;2399;2024-04-26 00:03:59 UTC
meta;fb_camp_002;fb_adset_003;fb_ad_003;26.04.2024;7456.262;532589;6390;2555;2401;2024-04-26 02:13:00 UTC
meta;fb_camp_002;fb_adset_003;fb_ad_003;26.04.2024;7462.877;533062;6396;2557;2403;2024-04-26 07:39:59 UTC
meta;fb_camp_002;fb_adset_003;fb_ad_003;26.04.2024;7469.4919;533534;6401;2560;2405;2024-04-26 13:15:59 UTC
meta;fb_camp_002;fb_adset_003;fb_ad_003;26.04.2024;7476.1069;534007;6407;2562;2407;2024-04-26 18:34:59 UTC
meta;fb_camp_002;fb_adset_003;fb_ad_003;26.04.2024;7482.7219;534480;6413;2565;2410;2024-04-27 00:00:59 UTC
meta;fb_camp_002;fb_adset_003;fb_ad_003;27.04.2024;7516.6625;536904;6442;2576;2421;2024-04-27 00:47:00 UTC
meta;fb_camp_002;fb_adset_003;fb_ad_003;27.04.2024;7550.6031;539328;6471;2588;2432;2024-04-27 08:31:59 UTC
meta;fb_camp_002;fb_adset_003;fb_ad_003;27.04.2024;7584.5437;541752;6500;2599;2443;2024-04-27 16:28:59 UTC
meta;fb_camp_002;fb_adset_003;fb_ad_003;27.04.2024;7618.4843;544177;6529;2611;2454;2024-04-28 00:09:59 UTC
meta;fb_camp_002;fb_adset_003;fb_ad_003;28.04.2024;7646.6142;546186;6553;2620;2463;2024-04-28 03:55:00 UTC
meta;fb_camp_002;fb_adset_003;fb_ad_003;28.04.2024;7674.7442;548195;6577;2630;2472;2024-04-28 10:42:59 UTC
meta;fb_camp_002;fb_adset_003;fb_ad_003;28.04.2024;7702.8741;550204;6601;2640;2481;2024-04-28 17:24:59 UTC
meta;fb_camp_002;fb_adset_003;fb_ad_003;28.04.2024;7731.004;552214;6626;2650;2490;2024-04-29 00:09:59 UTC
meta;fb_camp_002;fb_adset_003;fb_ad_003;29.04.2024;7747.1488;553367;6639;2655;2495;2024-04-29 00:47:00 UTC
meta;fb_camp_002;fb_adset_003;fb_ad_003;29.04.2024;7763.2936;554520;6653;2661;2500;2024-04-29 08:34:19 UTC
meta;fb_camp_002;fb_adset_003;fb_ad_003;29.04.2024;7779.4383;555673;6667;2666;2505;2024-04-29 16:19:39 UTC
meta;fb_camp_002;fb_adset_003;fb_ad_003;29.04.2024;7795.5831;556827;6681;2672;2511;2024-04-30 00:07:59 UTC
meta;fb_camp_002;fb_adset_003;fb_ad_003;30.04.2024;7822.1556;558725;6704;2681;2519;2024-04-30 04:04:00 UTC
meta;fb_camp_002;fb_adset_003;fb_ad_003;30.04.2024;7848.728;560623;6727;2690;2528;2024-04-30 14:12:29 UTC
meta;fb_camp_002;fb_adset_003;fb_ad_003;30.04.2024;7875.3005;562521;6750;2699;2537;2024-05-01 00:06:59 UTC
meta;fb_camp_002;fb_adset_003;fb_ad_003;01.05.2024;7892.6333;563759;6764;2705;2542;2024-05-01 02:23:00 UTC
meta;fb_camp_002;fb_adset_003;fb_ad_003;01.05.2024;7909.966;564997;6779;2711;2548;2024-05-01 07:39:29 UTC
meta;fb_camp_002;fb_adset_003;fb_ad_003;01.05.2024;7927.2988;566235;6794;2717;2553;2024-05-01 13:09:59 UTC
meta;fb_camp_002;fb_adset_003;fb_ad_003;01.05.2024;7944.6315;567473;6809;2723;2559;2024-05-01 18:45:29 UTC
meta;fb_camp_002;fb_adset_003;fb_ad_003;01.05.2024;7961.9643;568711;6824;2729;2565;2024-05-02 00:00:59 UTC
meta;fb_camp_002;fb_adset_003;fb_ad_003;02.05.2024;7969.7409;569266;6830;2731;2567;2024-05-02 03:22:00 UTC
meta;fb_camp_002;fb_adset_003;fb_ad_003;02.05.2024;7977.5175;569822;6837;2734;2570;2024-05-02 07:33:47 UTC
meta;fb_camp_002;fb_adset_003;fb_ad_003;02.05.2024;7985.2942;570377;6844;2737;2572;2024-05-02 11:50:35 UTC
meta;fb_camp_002;fb_adset_003;fb_ad_003;02.05.2024;7993.0708;570933;6850;2739;2575;2024-05-02 15:49:23 UTC
meta;fb_camp_002;fb_adset_003;fb_ad_003;02.05.2024;8000.8474;571488;6857;2742;2577;2024-05-02 19:55:11 UTC
meta;fb_camp_002;fb_adset_003;fb_ad_003;02.05.2024;8008.624;572044;6864;2745;2580;2024-05-03 00:07:59 UTC
meta;fb_camp_002;fb_adset_003;fb_ad_003;03.05.2024;8024.7694;573197;6877;2750;2585;2024-05-03 04:03:00 UTC
meta;fb_camp_002;fb_adset_003;fb_ad_003;03.05.2024;8040.9147;574350;6891;2755;2590;2024-05-03 14:09:29 UTC
meta;fb_camp_002;fb_adset_003;fb_ad_003;03.05.2024;8057.0601;575504;6905;2761;2595;2024-05-04 00:06:59 UTC
meta;fb_camp_002;fb_adset_003;fb_ad_003;04.05.2024;8077.9914;576999;6923;2768;2601;2024-05-04 03:09:00 UTC
meta;fb_camp_002;fb_adset_003;fb_ad_003;04.05.2024;8098.9226;578494;6941;2775;2608;2024-05-04 10:12:59 UTC
meta;fb_camp_002;fb_adset_003;fb_ad_003;04.05.2024;8119.8538;579989;6959;2782;2615;2024-05-04 17:14:59 UTC
meta;fb_camp_002;fb_adset_003;fb_ad_003;04.05.2024;8140.7851;581484;6977;2790;2622;2024-05-05 00:06:59 UTC
meta;fb_camp_002;fb_adset_003;fb_ad_003;05.05.2024;8154.2347;582444;6988;2794;2626;2024-05-05 01:06:00 UTC
meta;fb_camp_002;fb_adset_003;fb_ad_003;05.05.2024;8167.6843;583405;7000;2799;2630;2024-05-05 08:50:39 UTC
meta;fb_camp_002;fb_adset_003;fb_ad_003;05.05.2024;8181.1339;584366;7011;2804;2634;2024-05-05 16:24:19 UTC
meta;fb_camp_002;fb_adset_003;fb_ad_003;05.05.2024;8194.5835;585327;7023;2809;2639;2024-05-06 00:01:59 UTC
meta;fb_camp_002;fb_adset_003;fb_ad_003;06.05.2024;8207.8339;586273;7034;2813;2643;2024-05-06 00:14:00 UTC
meta;fb_camp_002;fb_adset_003;fb_ad_003;06.05.2024;8221.0843;587219;7045;2817;2647;2024-05-06 12:13:59 UTC
meta;fb_camp_002;fb_adset_003;fb_ad_003;06.05.2024;8234.3347;588166;7057;2822;2652;2024-05-07 00:04:59 UTC
meta;fb_camp_002;fb_adset_003;fb_ad_003;07.05.2024;8239.0004;588499;7061;2823;2653;2024-05-07 01:05:00 UTC
meta;fb_camp_002;fb_adset_003;fb_ad_003;07.05.2024;8243.6662;588832;7065;2825;2655;2024-05-07 05:36:35 UTC
meta;fb_camp_002;fb_adset_003;fb_ad_003;07.05.2024;8248.3319;589166;7069;2827;2656;2024-05-07 10:21:11 UTC
meta;fb_camp_002;fb_adset_003;fb_ad_003;07.05.2024;8252.9976;589499;7073;2828;2658;2024-05-07 14:57:47 UTC
meta;fb_camp_002;fb_adset_003;fb_ad_003;07.05.2024;8257.6634;589832;7077;2830;2659;2024-05-07 19:24:23 UTC
meta;fb_camp_002;fb_adset_003;fb_ad_003;07.05.2024;8262.3291;590166;7081;2832;2661;2024-05-08 00:14:59 UTC
meta;fb_camp_002;fb_adset_003;fb_ad_003;08.05.2024;8286.8854;591920;7102;2840;2669;2024-05-08 03:20:00 UTC
meta;fb_camp_002;fb_adset_003;fb_ad_003;08.05.2024;8311.4416;593674;7123;2848;2677;2024-05-08 13:50:29 UTC
meta;fb_camp_002;fb_adset_003;fb_ad_003;08.05.2024;8335.9979;595428;7144;2857;2685;2024-05-09 00:05:59 UTC
meta;fb_camp_002;fb_adset_003;fb_ad_003;09.05.2024;8341.3552;595810;7148;2858;2686;2024-05-09 00:44:00 UTC
meta;fb_camp_002;fb_adset_003;fb_ad_003;09.05.2024;8346.7124;596193;7153;2860;2688;2024-05-09 05:26:35 UTC
meta;fb_camp_002;fb_adset_003;fb_ad_003;09.05.2024;8352.0697;596576;7158;2862;2690;2024-05-09 10:03:11 UTC
meta;fb_camp_002;fb_adset_003;fb_ad_003;09.05.2024;8357.427;596958;7162;2864;2691;2024-05-09 14:44:47 UTC
meta;fb_camp_002;fb_adset_003;fb_ad_003;09.05.2024;8362.7842;597341;7167;2866;2693;2024-05-09 19:25:23 UTC
meta;fb_camp_002;fb_adset_003;fb_ad_003;09.05.2024;8368.1415;597724;7172;2868;2695;2024-05-10 00:06:59 UTC
meta;fb_camp_002;fb_adset_003;fb_ad_003;10.05.2024;8401.3986;600099;7200;2879;2706;2024-05-10 01:07:00 UTC
meta;fb_camp_002;fb_adset_003;fb_ad_003;10.05.2024;8434.6556;602474;7229;2890;2717;2024-05-10 12:41:59 UTC
meta;fb_camp_002;fb_adset_003;fb_ad_003;10.05.2024;8467.9127;604850;7258;2902;2728;2024-05-11 00:13:59 UTC
meta;fb_camp_002;fb_adset_003;fb_ad_003;11.05.2024;8485.5155;606107;7273;2908;2733;2024-05-11 00:45:00 UTC
meta;fb_camp_002;fb_adset_003;fb_ad_003;11.05.2024;8503.1183;607364;7288;2914;2739;2024-05-11 05:31:47 UTC
meta;fb_camp_002;fb_adset_003;fb_ad_003;11.05.2024;8520.721;608622;7303;2920;2745;2024-05-11 10:03:35 UTC
meta;fb_camp_002;fb_adset_003;fb_ad_003;11.05.2024;8538.3238;609879;7318;2926;2750;2024-05-11 14:44:23 UTC
meta;fb_camp_002;fb_adset_003;fb_ad_003;11.05.2024;8555.9266;611136;7333;2932;2756;2024-05-11 19:30:11 UTC
meta;fb_camp_002;fb_adset_003;fb_ad_003;11.05.2024;8573.5294;612394;7348;2939;2762;2024-05-12 00:04:59 UTC
meta;fb_camp_002;fb_adset_003;fb_ad_003;12.05.2024;8586.7429;613337;7359;2943;2766;2024-05-12 00:51:00 UTC
meta;fb_camp_002;fb_adset_003;fb_ad_003;12.05.2024;8599.9563;614281;7370;2948;2770;2024-05-12 05:21:59 UTC
meta;fb_camp_002;fb_adset_003;fb_ad_003;12.05.2024;8613.1698;615225;7382;2952;2774;2024-05-12 10:05:59 UTC
meta;fb_camp_002;fb_adset_003;fb_ad_003;12.05.2024;8626.3833;616169;7393;2957;2778;2024-05-12 14:48:59 UTC
meta;fb_camp_002;fb_adset_003;fb_ad_003;12.05.2024;8639.5967;617113;7404;2961;2782;2024-05-12 19:33:59 UTC
meta;fb_camp_002;fb_adset_003;fb_ad_003;12.05.2024;8652.8102;618057;7416;2966;2787;2024-05-13 00:05:59 UTC
meta;fb_camp_002;fb_adset_003;fb_ad_003;13.05.2024;8683.2575;620232;7442;2976;2797;2024-05-13 04:01:00 UTC
meta;fb_camp_002;fb_adset_003;fb_ad_003;13.05.2024;8713.7049;622407;7468;2986;2807;2024-05-13 13:58:59 UTC
meta;fb_camp_002;fb_adset_003;fb_ad_003;13.05.2024;8744.1522;624582;7494;2997;2817;2024-05-14 00:10:59 UTC
meta;fb_camp_002;fb_adset_003;fb_ad_003;14.05.2024;8764.0144;626000;7511;3003;2823;2024-05-14 01:36:00 UTC
meta;fb_camp_002;fb_adset_003;fb_ad_003;14.05.2024;8783.8765;627419;7528;3010;2829;2024-05-14 09:10:19 UTC
meta;fb_camp_002;fb_adset_003;fb_ad_003;14.05.2024;8803.7386;628838;7545;3017;2835;2024-05-14 16:42:39 UTC
meta;fb_camp_002;fb_adset_003;fb_ad_003;14.05.2024;8823.6008;630257;7562;3024;2842;2024-05-15 00:03:59 UTC
meta;fb_camp_002;fb_adset_003;fb_ad_003;15.05.2024;8842.7817;631627;7578;3030;2848;2024-05-15 03:59:00 UTC
meta;fb_camp_002;fb_adset_003;fb_ad_003;15.05.2024;8861.9626;632997;7595;3037;2854;2024-05-15 09:08:44 UTC
meta;fb_camp_002;fb_adset_003;fb_ad_003;15.05.2024;8881.1434;634367;7611;3043;2860;2024-05-15 14:10:29 UTC
meta;fb_camp_002;fb_adset_003;fb_ad_003;15.05.2024;8900.3243;635737;7628;3050;2866;2024-05-15 19:05:14 UTC
meta;fb_camp_002;fb_adset_003;fb_ad_003;15.05.2024;8919.5052;637107;7645;3057;2873;2024-05-16 00:07:59 UTC
meta;fb_camp_002;fb_adset_003;fb_ad_003;16.05.2024;8950.5362;639323;7671;3067;2883;2024-05-16 03:51:00 UTC
meta;fb_camp_002;fb_adset_003;fb_ad_003;16.05.2024;8981.5673;641539;7697;3078;2893;2024-05-16 13:56:29 UTC
meta;fb_camp_002;fb_adset_003;fb_ad_003;16.05.2024;9012.5983;643756;7724;3089;2903;2024-05-17 00:00:59 UTC
meta;fb_camp_002;fb_adset_003;fb_ad_003;17.05.2024;9030.307;645021;7739;3095;2908;2024-05-17 00:56:00 UTC
meta;fb_camp_002;fb_adset_003;fb_ad_003;17.05.2024;9048.0157;646286;7754;3101;2914;2024-05-17 08:34:39 UTC
meta;fb_camp_002;fb_adset_003;fb_ad_003;17.05.2024;9065.7244;647551;7769;3107;2920;2024-05-17 16:23:19 UTC
meta;fb_camp_002;fb_adset_003;fb_ad_003;17.05.2024;9083.4331;648816;7785;3113;2926;2024-05-18 00:06:59 UTC
meta;fb_camp_002;fb_adset_003;fb_ad_003;18.05.2024;9121.2623;651518;7817;3126;2938;2024-05-18 02:40:00 UTC
meta;fb_camp_002;fb_adset_003;fb_ad_003;18.05.2024;9159.0915;654220;7849;3139;2950;2024-05-18 13:29:29 UTC
meta;fb_camp_002;fb_adset_003;fb_ad_003;18.05.2024;9196.9207;656922;7882;3152;2962;2024-05-19 00:12:59 UTC
meta;fb_camp_002;fb_adset_003;fb_ad_003;19.05.2024;9204.9169;657493;7888;3154;2964;2024-05-19 00:08:00 UTC
meta;fb_camp_002;fb_adset_003;fb_ad_003;19.05.2024;9212.9131;658064;7895;3157;2967;2024-05-19 04:50:35 UTC
meta;fb_camp_002;fb_adset_003;fb_ad_003;19.05.2024;9220.9092;658635;7902;3160;2970;2024-05-19 09:43:11 UTC
meta;fb_camp_002;fb_adset_003;fb_ad_003;19.05.2024;9228.9054;659206;7909;3163;2972;2024-05-19 14:37:47 UTC
meta;fb_camp_002;fb_adset_003;fb_ad_003;19.05.2024;9236.9016;659777;7916;3166;2975;2024-05-19 19:24:23 UTC
meta;fb_camp_002;fb_adset_003;fb_ad_003;19.05.2024;9244.8978;660349;7923;3169;2978;2024-05-20 00:00:59 UTC
meta;fb_camp_002;fb_adset_003;fb_ad_003;20.05.2024;9249.691;660691;7927;3170;2979;2024-05-20 00:26:00 UTC
meta;fb_camp_002;fb_adset_003;fb_ad_003;20.05.2024;9254.4842;661033;7931;3172;2981;2024-05-20 05:09:23 UTC
meta;fb_camp_002;fb_adset_003;fb_ad_003;20.05.2024;9259.2774;661376;7935;3174;2982;2024-05-20 09:54:47 UTC
meta;fb_camp_002;fb_adset_003;fb_ad_003;20.05.2024;9264.0705;661718;7939;3175;2984;2024-05-20 14:38:11 UTC
meta;fb_camp_002;fb_adset_003;fb_ad_003;20.05.2024;9268.8637;662060;7943;3177;2985;2024-05-20 19:22:35 UTC
meta;fb_camp_002;fb_adset_003;fb_ad_003;20.05.2024;9273.6569;662403;7948;3179;2987;2024-05-21 00:10:59 UTC
meta;fb_camp_002;fb_adset_003;fb_ad_003;21.05.2024;9280.524;662893;7954;3181;2989;2024-05-21 02:01:00 UTC
meta;fb_camp_002;fb_adset_003;fb_ad_003;21.05.2024;9287.391;663384;7960;3183;2991;2024-05-21 09:20:19 UTC
meta;fb_camp_002;fb_adset_003;fb_ad_003;21.05.2024;9294.2581;663874;7966;3185;2993;2024-05-21 16:51:39 UTC
meta;fb_camp_002;fb_adset_003;fb_ad_003;21.05.2024;9301.1252;664365;7972;3188;2996;2024-05-22 00:02:59 UTC
meta;fb_camp_002;fb_adset_003;fb_ad_003;22.05.2024;9308.2206;664871;7978;3190;2998;2024-05-22 00:45:00 UTC
meta;fb_camp_002;fb_adset_003;fb_ad_003;22.05.2024;9315.316;665378;7984;3193;3000;2024-05-22 05:26:59 UTC
meta;fb_camp_002;fb_adset_003;fb_ad_003;22.05.2024;9322.4114;665885;7990;3195;3003;2024-05-22 10:03:59 UTC
meta;fb_camp_002;fb_adset_003;fb_ad_003;22.05.2024;9329.5068;666392;7996;3198;3005;2024-05-22 14:36:59 UTC
meta;fb_camp_002;fb_adset_003;fb_ad_003;22.05.2024;9336.6022;666899;8002;3200;3007;2024-05-22 19:21:59 UTC
meta;fb_camp_002;fb_adset_003;fb_ad_003;22.05.2024;9343.6976;667406;8008;3203;3010;2024-05-23 00:11:59 UTC
meta;fb_camp_002;fb_adset_003;fb_ad_003;23.05.2024;9345.5192;667536;8009;3203;3010;2024-05-23 00:22:00 UTC
meta;fb_camp_002;fb_adset_003;fb_ad_003;23.05.2024;9347.3409;667666;8011;3204;3011;2024-05-23 08:08:19 UTC
meta;fb_camp_002;fb_adset_003;fb_ad_003;23.05.2024;9349.1626;667796;8012;3204;3011;2024-05-23 16:18:39 UTC
meta;fb_camp_002;fb_adset_003;fb_ad_003;23.05.2024;9350.9842;667927;8014;3205;3012;2024-05-24 00:04:59 UTC
meta;fb_camp_002;fb_adset_003;fb_ad_003;24.05.2024;9372.3541;669453;8032;3212;3019;2024-05-24 03:42:00 UTC
meta;fb_camp_002;fb_adset_003;fb_ad_003;24.05.2024;9393.7241;670979;8050;3219;3026;2024-05-24 14:03:29 UTC
meta;fb_camp_002;fb_adset_003;fb_ad_003;24.05.2024;9415.094;672506;8069;3227;3033;2024-05-25 00:09:59 UTC
meta;fb_camp_002;fb_adset_003;fb_ad_003;25.05.2024;9444.2519;674588;8094;3237;3042;2024-05-25 00:15:00 UTC
meta;fb_camp_002;fb_adset_003;fb_ad_003;25.05.2024;9473.4098;676671;8119;3247;3051;2024-05-25 12:13:29 UTC
meta;fb_camp_002;fb_adset_003;fb_ad_003;25.05.2024;9502.5677;678754;8144;3257;3061;2024-05-26 00:12:59 UTC
meta;fb_camp_002;fb_adset_003;fb_ad_003;26.05.2024;9528.7174;680622;8166;3266;3069;2024-05-26 00:55:00 UTC
meta;fb_camp_002;fb_adset_003;fb_ad_003;26.05.2024;9554.8671;682490;8189;3275;3078;2024-05-26 08:40:59 UTC
meta;fb_camp_002;fb_adset_003;fb_ad_003;26.05.2024;9581.0168;684358;8211;3284;3086;2024-05-26 16:22:59 UTC
meta;fb_camp_002;fb_adset_003;fb_ad_003;26.05.2024;9607.1665;686226;8234;3293;3095;2024-05-27 00:12:59 UTC
meta;fb_camp_002;fb_adset_003;fb_ad_003;27.05.2024;9608.9872;686356;8235;3293;3095;2024-05-27 02:18:00 UTC
meta;fb_camp_002;fb_adset_003;fb_ad_003;27.05.2024;9610.8079;686486;8237;3294;3096;2024-05-27 06:39:35 UTC
meta;fb_camp_002;fb_adset_003;fb_ad_003;27.05.2024;9612.6286;686616;8238;3295;3096;2024-05-27 11:01:11 UTC
meta;fb_camp_002;fb_adset_003;fb_ad_003;27.05.2024;9614.4493;686746;8240;3295;3097;2024-05-27 15:17:47 UTC
meta;fb_camp_002;fb_adset_003;fb_ad_003;27.05.2024;9616.27;686876;8241;3296;3097;2024-05-27 19:43:23 UTC
meta;fb_camp_002;fb_adset_003;fb_ad_003;27.05.2024;9618.0907;687006;8243;3297;3098;2024-05-28 00:13:59 UTC
meta;fb_camp_002;fb_adset_003;fb_ad_003;28.05.2024;9625.1583;687510;8249;3299;3100;2024-05-28 00:40:00 UTC
meta;fb_camp_002;fb_adset_003;fb_ad_003;28.05.2024;9632.2258;688015;8255;3301;3102;2024-05-28 08:30:39 UTC
meta;fb_camp_002;fb_adset_003;fb_ad_003;28.05.2024;9639.2934;688520;8261;3303;3104;2024-05-28 16:14:19 UTC
meta;fb_camp_002;fb_adset_003;fb_ad_003;28.05.2024;9646.361;689025;8268;3306;3107;2024-05-29 00:01:59 UTC
meta;fb_camp_002;fb_adset_003;fb_ad_003;29.05.2024;9665.902;690420;8284;3312;3113;2024-05-29 01:55:00 UTC
meta;fb_camp_002;fb_adset_003;fb_ad_003;29.05.2024;9685.443;691816;8301;3319;3119;2024-05-29 07:23:59 UTC
meta;fb_camp_002;fb_adset_003;fb_ad_003;29.05.2024;9704.9839;693212;8317;3326;3126;2024-05-29 13:05:59 UTC
meta;fb_camp_002;fb_adset_003;fb_ad_003;29.05.2024;9724.5249;694608;8334;3333;3132;2024-05-29 18:32:59 UTC
meta;fb_camp_002;fb_adset_003;fb_ad_003;29.05.2024;9744.0659;696004;8351;3340;3139;2024-05-30 00:08:59 UTC
meta;fb_camp_002;fb_adset_003;fb_ad_003;30.05.2024;9755.7643;696839;8361;3344;3142;2024-05-30 03:30:00 UTC
meta;fb_camp_002;fb_adset_003;fb_ad_003;30.05.2024;9767.4627;697675;8371;3348;3146;2024-05-30 10:19:59 UTC
meta;fb_camp_002;fb_adset_003;fb_ad_003;30.05.2024;9779.1611;698510;8381;3352;3150;2024-05-30 17:05:59 UTC
meta;fb_camp_002;fb_adset_003;fb_ad_003;30.05.2024;9790.8595;699346;8391;3356;3154;2024-05-31 00:02:59 UTC
meta;fb_camp_002;fb_adset_003;fb_ad_003;31.05.2024;9819.5599;701396;8415;3365;3163;2024-05-31 03:52:00 UTC
meta;fb_camp_002;fb_adset_003;fb_ad_003;31.05.2024;9848.2603;703446;8440;3375;3172;2024-05-31 13:55:29 UTC
meta;fb_camp_002;fb_adset_003;fb_ad_003;31.05.2024;9876.9607;705497;8465;3385;3181;2024-06-01 00:14:59 UTC
meta;fb_camp_002;fb_adset_003;fb_ad_003;01.06.2024;9879.8216;705701;8467;3386;3182;2024-06-01 00:01:00 UTC
meta;fb_camp_002;fb_adset_003;fb_ad_003;01.06.2024;9882.6825;705905;8470;3387;3183;2024-06-01 04:50:59 UTC
meta;fb_camp_002;fb_adset_003;fb_ad_003;01.06.2024;9885.5434;706110;8472;3388;3184;2024-06-01 09:50:59 UTC
meta;fb_camp_002;fb_adset_003;fb_ad_003;01.06.2024;9888.4043;706314;8475;3389;3185;2024-06-01 14:25:59 UTC
meta;fb_camp_002;fb_adset_003;fb_ad_003;01.06.2024;9891.2652;706518;8477;3390;3186;2024-06-01 19:23:59 UTC
meta;fb_camp_002;fb_adset_003;fb_ad_003;01.06.2024;9894.1261;706723;8480;3391;3187;2024-06-02 00:10:59 UTC
meta;fb_camp_002;fb_adset_003;fb_ad_003;02.06.2024;9921.0652;708647;8503;3400;3195;2024-06-02 03:57:00 UTC
meta;fb_camp_002;fb_adset_003;fb_ad_003;02.06.2024;9948.0043;710571;8526;3409;3204;2024-06-02 09:00:59 UTC
meta;fb_camp_002;fb_adset_003;fb_ad_003;02.06.2024;9974.9435;712495;8549;3418;3212;2024-06-02 14:04:59 UTC
meta;fb_camp_002;fb_adset_003;fb_ad_003;02.06.2024;10001.8826;714419;8572;3427;3221;2024-06-02 19:03:59 UTC
meta;fb_camp_002;fb_adset_003;fb_ad_003;02.06.2024;10028.8217;716344;8595;3437;3230;2024-06-03 00:11:59 UTC
meta;fb_camp_002;fb_adset_003;fb_ad_003;03.06.2024;10032.7819;716626;8598;3438;3231;2024-06-03 01:20:00 UTC
meta;fb_camp_002;fb_adset_003;fb_ad_003;03.06.2024;10036.7422;716909;8602;3440;3232;2024-06-03 08:50:59 UTC
meta;fb_camp_002;fb_adset_003;fb_ad_003;03.06.2024;10040.7024;717192;8605;3441;3233;2024-06-03 16:31:59 UTC
meta;fb_camp_002;fb_adset_003;fb_ad_003;03.06.2024;10044.6626;717475;8609;3443;3235;2024-06-04 00:07:59 UTC
meta;fb_camp_002;fb_adset_003;fb_ad_003;04.06.2024;10055.1183;718221;8618;3446;3238;2024-06-04 01:21:00 UTC
meta;fb_camp_002;fb_adset_003;fb_ad_003;04.06.2024;10065.5739;718968;8627;3450;3242;2024-06-04 05:56:47 UTC
meta;fb_camp_002;fb_adset_003;fb_ad_003;04.06.2024;10076.0296;719715;8636;3453;3245;2024-06-04 10:19:35 UTC
meta;fb_camp_002;fb_adset_003;fb_ad_003;04.06.2024;10086.4853;720462;8645;3457;3249;2024-06-04 15:02:23 UTC
meta;fb_camp_002;fb_adset_003;fb_ad_003;04.06.2024;10096.9409;721209;8654;3460;3252;2024-06-04 19:29:11 UTC
meta;fb_camp_002;fb_adset_003;fb_ad_003;04.06.2024;10107.3966;721956;8663;3464;3256;2024-06-05 00:11:59 UTC
meta;fb_camp_002;fb_adset_003;fb_ad_003;05.06.2024;10118.0531;722717;8672;3467;3259;2024-06-05 00:54:00 UTC
meta;fb_camp_002;fb_adset_003;fb_ad_003;05.06.2024;10128.7096;723478;8681;3471;3262;2024-06-05 05:32:59 UTC
meta;fb_camp_002;fb_adset_003;fb_ad_003;05.06.2024;10139.3661;724239;8690;3475;3266;2024-06-05 10:04:59 UTC
meta;fb_camp_002;fb_adset_003;fb_ad_003;05.06.2024;10150.0226;725000;8699;3478;3269;2024-06-05 14:45:59 UTC
meta;fb_camp_002;fb_adset_003;fb_ad_003;05.06.2024;10160.6791;725761;8708;3482;3272;2024-06-05 19:26:59 UTC
meta;fb_camp_002;fb_adset_003;fb_ad_003;05.06.2024;10171.3356;726523;8718;3486;3276;2024-06-06 00:00:59 UTC
meta;fb_camp_002;fb_adset_003;fb_ad_003;06.06.2024;10180.417;727171;8725;3489;3279;2024-06-06 01:16:00 UTC
meta;fb_camp_002;fb_adset_003;fb_ad_003;06.06.2024;10189.4983;727820;8733;3492;3282;2024-06-06 08:46:39 UTC
meta;fb_camp_002;fb_adset_003;fb_ad_003;06.06.2024;10198.5796;728469;8741;3495;3285;2024-06-06 16:32:19 UTC
meta;fb_camp_002;fb_adset_003;fb_ad_003;06.06.2024;10207.661;729118;8749;3499;3288;2024-06-07 00:05:59 UTC
meta;fb_camp_002;fb_adset_003;fb_ad_003;07.06.2024;10226.9874;730498;8765;3505;3294;2024-06-07 04:00:00 UTC
meta;fb_camp_002;fb_adset_003;fb_ad_003;07.06.2024;10246.3139;731879;8782;3512;3300;2024-06-07 10:43:39 UTC
meta;fb_camp_002;fb_adset_003;fb_ad_003;07.06.2024;10265.6404;733259;8798;3518;3306;2024-06-07 17:20:19 UTC
meta;fb_camp_002;fb_adset_003;fb_ad_003;07.06.2024;10284.9668;734640;8815;3525;3313;2024-06-08 00:04:59 UTC
meta;fb_camp_002;fb_adset_003;fb_ad_003;08.06.2024;10311.2563;736517;8837;3534;3321;2024-06-08 01:20:00 UTC
meta;fb_camp_002;fb_adset_003;fb_ad_003;08.06.2024;10337.5458;738395;8860;3543;3329;2024-06-08 12:36:29 UTC
meta;fb_camp_002;fb_adset_003;fb_ad_003;08.06.2024;10363.8353;740273;8883;3552;3338;2024-06-09 00:10:59 UTC
meta;fb_camp_002;fb_adset_003;fb_ad_003;09.06.2024;10375.9879;741141;8893;3556;3342;2024-06-09 03:14:00 UTC
meta;fb_camp_002;fb_adset_003;fb_ad_003;09.06.2024;10388.1405;742009;8903;3560;3346;2024-06-09 07:31:47 UTC
meta;fb_camp_002;fb_adset_003;fb_ad_003;09.06.2024;10400.2931;742877;8914;3564;3350;2024-06-09 11:45:35 UTC
meta;fb_camp_002;fb_adset_003;fb_ad_003;09.06.2024;10412.4457;743745;8924;3568;3354;2024-06-09 15:41:23 UTC
meta;fb_camp_002;fb_adset_003;fb_ad_003;09.06.2024;10424.5983;744613;8934;3572;3358;2024-06-09 19:51:11 UTC
meta;fb_camp_002;fb_adset_003;fb_ad_003;09.06.2024;10436.7509;745482;8945;3577;3362;2024-06-10 00:10:59 UTC
meta;fb_camp_002;fb_adset_003;fb_ad_003;10.06.2024;10443.9049;745993;8951;3579;3364;2024-06-10 02:20:00 UTC
meta;fb_camp_002;fb_adset_003;fb_ad_003;10.06.2024;10451.0589;746504;8957;3581;3366;2024-06-10 07:44:44 UTC
meta;fb_camp_002;fb_adset_003;fb_ad_003;10.06.2024;10458.2128;747015;8963;3584;3368;2024-06-10 13:12:29 UTC
meta;fb_camp_002;fb_adset_003;fb_ad_003;10.06.2024;10465.3668;747526;8969;3586;3370;2024-06-10 18:43:14 UTC
meta;fb_camp_002;fb_adset_003;fb_ad_003;10.06.2024;10472.5208;748037;8976;3589;3373;2024-06-11 00:12:59 UTC
meta;fb_camp_002;fb_adset_003;fb_ad_003;11.06.2024;10477.5484;748396;8980;3590;3374;2024-06-11 00:18:00 UTC
meta;fb_camp_002;fb_adset_003;fb_ad_003;11.06.2024;10482.576;748755;8984;3592;3376;2024-06-11 04:53:47 UTC
meta;fb_camp_002;fb_adset_003;fb_ad_003;11.06.2024;10487.6037;749114;8989;3594;3378;2024-06-11 09:54:35 UTC
meta;fb_camp_002;fb_adset_003;fb_ad_003;11.06.2024;10492.6313;749473;8993;3596;3379;2024-06-11 14:35:23 UTC
meta;fb_camp_002;fb_adset_003;fb_ad_003;11.06.2024;10497.6589;749832;8997;3598;3381;2024-06-11 19:16:11 UTC
meta;fb_camp_002;fb_adset_003;fb_ad_003;11.06.2024;10502.6865;750191;9002;3600;3383;2024-06-12 00:02:59 UTC
meta;fb_camp_002;fb_adset_003;fb_ad_003;12.06.2024;10515.7014;751120;9013;3604;3387;2024-06-12 03:34:00 UTC
meta;fb_camp_002;fb_adset_003;fb_ad_003;12.06.2024;10528.7164;752050;9024;3608;3391;2024-06-12 13:47:59 UTC
meta;fb_camp_002;fb_adset_003;fb_ad_003;12.06.2024;10541.7313;752980;9035;3613;3396;2024-06-13 00:14:59 UTC
meta;fb_camp_002;fb_adset_003;fb_ad_003;13.06.2024;10548.3997;753456;9040;3615;3398;2024-06-13 03:47:00 UTC
meta;fb_camp_002;fb_adset_003;fb_ad_003;13.06.2024;10555.0681;753932;9046;3617;3400;2024-06-13 10:30:39 UTC
meta;fb_camp_002;fb_adset_003;fb_ad_003;13.06.2024;10561.7365;754408;9052;3619;3402;2024-06-13 17:19:19 UTC
meta;fb_camp_002;fb_adset_003;fb_ad_003;13.06.2024;10568.4049;754885;9058;3622;3404;2024-06-14 00:03:59 UTC
meta;fb_camp_002;fb_adset_003;fb_ad_003;14.06.2024;10591.8106;756557;9078;3630;3411;2024-06-14 01:51:00 UTC
meta;fb_camp_002;fb_adset_003;fb_ad_003;14.06.2024;10615.2162;758229;9098;3638;3419;2024-06-14 07:27:44 UTC
meta;fb_camp_002;fb_adset_003;fb_ad_003;14.06.2024;10638.6219;759901;9118;3646;3426;2024-06-14 12:58:29 UTC
meta;fb_camp_002;fb_adset_003;fb_ad_003;14.06.2024;10662.0275;761573;9138;3654;3434;2024-06-14 18:29:14 UTC
meta;fb_camp_002;fb_adset_003;fb_ad_003;14.06.2024;10685.4332;763245;9158;3662;3442;2024-06-15 00:03:59 UTC
meta;fb_camp_002;fb_adset_003;fb_ad_003;15.06.2024;10692.4102;763743;9164;3664;3444;2024-06-15 01:39:00 UTC
meta;fb_camp_002;fb_adset_003;fb_ad_003;15.06.2024;10699.3873;764241;9170;3667;3446;2024-06-15 05:59:11 UTC
meta;fb_camp_002;fb_adset_003;fb_ad_003;15.06.2024;10706.3643;764740;9176;3669;3448;2024-06-15 10:28:23 UTC
meta;fb_camp_002;fb_adset_003;fb_ad_003;15.06.2024;10713.3413;765238;9182;3672;3450;2024-06-15 15:05:35 UTC
meta;fb_camp_002;fb_adset_003;fb_ad_003;15.06.2024;10720.3184;765736;9188;3674;3452;2024-06-15 19:38:47 UTC
meta;fb_camp_002;fb_adset_003;fb_ad_003;15.06.2024;10727.2954;766235;9194;3677;3455;2024-06-16 00:07:59 UTC
meta;fb_camp_002;fb_adset_003;fb_ad_003;16.06.2024;10747.7667;767697;9211;3684;3461;2024-06-16 03:13:00 UTC
meta;fb_camp_002;fb_adset_003;fb_ad_003;16.06.2024;10768.238;769159;9229;3691;3468;2024-06-16 13:49:29 UTC
meta;fb_camp_002;fb_adset_003;fb_ad_003;16.06.2024;10788.7093;770621;9247;3698;3475;2024-06-17 00:09:59 UTC
meta;fb_camp_002;fb_adset_003;fb_ad_003;17.06.2024;10804.948;771781;9260;3703;3480;2024-06-17 01:30:00 UTC
meta;fb_camp_002;fb_adset_003;fb_ad_003;17.06.2024;10821.1867;772941;9274;3709;3485;2024-06-17 05:58:11 UTC
meta;fb_camp_002;fb_adset_003;fb_ad_003;17.06.2024;10837.4254;774101;9288;3714;3491;2024-06-17 10:34:23 UTC
meta;fb_camp_002;fb_adset_003;fb_ad_003;17.06.2024;10853.6642;775261;9302;3720;3496;2024-06-17 15:09:35 UTC
meta;fb_camp_002;fb_adset_003;fb_ad_003;17.06.2024;10869.9029;776421;9316;3725;3501;2024-06-17 19:32:47 UTC
meta;fb_camp_002;fb_adset_003;fb_ad_003;17.06.2024;10886.1416;777581;9330;3731;3507;2024-06-18 00:10:59 UTC
meta;fb_camp_002;fb_adset_003;fb_ad_003;18.06.2024;10891.2452;777945;9334;3732;3508;2024-06-18 02:18:00 UTC
meta;fb_camp_002;fb_adset_003;fb_ad_003;18.06.2024;10896.3488;778310;9338;3734;3510;2024-06-18 07:41:59 UTC
meta;fb_camp_002;fb_adset_003;fb_ad_003;18.06.2024;10901.4523;778674;9343;3736;3511;2024-06-18 13:06:59 UTC
meta;fb_camp_002;fb_adset_003;fb_ad_003;18.06.2024;10906.5559;779039;9347;3738;3513;2024-06-18 18:44:59 UTC
meta;fb_camp_002;fb_adset_003;fb_ad_003;18.06.2024;10911.6595;779404;9352;3740;3515;2024-06-19 00:09:59 UTC
meta;fb_camp_002;fb_adset_003;fb_ad_003;19.06.2024;10916.7142;779765;9356;3741;3516;2024-06-19 02:10:00 UTC
meta;fb_camp_002;fb_adset_003;fb_ad_003;19.06.2024;10921.7689;780126;9360;3743;3518;2024-06-19 13:17:59 UTC
meta;fb_camp_002;fb_adset_003;fb_ad_003;19.06.2024;10926.8236;780487;9365;3745;3520;2024-06-20 00:07:59 UTC
meta;fb_camp_002;fb_adset_003;fb_ad_003;20.06.2024;10931.283;780805;9368;3746;3521;2024-06-20 03:23:00 UTC
meta;fb_camp_002;fb_adset_003;fb_ad_003;20.06.2024;10935.7425;781124;9372;3748;3522;2024-06-20 07:25:59 UTC
meta;fb_camp_002;fb_adset_003;fb_ad_003;20.06.2024;10940.2019;781442;9376;3749;3524;2024-06-20 11:33:59 UTC
meta;fb_camp_002;fb_adset_003;fb_ad_003;20.06.2024;10944.6613;781761;9380;3751;3525;2024-06-20 15:54:59 UTC
meta;fb_camp_002;fb_adset_003;fb_ad_003;20.06.2024;10949.1208;782079;9384;3752;3526;2024-06-20 19:54:59 UTC
meta;fb_camp_002;fb_adset_003;fb_ad_003;20.06.2024;10953.5802;782398;9388;3754;3528;2024-06-21 00:09:59 UTC
meta;fb_camp_002;fb_adset_003;fb_ad_003;21.06.2024;10970.1944;783584;9402;3759;3533;2024-06-21 01:45:00 UTC
meta;fb_camp_002;fb_adset_003;fb_ad_003;21.06.2024;10986.8086;784771;9416;3765;3539;2024-06-21 09:17:59 UTC
meta;fb_camp_002;fb_adset_003;fb_ad_003;21.06.2024;11003.4229;785958;9430;3771;3544;2024-06-21 16:35:59 UTC
meta;fb_camp_002;fb_adset_003;fb_ad_003;21.06.2024;11020.0371;787145;9445;3777;3550;2024-06-22 00:01:59 UTC
meta;fb_camp_002;fb_adset_003;fb_ad_003;22.06.2024;11030.5682;787897;9454;3780;3553;2024-06-22 03:59:00 UTC
meta;fb_camp_002;fb_adset_003;fb_ad_003;22.06.2024;11041.0994;788649;9463;3784;3556;2024-06-22 08:05:59 UTC
meta;fb_camp_002;fb_adset_003;fb_ad_003;22.06.2024;11051.6306;789401;9472;3788;3560;2024-06-22 12:04:59 UTC
meta;fb_camp_002;fb_adset_003;fb_ad_003;22.06.2024;11062.1617;790153;9481;3791;3563;2024-06-22 16:11:59 UTC
meta;fb_camp_002;fb_adset_003;fb_ad_003;22.06.2024;11072.6928;790905;9490;3795;3566;2024-06-22 20:06:59 UTC
meta;fb_camp_002;fb_adset_003;fb_ad_003;22.06.2024;11083.224;791658;9499;3799;3570;2024-06-23 00:04:59 UTC
meta;fb_camp_002;fb_adset_003;fb_ad_003;23.06.2024;11107.4959;793391;9520;3807;3578;2024-06-23 04:01:00 UTC
meta;fb_camp_002;fb_adset_003;fb_ad_003;23.06.2024;11131.7677;795125;9541;3815;3586;2024-06-23 13:57:29 UTC
meta;fb_camp_002;fb_adset_003;fb_ad_003;23.06.2024;11156.0396;796859;9562;3824;3594;2024-06-24 00:03:59 UTC
meta;fb_camp_002;fb_adset_003;fb_ad_003;24.06.2024;11166.1069;797578;9570;3827;3597;2024-06-24 03:41:00 UTC
meta;fb_camp_002;fb_adset_003;fb_ad_003;24.06.2024;11176.1742;798297;9579;3830;3600;2024-06-24 08:57:44 UTC
meta;fb_camp_002;fb_adset_003;fb_ad_003;24.06.2024;11186.2415;799016;9587;3834;3603;2024-06-24 14:03:29 UTC
meta;fb_camp_002;fb_adset_003;fb_ad_003;24.06.2024;11196.3088;799735;9596;3837;3606;2024-06-24 19:04:14 UTC
meta;fb_camp_002;fb_adset_003;fb_ad_003;24.06.2024;11206.3761;800455;9605;3841;3610;2024-06-25 00:02:59 UTC
meta;fb_camp_002;fb_adset_003;fb_ad_003;25.06.2024;11207.3;800521;9605;3841;3610;2024-06-25 03:03:00 UTC
meta;fb_camp_002;fb_adset_003;fb_ad_003;25.06.2024;11208.2239;800587;9606;3841;3610;2024-06-25 13:38:59 UTC
meta;fb_camp_002;fb_adset_003;fb_ad_003;25.06.2024;11209.1478;800653;9607;3842;3611;2024-06-26 00:11:59 UTC
meta;fb_camp_002;fb_adset_003;fb_ad_003;26.06.2024;11225.5153;801822;9621;3847;3616;2024-06-26 03:40:00 UTC
meta;fb_camp_002;fb_adset_003;fb_ad_003;26.06.2024;11241.8829;802991;9635;3853;3621;2024-06-26 13:54:29 UTC
meta;fb_camp_002;fb_adset_003;fb_ad_003;26.06.2024;11258.2504;804160;9649;3859;3626;2024-06-27 00:12:59 UTC
meta;fb_camp_002;fb_adset_003;fb_ad_003;27.06.2024;11293.7253;806694;9679;3871;3637;2024-06-27 03:35:00 UTC
meta;fb_camp_002;fb_adset_003;fb_ad_003;27.06.2024;11329.2001;809228;9709;3883;3649;2024-06-27 13:47:29 UTC
meta;fb_camp_002;fb_adset_003;fb_ad_003;27.06.2024;11364.675;811762;9740;3895;3661;2024-06-28 00:08:59 UTC
meta;fb_camp_002;fb_adset_003;fb_ad_003;28.06.2024;11406.4443;814745;9776;3909;3674;2024-06-28 03:16:00 UTC
meta;fb_camp_002;fb_adset_003;fb_ad_003;28.06.2024;11448.2135;817728;9812;3923;3687;2024-06-28 13:42:29 UTC
meta;fb_camp_002;fb_adset_003;fb_ad_003;28.06.2024;11489.9828;820712;9848;3938;3701;2024-06-29 00:04:59 UTC
meta;fb_camp_002;fb_adset_003;fb_ad_003;29.06.2024;11504.588;821755;9860;3943;3705;2024-06-29 00:09:00 UTC
meta;fb_camp_002;fb_adset_003;fb_ad_003;29.06.2024;11519.1932;822798;9873;3948;3710;2024-06-29 08:11:39 UTC
meta;fb_camp_002;fb_adset_003;fb_ad_003;29.06.2024;11533.7984;823841;9885;3953;3715;2024-06-29 16:05:19 UTC
meta;fb_camp_002;fb_adset_003;fb_ad_003;29.06.2024;11548.4036;824885;9898;3958;3720;2024-06-30 00:02:59 UTC
meta;fb_camp_002;fb_adset_003;fb_ad_003;30.06.2024;11558.9637;825639;9907;3961;3723;2024-06-30 00:37:00 UTC
meta;fb_camp_002;fb_adset_003;fb_ad_003;30.06.2024;11569.5238;826393;9916;3965;3726;2024-06-30 05:24:11 UTC
meta;fb_camp_002;fb_adset_003;fb_ad_003;30.06.2024;11580.084;827148;9925;3969;3730;2024-06-30 09:56:23 UTC
meta;fb_camp_002;fb_adset_003;fb_ad_003;30.06.2024;11590.6441;827902;9934;3972;3733;2024-06-30 14:49:35 UTC
meta;fb_camp_002;fb_adset_003;fb_ad_003;30.06.2024;11601.2042;828656;9943;3976;3736;2024-06-30 19:29:47 UTC
meta;fb_camp_002;fb_adset_003;fb_ad_003;30.06.2024;11611.7643;829411;9952;3980;3740;2024-07-01 00:06:59 UTC
meta;fb_camp_002;fb_adset_003;fb_ad_003;01.07.2024;11633.0094;830928;9970;3987;3747;2024-07-01 02:48:00 UTC
meta;fb_camp_002;fb_adset_003;fb_ad_003;01.07.2024;11654.2546;832446;9988;3994;3754;2024-07-01 09:58:39 UTC
meta;fb_camp_002;fb_adset_003;fb_ad_003;01.07.2024;11675.4997;833963;10006;4001;3761;2024-07-01 17:04:19 UTC
meta;fb_camp_002;fb_adset_003;fb_ad_003;01.07.2024;11696.7448;835481;10025;4009;3768;2024-07-02 00:00:59 UTC
meta;fb_camp_002;fb_adset_003;fb_ad_003;02.07.2024;11737.7282;838408;10060;4023;3781;2024-07-02 04:09:00 UTC
meta;fb_camp_002;fb_adset_003;fb_ad_003;02.07.2024;11778.7116;841335;10095;4037;3794;2024-07-02 14:04:29 UTC
meta;fb_camp_002;fb_adset_003;fb_ad_003;02.07.2024;11819.695;844263;10130;4051;3807;2024-07-03 00:08:59 UTC
meta;fb_camp_002;fb_adset_003;fb_ad_003;03.07.2024;11837.8976;845563;10145;4057;3813;2024-07-03 02:40:00 UTC
meta;fb_camp_002;fb_adset_003;fb_ad_003;03.07.2024;11856.1003;846863;10161;4063;3819;2024-07-03 13:18:29 UTC
meta;fb_camp_002;fb_adset_003;fb_ad_003;03.07.2024;11874.3029;848164;10177;4070;3825;2024-07-04 00:11:59 UTC
meta;fb_camp_002;fb_adset_003;fb_ad_003;04.07.2024;11895.3419;849666;10195;4077;3831;2024-07-04 00:54:00 UTC
meta;fb_camp_002;fb_adset_003;fb_ad_003;04.07.2024;11916.3809;851169;10213;4084;3838;2024-07-04 08:31:59 UTC
meta;fb_camp_002;fb_adset_003;fb_ad_003;04.07.2024;11937.4199;852672;10231;4091;3845;2024-07-04 16:24:59 UTC
meta;fb_camp_002;fb_adset_003;fb_ad_003;04.07.2024;11958.4589;854175;10249;4099;3852;2024-07-05 00:14:59 UTC
meta;fb_camp_002;fb_adset_003;fb_ad_003;05.07.2024;11969.9456;854995;10259;4103;3855;2024-07-05 02:57:00 UTC
meta;fb_camp_002;fb_adset_003;fb_ad_003;05.07.2024;11981.4322;855815;10269;4107;3859;2024-07-05 13:29:59 UTC
meta;fb_camp_002;fb_adset_003;fb_ad_003;05.07.2024;11992.9189;856636;10279;4111;3863;2024-07-06 00:06:59 UTC
meta;fb_camp_002;fb_adset_003;fb_ad_003;06.07.2024;11996.425;856886;10282;4112;3864;2024-07-06 03:40:00 UTC
meta;fb_camp_002;fb_adset_003;fb_ad_003;06.07.2024;11999.9311;857137;10285;4113;3865;2024-07-06 08:50:14 UTC
meta;fb_camp_002;fb_adset_003;fb_ad_003;06.07.2024;12003.4372;857387;10288;4114;3866;2024-07-06 13:55:29 UTC
meta;fb_camp_002;fb_adset_003;fb_ad_003;06.07.2024;12006.9433;857638;10291;4115;3867;2024-07-06 18:57:44 UTC
meta;fb_camp_002;fb_adset_003;fb_ad_003;06.07.2024;12010.4494;857889;10294;4117;3869;2024-07-07 00:10:59 UTC
meta;fb_camp_002;fb_adset_003;fb_ad_003;07.07.2024;12022.975;858783;10304;4121;3873;2024-07-07 01:14:00 UTC
meta;fb_camp_002;fb_adset_003;fb_ad_003;07.07.2024;12035.5006;859678;10315;4125;3877;2024-07-07 12:37:59 UTC
meta;fb_camp_002;fb_adset_003;fb_ad_003;07.07.2024;12048.0262;860573;10326;4130;3881;2024-07-08 00:08:59 UTC
meta;fb_camp_002;fb_adset_003;fb_ad_003;08.07.2024;12095.3293;863951;10366;4146;3896;2024-07-08 04:00:00 UTC
meta;fb_camp_002;fb_adset_003;fb_ad_003;08.07.2024;12142.6323;867330;10407;4162;3911;2024-07-08 14:03:29 UTC
meta;fb_camp_002;fb_adset_003;fb_ad_003;08.07.2024;12189.9354;870709;10448;4178;3927;2024-07-09 00:13:59 UTC
meta;fb_camp_002;fb_adset_003;fb_ad_003;09.07.2024;12211.272;872233;10466;4185;3933;2024-07-09 01:26:00 UTC
meta;fb_camp_002;fb_adset_003;fb_ad_003;09.07.2024;12232.6086;873757;10484;4192;3940;2024-07-09 09:08:19 UTC
meta;fb_camp_002;fb_adset_003;fb_ad_003;09.07.2024;12253.9453;875281;10502;4199;3947;2024-07-09 16:31:39 UTC
meta;fb_camp_002;fb_adset_003;fb_ad_003;09.07.2024;12275.2819;876805;10521;4207;3954;2024-07-10 00:08:59 UTC
meta;fb_camp_002;fb_adset_003;fb_ad_003;10.07.2024;12278.4827;877033;10523;4208;3955;2024-07-10 02:05:00 UTC
meta;fb_camp_002;fb_adset_003;fb_ad_003;10.07.2024;12281.6835;877262;10526;4209;3956;2024-07-10 06:32:23 UTC
meta;fb_camp_002;fb_adset_003;fb_ad_003;10.07.2024;12284.8843;877491;10529;4210;3957;2024-07-10 10:55:47 UTC
meta;fb_camp_002;fb_adset_003;fb_ad_003;10.07.2024;12288.0851;877719;10531;4211;3958;2024-07-10 15:21:11 UTC
meta;fb_camp_002;fb_adset_003;fb_ad_003;10.07.2024;12291.2859;877948;10534;4212;3959;2024-07-10 19:44:35 UTC
meta;fb_camp_002;fb_adset_003;fb_ad_003;10.07.2024;12294.4867;878177;10537;4214;3960;2024-07-11 00:08:59 UTC
meta;fb_camp_002;fb_adset_003;fb_ad_003;11.07.2024;12323.8619;880275;10562;4224;3969;2024-07-11 03:54:00 UTC
meta;fb_camp_002;fb_adset_003;fb_ad_003;11.07.2024;12353.2372;882373;10587;4234;3979;2024-07-11 14:03:29 UTC
meta;fb_camp_002;fb_adset_003;fb_ad_003;11.07.2024;12382.6124;884472;10613;4244;3989;2024-07-12 00:13:59 UTC
meta;fb_camp_002;fb_adset_003;fb_ad_003;12.07.2024;12386.7426;884767;10616;4245;3990;2024-07-12 03:45:00 UTC
meta;fb_camp_002;fb_adset_003;fb_ad_003;12.07.2024;12390.8728;885062;10620;4246;3991;2024-07-12 08:57:14 UTC
meta;fb_camp_002;fb_adset_003;fb_ad_003;12.07.2024;12395.003;885357;10623;4248;3992;2024-07-12 14:00:29 UTC
meta;fb_camp_002;fb_adset_003;fb_ad_003;12.07.2024;12399.1332;885652;10627;4249;3993;2024-07-12 19:06:44 UTC
meta;fb_camp_002;fb_adset_003;fb_ad_003;12.07.2024;12403.2634;885947;10631;4251;3995;2024-07-13 00:12:59 UTC
meta;fb_camp_002;fb_adset_003;fb_ad_003;13.07.2024;12427.296;887663;10651;4259;4003;2024-07-13 02:12:00 UTC
meta;fb_camp_002;fb_adset_003;fb_ad_003;13.07.2024;12451.3286;889380;10671;4267;4011;2024-07-13 13:06:29 UTC
meta;fb_camp_002;fb_adset_003;fb_ad_003;13.07.2024;12475.3612;891097;10692;4276;4019;2024-07-14 00:01:59 UTC
meta;fb_camp_002;fb_adset_003;fb_ad_003;14.07.2024;12483.5741;891683;10699;4278;4021;2024-07-14 04:00:00 UTC
meta;fb_camp_002;fb_adset_003;fb_ad_003;14.07.2024;12491.7871;892269;10706;4281;4023;2024-07-14 09:29:17 UTC
meta;fb_camp_002;fb_adset_003;fb_ad_003;14.07.2024;12500.0;892856;10713;4284;4026;2024-07-14 14:51:34 UTC
meta;fb_camp_002;fb_adset_004;fb_ad_004;02.01.2024;6.2823;448;5;2;2;2024-01-02 01:19:00 UTC
meta;fb_camp_002;fb_adset_004;fb_ad_004;02.01.2024;12.5647;897;10;4;4;2024-01-02 12:50:29 UTC
meta;fb_camp_002;fb_adset_004;fb_ad_004;02.01.2024;18.847;1346;16;6;6;2024-01-03 00:02:59 UTC
meta;fb_camp_002;fb_adset_004;fb_ad_004;03.01.2024;46.1206;3294;39;15;14;2024-01-03 01:59:00 UTC
meta;fb_camp_002;fb_adset_004;fb_ad_004;03.01.2024;73.3941;5242;62;24;23;2024-01-03 06:28:59 UTC
meta;fb_camp_002;fb_adset_004;fb_ad_004;03.01.2024;100.6677;7190;86;34;32;2024-01-03 10:55:59 UTC
meta;fb_camp_002;fb_adset_004;fb_ad_004;03.01.2024;127.9413;9138;109;43;40;2024-01-03 15:10:59 UTC
meta;fb_camp_002;fb_adset_004;fb_ad_004;03.01.2024;155.2148;11086;132;52;49;2024-01-03 19:39:59 UTC
meta;fb_camp_002;fb_adset_004;fb_ad_004;03.01.2024;182.4884;13034;156;62;58;2024-01-04 00:06:59 UTC
meta;fb_camp_002;fb_adset_004;fb_ad_004;04.01.2024;193.3441;13809;165;65;61;2024-01-04 03:29:00 UTC
meta;fb_camp_002;fb_adset_004;fb_ad_004;04.01.2024;204.1998;14585;174;69;65;2024-01-04 10:22:39 UTC
meta;fb_camp_002;fb_adset_004;fb_ad_004;04.01.2024;215.0554;15360;183;73;68;2024-01-04 17:19:19 UTC
meta;fb_camp_002;fb_adset_004;fb_ad_004;04.01.2024;225.9111;16136;193;77;72;2024-01-05 00:10:59 UTC
meta;fb_camp_002;fb_adset_004;fb_ad_004;05.01.2024;255.0653;18218;218;87;81;2024-01-05 02:14:00 UTC
meta;fb_camp_002;fb_adset_004;fb_ad_004;05.01.2024;284.2194;20300;243;97;90;2024-01-05 13:06:59 UTC
meta;fb_camp_002;fb_adset_004;fb_ad_004;05.01.2024;313.3736;22383;268;107;100;2024-01-06 00:13:59 UTC
meta;fb_camp_002;fb_adset_004;fb_ad_004;06.01.2024;327.991;23427;280;112;104;2024-01-06 02:36:00 UTC
meta;fb_camp_002;fb_adset_004;fb_ad_004;06.01.2024;342.6085;24471;293;117;109;2024-01-06 09:43:19 UTC
meta;fb_camp_002;fb_adset_004;fb_ad_004;06.01.2024;357.226;25515;305;122;114;2024-01-06 16:59:39 UTC
meta;fb_camp_002;fb_adset_004;fb_ad_004;06.01.2024;371.8434;26560;318;127;119;2024-01-07 00:10:59 UTC
meta;fb_camp_002;fb_adset_004;fb_ad_004;07.01.2024;376.4581;26889;322;128;120;2024-01-07 03:48:00 UTC
meta;fb_camp_002;fb_adset_004;fb_ad_004;07.01.2024;381.0727;27219;326;130;122;2024-01-07 08:54:44 UTC
meta;fb_camp_002;fb_adset_004;fb_ad_004;07.01.2024;385.6874;27548;330;131;123;2024-01-07 13:57:29 UTC
meta;fb_camp_002;fb_adset_004;fb_ad_004;07.01.2024;390.302;27878;334;133;125;2024-01-07 19:08:14 UTC
meta;fb_camp_002;fb_adset_004;fb_ad_004;07.01.2024;394.9167;28208;338;135;127;2024-01-08 00:08:59 UTC
meta;fb_camp_002;fb_adset_004;fb_ad_004;08.01.2024;402.7839;28770;344;137;129;2024-01-08 03:29:00 UTC
meta;fb_camp_002;fb_adset_004;fb_ad_004;08.01.2024;410.6512;29332;351;140;132;2024-01-08 07:30:11 UTC
meta;fb_camp_002;fb_adset_004;fb_ad_004;08.01.2024;418.5184;29894;358;143;134;2024-01-08 11:50:23 UTC
meta;fb_camp_002;fb_adset_004;fb_ad_004;08.01.2024;426.3856;30456;364;145;137;2024-01-08 15:56:35 UTC
meta;fb_camp_002;fb_adset_004;fb_ad_004;08.01.2024;434.2529;31018;371;148;139;2024-01-08 19:56:47 UTC
meta;fb_camp_002;fb_adset_004;fb_ad_004;08.01.2024;442.1201;31580;378;151;142;2024-01-09 00:02:59 UTC
meta;fb_camp_002;fb_adset_004;fb_ad_004;09.01.2024;446.7727;31912;382;152;143;2024-01-09 01:36:00 UTC
meta;fb_camp_002;fb_adset_004;fb_ad_004;09.01.2024;451.4252;32244;386;154;144;2024-01-09 07:12:29 UTC
meta;fb_camp_002;fb_adset_004;fb_ad_004;09.01.2024;456.0778;32576;390;155;146;2024-01-09 12:57:59 UTC
meta;fb_camp_002;fb_adset_004;fb_ad_004;09.01.2024;460.7303;32908;394;157;147;2024-01-09 18:36:29 UTC
meta;fb_camp_002;fb_adset_004;fb_ad_004;09.01.2024;465.3829;33241;398;159;149;2024-01-10 00:00:59 UTC
meta;fb_camp_002;fb_adset_004;fb_ad_004;10.01.2024;525.9284;37565;450;179;168;2024-01-10 02:26:00 UTC
meta;fb_camp_002;fb_adset_004;fb_ad_004;10.01.2024;586.4738;41890;502;200;188;2024-01-10 09:34:59 UTC
meta;fb_camp_002;fb_adset_004;fb_ad_004;10.01.2024;647.0193;46215;554;221;207;2024-01-10 16:55:59 UTC
meta;fb_camp_002;fb_adset_004;fb_ad_004;10.01.2024;707.5648;50540;606;242;227;2024-01-11 00:14:59 UTC
meta;fb_camp_002;fb_adset_004;fb_ad_004;11.01.2024;732.1982;52299;627;250;235;2024-01-11 02:14:00 UTC
meta;fb_camp_002;fb_adset_004;fb_ad_004;11.01.2024;756.8316;54059;648;259;243;2024-01-11 09:41:19 UTC
meta;fb_camp_002;fb_adset_004;fb_ad_004;11.01.2024;781.4651;55818;669;267;251;2024-01-11 16:55:39 UTC
meta;fb_camp_002;fb_adset_004;fb_ad_004;11.01.2024;806.0985;57578;690;276;259;2024-01-12 00:11:59 UTC
meta;fb_camp_002;fb_adset_004;fb_ad_004;12.01.2024;820.5102;58607;702;281;263;2024-01-12 01:17:00 UTC
meta;fb_camp_002;fb_adset_004;fb_ad_004;12.01.2024;834.9218;59637;715;286;268;2024-01-12 08:50:59 UTC
meta;fb_camp_002;fb_adset_004;fb_ad_004;12.01.2024;849.3335;60666;727;291;273;2024-01-12 16:30:59 UTC
meta;fb_camp_002;fb_adset_004;fb_ad_004;12.01.2024;863.7452;61696;740;296;278;2024-01-13 00:09:59 UTC
meta;fb_camp_002;fb_adset_004;fb_ad_004;13.01.2024;884.7994;63199;758;303;284;2024-01-13 03:22:00 UTC
meta;fb_camp_002;fb_adset_004;fb_ad_004;13.01.2024;905.8536;64703;776;310;291;2024-01-13 10:13:39 UTC
meta;fb_camp_002;fb_adset_004;fb_ad_004;13.01.2024;926.9078;66207;794;317;298;2024-01-13 17:09:19 UTC
meta;fb_camp_002;fb_adset_004;fb_ad_004;13.01.2024;947.962;67711;812;324;305;2024-01-14 00:08:59 UTC
meta;fb_camp_002;fb_adset_004;fb_ad_004;14.01.2024;979.3638;69954;839;335;315;2024-01-14 02:25:00 UTC
meta;fb_camp_002;fb_adset_004;fb_ad_004;14.01.2024;1010.7656;72197;866;346;325;2024-01-14 13:16:59 UTC
meta;fb_camp_002;fb_adset_004;fb_ad_004;14.01.2024;1042.1674;74440;893;357;335;2024-01-15 00:07:59 UTC
meta;fb_camp_002;fb_adset_004;fb_ad_004;15.01.2024;1065.762;76125;913;365;342;2024-01-15 02:22:00 UTC
meta;fb_camp_002;fb_adset_004;fb_ad_004;15.01.2024;1089.3565;77810;933;373;350;2024-01-15 09:25:39 UTC
meta;fb_camp_002;fb_adset_004;fb_ad_004;15.01.2024;1112.951;79495;953;381;358;2024-01-15 16:49:19 UTC
meta;fb_camp_002;fb_adset_004;fb_ad_004;15.01.2024;1136.5456;81181;974;389;366;2024-01-16 00:14:59 UTC
meta;fb_camp_002;fb_adset_004;fb_ad_004;16.01.2024;1151.814;82271;987;394;370;2024-01-16 01:44:00 UTC
meta;fb_camp_002;fb_adset_004;fb_ad_004;16.01.2024;1167.0824;83362;1000;399;375;2024-01-16 06:05:11 UTC
meta;fb_camp_002;fb_adset_004;fb_ad_004;16.01.2024;1182.3508;84453;1013;405;380;2024-01-16 10:32:23 UTC
meta;fb_camp_002;fb_adset_004;fb_ad_004;16.01.2024;1197.6193;85543;1026;410;385;2024-01-16 15:00:35 UTC
meta;fb_camp_002;fb_adset_004;fb_ad_004;16.01.2024;1212.8877;86634;1039;415;390;2024-01-16 19:41:47 UTC
meta;fb_camp_002;fb_adset_004;fb_ad_004;16.01.2024;1228.1561;87725;1052;421;395;2024-01-17 00:08:59 UTC
meta;fb_camp_002;fb_adset_004;fb_ad_004;17.01.2024;1245.5156;88965;1067;426;400;2024-01-17 02:45:00 UTC
meta;fb_camp_002;fb_adset_004;fb_ad_004;17.01.2024;1262.8751;90205;1082;432;406;2024-01-17 07:57:29 UTC
meta;fb_camp_002;fb_adset_004;fb_ad_004;17.01.2024;1280.2346;91445;1097;438;411;2024-01-17 13:27:59 UTC
meta;fb_camp_002;fb_adset_004;fb_ad_004;17.01.2024;1297.5941;92685;1112;444;417;2024-01-17 18:47:29 UTC
meta;fb_camp_002;fb_adset_004;fb_ad_004;17.01.2024;1314.9536;93925;1127;450;423;2024-01-18 00:10:59 UTC
meta;fb_camp_002;fb_adset_004;fb_ad_004;18.01.2024;1330.2645;95018;1140;455;428;2024-01-18 03:33:00 UTC
meta;fb_camp_002;fb_adset_004;fb_ad_004;18.01.2024;1345.5754;96112;1153;460;433;2024-01-18 10:15:59 UTC
meta;fb_camp_002;fb_adset_004;fb_ad_004;18.01.2024;1360.8863;97205;1166;465;438;2024-01-18 17:18:59 UTC
meta;fb_camp_002;fb_adset_004;fb_ad_004;18.01.2024;1376.1972;98299;1179;471;443;2024-01-19 00:07:59 UTC
meta;fb_camp_002;fb_adset_004;fb_ad_004;19.01.2024;1428.0127;102000;1223;489;459;2024-01-19 01:52:00 UTC
meta;fb_camp_002;fb_adset_004;fb_ad_004;19.01.2024;1479.8282;105701;1267;507;476;2024-01-19 12:53:29 UTC
meta;fb_camp_002;fb_adset_004;fb_ad_004;19.01.2024;1531.6437;109403;1312;525;493;2024-01-20 00:04:59 UTC
meta;fb_camp_002;fb_adset_004;fb_ad_004;20.01.2024;1553.0429;110931;1330;532;500;2024-01-20 03:53:00 UTC
meta;fb_camp_002;fb_adset_004;fb_ad_004;20.01.2024;1574.442;112459;1348;539;507;2024-01-20 13:53:29 UTC
meta;fb_camp_002;fb_adset_004;fb_ad_004;20.01.2024;1595.8412;113988;1367;547;514;2024-01-21 00:07:59 UTC
meta;fb_camp_002;fb_adset_004;fb_ad_004;21.01.2024;1607.6248;114829;1377;551;517;2024-01-21 00:21:00 UTC
meta;fb_camp_002;fb_adset_004;fb_ad_004;21.01.2024;1619.4083;115671;1387;555;521;2024-01-21 06:24:59 UTC
meta;fb_camp_002;fb_adset_004;fb_ad_004;21.01.2024;1631.1919;116513;1397;559;525;2024-01-21 12:20:59 UTC
meta;fb_camp_002;fb_adset_004;fb_ad_004;21.01.2024;1642.9754;117355;1407;563;529;2024-01-21 18:08:59 UTC
meta;fb_camp_002;fb_adset_004;fb_ad_004;21.01.2024;1654.759;118197;1418;567;533;2024-01-22 00:09:59 UTC
meta;fb_camp_002;fb_adset_004;fb_ad_004;22.01.2024;1670.9109;119350;1431;572;538;2024-01-22 02:13:00 UTC
meta;fb_camp_002;fb_adset_004;fb_ad_004;22.01.2024;1687.0628;120504;1445;578;543;2024-01-22 09:29:59 UTC
meta;fb_camp_002;fb_adset_004;fb_ad_004;22.01.2024;1703.2147;121657;1459;583;548;2024-01-22 16:52:59 UTC
meta;fb_camp_002;fb_adset_004;fb_ad_004;22.01.2024;1719.3666;122811;1473;589;553;2024-01-23 00:13:59 UTC
meta;fb_camp_002;fb_adset_004;fb_ad_004;23.01.2024;1730.7082;123621;1482;592;556;2024-01-23 00:39:00 UTC
meta;fb_camp_002;fb_adset_004;fb_ad_004;23.01.2024;1742.0497;124431;1492;596;560;2024-01-23 05:17:35 UTC
meta;fb_camp_002;fb_adset_004;fb_ad_004;23.01.2024;1753.3913;125241;1502;600;564;2024-01-23 10:03:11 UTC
meta;fb_camp_002;fb_adset_004;fb_ad_004;23.01.2024;1764.7329;126051;1512;604;567;2024-01-23 14:42:47 UTC
meta;fb_camp_002;fb_adset_004;fb_ad_004;23.01.2024;1776.0744;126861;1522;608;571;2024-01-23 19:28:23 UTC
meta;fb_camp_002;fb_adset_004;fb_ad_004;23.01.2024;1787.416;127672;1532;612;575;2024-01-24 00:09:59 UTC
meta;fb_camp_002;fb_adset_004;fb_ad_004;24.01.2024;1791.2289;127944;1535;613;576;2024-01-24 02:28:00 UTC
meta;fb_camp_002;fb_adset_004;fb_ad_004;24.01.2024;1795.0417;128216;1538;614;577;2024-01-24 13:24:29 UTC
meta;fb_camp_002;fb_adset_004;fb_ad_004;24.01.2024;1798.8546;128489;1541;616;579;2024-01-25 00:13:59 UTC
meta;fb_camp_002;fb_adset_004;fb_ad_004;25.01.2024;1803.4412;128816;1545;617;580;2024-01-25 02:30:00 UTC
meta;fb_camp_002;fb_adset_004;fb_ad_004;25.01.2024;1808.0278;129144;1549;619;582;2024-01-25 06:44:11 UTC
meta;fb_camp_002;fb_adset_004;fb_ad_004;25.01.2024;1812.6144;129472;1553;621;583;2024-01-25 11:07:23 UTC
meta;fb_camp_002;fb_adset_004;fb_ad_004;25.01.2024;1817.2011;129799;1557;622;585;2024-01-25 15:27:35 UTC
meta;fb_camp_002;fb_adset_004;fb_ad_004;25.01.2024;1821.7877;130127;1561;624;586;2024-01-25 19:46:47 UTC
meta;fb_camp_002;fb_adset_004;fb_ad_004;25.01.2024;1826.3743;130455;1565;626;588;2024-01-26 00:04:59 UTC
meta;fb_camp_002;fb_adset_004;fb_ad_004;26.01.2024;1835.0816;131076;1572;628;590;2024-01-26 00:25:00 UTC
meta;fb_camp_002;fb_adset_004;fb_ad_004;26.01.2024;1843.7888;131698;1580;631;593;2024-01-26 05:13:23 UTC
meta;fb_camp_002;fb_adset_004;fb_ad_004;26.01.2024;1852.496;132320;1587;634;596;2024-01-26 09:51:47 UTC
meta;fb_camp_002;fb_adset_004;fb_ad_004;26.01.2024;1861.2033;132942;1595;637;599;2024-01-26 14:41:11 UTC
meta;fb_camp_002;fb_adset_004;fb_ad_004;26.01.2024;1869.9106;133564;1602;640;602;2024-01-26 19:21:35 UTC
meta;fb_camp_002;fb_adset_004;fb_ad_004;26.01.2024;1878.6178;134186;1610;643;605;2024-01-27 00:12:59 UTC
meta;fb_camp_002;fb_adset_004;fb_ad_004;27.01.2024;1880.4198;134314;1611;643;605;2024-01-27 02:23:00 UTC
meta;fb_camp_002;fb_adset_004;fb_ad_004;27.01.2024;1882.2217;134443;1613;644;606;2024-01-27 06:43:59 UTC
meta;fb_camp_002;fb_adset_004;fb_ad_004;27.01.2024;1884.0236;134572;1614;645;606;2024-01-27 11:08:59 UTC
meta;fb_camp_002;fb_adset_004;fb_ad_004;27.01.2024;1885.8256;134701;1616;645;607;2024-01-27 15:22:59 UTC
meta;fb_camp_002;fb_adset_004;fb_ad_004;27.01.2024;1887.6276;134830;1617;646;607;2024-01-27 19:49:59 UTC
meta;fb_camp_002;fb_adset_004;fb_ad_004;27.01.2024;1889.4295;134959;1619;647;608;2024-01-28 00:14:59 UTC
meta;fb_camp_002;fb_adset_004;fb_ad_004;28.01.2024;1899.0256;135644;1627;650;611;2024-01-28 02:03:00 UTC
meta;fb_camp_002;fb_adset_004;fb_ad_004;28.01.2024;1908.6217;136329;1635;653;614;2024-01-28 06:28:23 UTC
meta;fb_camp_002;fb_adset_004;fb_ad_004;28.01.2024;1918.2178;137015;1643;657;617;2024-01-28 10:45:47 UTC
meta;fb_camp_002;fb_adset_004;fb_ad_004;28.01.2024;1927.8139;137700;1651;660;620;2024-01-28 15:12:11 UTC
meta;fb_camp_002;fb_adset_004;fb_ad_004;28.01.2024;1937.41;138385;1659;663;623;2024-01-28 19:38:35 UTC
meta;fb_camp_002;fb_adset_004;fb_ad_004;28.01.2024;1947.0061;139071;1668;667;627;2024-01-29 00:04:59 UTC
meta;fb_camp_002;fb_adset_004;fb_ad_004;29.01.2024;1958.2385;139873;1677;670;630;2024-01-29 02:19:00 UTC
meta;fb_camp_002;fb_adset_004;fb_ad_004;29.01.2024;1969.4709;140675;1687;674;634;2024-01-29 06:37:11 UTC
meta;fb_camp_002;fb_adset_004;fb_ad_004;29.01.2024;1980.7033;141478;1697;678;637;2024-01-29 11:03:23 UTC
meta;fb_camp_002;fb_adset_004;fb_ad_004;29.01.2024;1991.9357;142280;1706;682;641;2024-01-29 15:20:35 UTC
meta;fb_camp_002;fb_adset_004;fb_ad_004;29.01.2024;2003.1681;143082;1716;686;644;2024-01-29 19:38:47 UTC
meta;fb_camp_002;fb_adset_004;fb_ad_004;29.01.2024;2014.4005;143885;1726;690;648;2024-01-30 00:00:59 UTC
meta;fb_camp_002;fb_adset_004;fb_ad_004;30.01.2024;2017.2997;144092;1728;691;649;2024-01-30 02:29:00 UTC
meta;fb_camp_002;fb_adset_004;fb_ad_004;30.01.2024;2020.1989;144299;1731;692;650;2024-01-30 06:53:47 UTC
meta;fb_camp_002;fb_adset_004;fb_ad_004;30.01.2024;2023.0981;144506;1733;693;651;2024-01-30 11:11:35 UTC
meta;fb_camp_002;fb_adset_004;fb_ad_004;30.01.2024;2025.9973;144713;1736;694;652;2024-01-30 15:34:23 UTC
meta;fb_camp_002;fb_adset_004;fb_ad_004;30.01.2024;2028.8965;144920;1738;695;653;2024-01-30 19:51:11 UTC
meta;fb_camp_002;fb_adset_004;fb_ad_004;30.01.2024;2031.7957;145128;1741;696;654;2024-01-31 00:12:59 UTC
meta;fb_camp_002;fb_adset_004;fb_ad_004;31.01.2024;2040.2163;145729;1748;699;656;2024-01-31 01:25:00 UTC
meta;fb_camp_002;fb_adset_004;fb_ad_004;31.01.2024;2048.637;146331;1755;702;659;2024-01-31 08:54:19 UTC
meta;fb_camp_002;fb_adset_004;fb_ad_004;31.01.2024;2057.0576;146932;1762;705;662;2024-01-31 16:28:39 UTC
meta;fb_camp_002;fb_adset_004;fb_ad_004;31.01.2024;2065.4782;147534;1770;708;665;2024-02-01 00:08:59 UTC
meta;fb_camp_002;fb_adset_004;fb_ad_004;01.02.2024;2087.7391;149124;1789;715;672;2024-02-01 01:06:00 UTC
meta;fb_camp_002;fb_adset_004;fb_ad_004;01.02.2024;2109.9999;150714;1808;723;679;2024-02-01 05:34:35 UTC
meta;fb_camp_002;fb_adset_004;fb_ad_004;01.02.2024;2132.2608;152304;1827;730;686;2024-02-01 10:21:11 UTC
meta;fb_camp_002;fb_adset_004;fb_ad_004;01.02.2024;2154.5217;153894;1846;738;693;2024-02-01 14:54:47 UTC
meta;fb_camp_002;fb_adset_004;fb_ad_004;01.02.2024;2176.7825;155484;1865;745;700;2024-02-01 19:27:23 UTC
meta;fb_camp_002;fb_adset_004;fb_ad_004;01.02.2024;2199.0434;157074;1884;753;708;2024-02-02 00:07:59 UTC
meta;fb_camp_002;fb_adset_004;fb_ad_004;02.02.2024;2213.1805;158083;1896;757;712;2024-02-02 01:14:00 UTC
meta;fb_camp_002;fb_adset_004;fb_ad_004;02.02.2024;2227.3176;159093;1908;762;717;2024-02-02 05:37:47 UTC
meta;fb_camp_002;fb_adset_004;fb_ad_004;02.02.2024;2241.4547;160103;1920;767;721;2024-02-02 10:15:35 UTC
meta;fb_camp_002;fb_adset_004;fb_ad_004;02.02.2024;2255.5918;161113;1932;772;726;2024-02-02 14:53:23 UTC
meta;fb_camp_002;fb_adset_004;fb_ad_004;02.02.2024;2269.7289;162123;1944;777;730;2024-02-02 19:29:11 UTC
meta;fb_camp_002;fb_adset_004;fb_ad_004;02.02.2024;2283.866;163133;1957;782;735;2024-02-03 00:10:59 UTC
meta;fb_camp_002;fb_adset_004;fb_ad_004;03.02.2024;2297.4414;164102;1968;786;739;2024-02-03 00:52:00 UTC
meta;fb_camp_002;fb_adset_004;fb_ad_004;03.02.2024;2311.0169;165072;1980;791;744;2024-02-03 05:35:47 UTC
meta;fb_camp_002;fb_adset_004;fb_ad_004;03.02.2024;2324.5923;166042;1992;796;748;2024-02-03 10:05:35 UTC
meta;fb_camp_002;fb_adset_004;fb_ad_004;03.02.2024;2338.1677;167011;2003;800;753;2024-02-03 14:47:23 UTC
meta;fb_camp_002;fb_adset_004;fb_ad_004;03.02.2024;2351.7432;167981;2015;805;757;2024-02-03 19:23:11 UTC
meta;fb_camp_002;fb_adset_004;fb_ad_004;03.02.2024;2365.3186;168951;2027;810;762;2024-02-04 00:07:59 UTC
meta;fb_camp_002;fb_adset_004;fb_ad_004;04.02.2024;2396.0349;171145;2053;820;771;2024-02-04 00:20:00 UTC
meta;fb_camp_002;fb_adset_004;fb_ad_004;04.02.2024;2426.7513;173339;2079;831;781;2024-02-04 08:09:39 UTC
meta;fb_camp_002;fb_adset_004;fb_ad_004;04.02.2024;2457.4676;175533;2105;841;791;2024-02-04 16:10:19 UTC
meta;fb_camp_002;fb_adset_004;fb_ad_004;04.02.2024;2488.1839;177727;2132;852;801;2024-02-05 00:01:59 UTC
meta;fb_camp_002;fb_adset_004;fb_ad_004;05.02.2024;2493.7841;178127;2136;854;802;2024-02-05 03:43:00 UTC
meta;fb_camp_002;fb_adset_004;fb_ad_004;05.02.2024;2499.3843;178527;2141;856;804;2024-02-05 08:55:59 UTC
meta;fb_camp_002;fb_adset_004;fb_ad_004;05.02.2024;2504.9844;178927;2146;858;806;2024-02-05 13:52:59 UTC
meta;fb_camp_002;fb_adset_004;fb_ad_004;05.02.2024;2510.5846;179327;2151;860;808;2024-02-05 19:04:59 UTC
meta;fb_camp_002;fb_adset_004;fb_ad_004;05.02.2024;2516.1848;179727;2156;862;810;2024-02-06 00:10:59 UTC
meta;fb_camp_002;fb_adset_004;fb_ad_004;06.02.2024;2519.0926;179934;2158;863;811;2024-02-06 00:32:00 UTC
meta;fb_camp_002;fb_adset_004;fb_ad_004;06.02.2024;2522.0004;180142;2161;864;812;2024-02-06 05:18:23 UTC
meta;fb_camp_002;fb_adset_004;fb_ad_004;06.02.2024;2524.9082;180350;2163;865;813;2024-02-06 09:59:47 UTC
meta;fb_camp_002;fb_adset_004;fb_ad_004;06.02.2024;2527.8161;180557;2166;866;814;2024-02-06 14:34:11 UTC
meta;fb_camp_002;fb_adset_004;fb_ad_004;06.02.2024;2530.7239;180765;2168;867;815;2024-02-06 19:30:35 UTC
meta;fb_camp_002;fb_adset_004;fb_ad_004;06.02.2024;2533.6317;180973;2171;868;816;2024-02-07 00:04:59 UTC
meta;fb_camp_002;fb_adset_004;fb_ad_004;07.02.2024;2561.6238;182972;2195;877;825;2024-02-07 00:15:00 UTC
meta;fb_camp_002;fb_adset_004;fb_ad_004;07.02.2024;2589.616;184972;2219;887;834;2024-02-07 08:13:59 UTC
meta;fb_camp_002;fb_adset_004;fb_ad_004;07.02.2024;2617.6081;186971;2243;896;843;2024-02-07 16:17:59 UTC
meta;fb_camp_002;fb_adset_004;fb_ad_004;07.02.2024;2645.6002;188971;2267;906;852;2024-02-08 00:11:59 UTC
meta;fb_camp_002;fb_adset_004;fb_ad_004;08.02.2024;2658.9469;189924;2278;910;856;2024-02-08 02:11:00 UTC
meta;fb_camp_002;fb_adset_004;fb_ad_004;08.02.2024;2672.2936;190877;2290;915;860;2024-02-08 09:31:39 UTC
meta;fb_camp_002;fb_adset_004;fb_ad_004;08.02.2024;2685.6404;191830;2301;920;864;2024-02-08 16:49:19 UTC
meta;fb_camp_002;fb_adset_004;fb_ad_004;08.02.2024;2698.9871;192784;2313;925;869;2024-02-09 00:06:59 UTC
meta;fb_camp_002;fb_adset_004;fb_ad_004;09.02.2024;2704.4551;193174;2317;926;870;2024-02-09 00:23:00 UTC
meta;fb_camp_002;fb_adset_004;fb_ad_004;09.02.2024;2709.923;193565;2322;928;872;2024-02-09 06:22:29 UTC
meta;fb_camp_002;fb_adset_004;fb_ad_004;09.02.2024;2715.391;193955;2326;930;874;2024-02-09 12:19:59 UTC
meta;fb_camp_002;fb_adset_004;fb_ad_004;09.02.2024;2720.8589;194346;2331;932;876;2024-02-09 18:19:29 UTC
meta;fb_camp_002;fb_adset_004;fb_ad_004;09.02.2024;2726.3269;194737;2336;934;878;2024-02-10 00:01:59 UTC
meta;fb_camp_002;fb_adset_004;fb_ad_004;10.02.2024;2729.1611;194939;2338;935;878;2024-02-10 01:50:00 UTC
meta;fb_camp_002;fb_adset_004;fb_ad_004;10.02.2024;2731.9954;195142;2341;936;879;2024-02-10 09:21:59 UTC
meta;fb_camp_002;fb_adset_004;fb_ad_004;10.02.2024;2734.8296;195344;2343;937;880;2024-02-10 16:48:59 UTC
meta;fb_camp_002;fb_adset_004;fb_ad_004;10.02.2024;2737.6638;195547;2346;938;881;2024-02-11 00:02:59 UTC
meta;fb_camp_002;fb_adset_004;fb_ad_004;11.02.2024;2750.6948;196477;2357;942;885;2024-02-11 03:06:00 UTC
meta;fb_camp_002;fb_adset_004;fb_ad_004;11.02.2024;2763.7259;197408;2368;946;889;2024-02-11 08:19:59 UTC
meta;fb_camp_002;fb_adset_004;fb_ad_004;11.02.2024;2776.7569;198339;2379;951;893;2024-02-11 13:38:59 UTC
meta;fb_camp_002;fb_adset_004;fb_ad_004;11.02.2024;2789.788;199270;2390;955;897;2024-02-11 18:47:59 UTC
meta;fb_camp_002;fb_adset_004;fb_ad_004;11.02.2024;2802.819;200201;2402;960;902;2024-02-12 00:04:59 UTC
meta;fb_camp_002;fb_adset_004;fb_ad_004;12.02.2024;2812.5626;200897;2410;963;905;2024-02-12 00:44:00 UTC
meta;fb_camp_002;fb_adset_004;fb_ad_004;12.02.2024;2822.3061;201593;2418;966;908;2024-02-12 06:31:29 UTC
meta;fb_camp_002;fb_adset_004;fb_ad_004;12.02.2024;2832.0497;202289;2427;970;911;2024-02-12 12:30:59 UTC
meta;fb_camp_002;fb_adset_004;fb_ad_004;12.02.2024;2841.7932;202985;2435;973;914;2024-02-12 18:11:29 UTC
meta;fb_camp_002;fb_adset_004;fb_ad_004;12.02.2024;2851.5368;203681;2444;977;918;2024-02-13 00:00:59 UTC
meta;fb_camp_002;fb_adset_004;fb_ad_004;13.02.2024;2862.1298;204437;2453;980;921;2024-02-13 02:36:00 UTC
meta;fb_camp_002;fb_adset_004;fb_ad_004;13.02.2024;2872.7227;205194;2462;984;925;2024-02-13 09:43:19 UTC
meta;fb_camp_002;fb_adset_004;fb_ad_004;13.02.2024;2883.3156;205950;2471;988;928;2024-02-13 16:54:39 UTC
meta;fb_camp_002;fb_adset_004;fb_ad_004;13.02.2024;2893.9086;206707;2480;992;932;2024-02-14 00:05:59 UTC
meta;fb_camp_002;fb_adset_004;fb_ad_004;14.02.2024;2895.0261;206787;2481;992;932;2024-02-14 00:16:00 UTC
meta;fb_camp_002;fb_adset_004;fb_ad_004;14.02.2024;2896.1436;206867;2482;992;932;2024-02-14 08:17:39 UTC
meta;fb_camp_002;fb_adset_004;fb_ad_004;14.02.2024;2897.2611;206947;2483;992;932;2024-02-14 16:08:19 UTC
meta;fb_camp_002;fb_adset_004;fb_ad_004;14.02.2024;2898.3786;207027;2484;993;933;2024-02-15 00:13:59 UTC
meta;fb_camp_002;fb_adset_004;fb_ad_004;15.02.2024;2936.906;209778;2517;1006;945;2024-02-15 00:34:00 UTC
meta;fb_camp_002;fb_adset_004;fb_ad_004;15.02.2024;2975.4335;212530;2550;1019;958;2024-02-15 08:32:19 UTC
meta;fb_camp_002;fb_adset_004;fb_ad_004;15.02.2024;3013.961;215282;2583;1032;970;2024-02-15 16:10:39 UTC
meta;fb_camp_002;fb_adset_004;fb_ad_004;15.02.2024;3052.4884;218034;2616;1046;983;2024-02-16 00:01:59 UTC
meta;fb_camp_002;fb_adset_004;fb_ad_004;16.02.2024;3056.0696;218290;2619;1047;984;2024-02-16 00:36:00 UTC
meta;fb_camp_002;fb_adset_004;fb_ad_004;16.02.2024;3059.6507;218546;2622;1048;985;2024-02-16 08:24:59 UTC
meta;fb_camp_002;fb_adset_004;fb_ad_004;16.02.2024;3063.2318;218802;2625;1049;986;2024-02-16 16:21:59 UTC
meta;fb_camp_002;fb_adset_004;fb_ad_004;16.02.2024;3066.813;219058;2628;1051;988;2024-02-17 00:05:59 UTC
meta;fb_camp_002;fb_adset_004;fb_ad_004;17.02.2024;3078.248;219874;2637;1054;991;2024-02-17 04:06:00 UTC
meta;fb_camp_002;fb_adset_004;fb_ad_004;17.02.2024;3089.6831;220691;2647;1058;995;2024-02-17 10:46:19 UTC
meta;fb_camp_002;fb_adset_004;fb_ad_004;17.02.2024;3101.1181;221508;2657;1062;998;2024-02-17 17:31:39 UTC
meta;fb_camp_002;fb_adset_004;fb_ad_004;17.02.2024;3112.5532;222325;2667;1066;1002;2024-02-18 00:05:59 UTC
meta;fb_camp_002;fb_adset_004;fb_ad_004;18.02.2024;3122.5103;223036;2675;1069;1005;2024-02-18 02:13:00 UTC
meta;fb_camp_002;fb_adset_004;fb_ad_004;18.02.2024;3132.4674;223747;2684;1073;1008;2024-02-18 09:34:39 UTC
meta;fb_camp_002;fb_adset_004;fb_ad_004;18.02.2024;3142.4245;224458;2692;1076;1011;2024-02-18 16:42:19 UTC
meta;fb_camp_002;fb_adset_004;fb_ad_004;18.02.2024;3152.3816;225170;2701;1080;1015;2024-02-19 00:03:59 UTC
meta;fb_camp_002;fb_adset_004;fb_ad_004;19.02.2024;3174.0334;226716;2719;1087;1022;2024-02-19 01:48:00 UTC
meta;fb_camp_002;fb_adset_004;fb_ad_004;19.02.2024;3195.6853;228263;2738;1095;1029;2024-02-19 09:14:19 UTC
meta;fb_camp_002;fb_adset_004;fb_ad_004;19.02.2024;3217.3372;229809;2757;1102;1036;2024-02-19 16:37:39 UTC
meta;fb_camp_002;fb_adset_004;fb_ad_004;19.02.2024;3238.989;231356;2776;1110;1043;2024-02-20 00:03:59 UTC
meta;fb_camp_002;fb_adset_004;fb_ad_004;20.02.2024;3241.8592;231561;2778;1111;1044;2024-02-20 00:39:00 UTC
meta;fb_camp_002;fb_adset_004;fb_ad_004;20.02.2024;3244.7293;231766;2781;1112;1045;2024-02-20 08:30:59 UTC
meta;fb_camp_002;fb_adset_004;fb_ad_004;20.02.2024;3247.5994;231971;2783;1113;1046;2024-02-20 16:21:59 UTC
meta;fb_camp_002;fb_adset_004;fb_ad_004;20.02.2024;3250.4696;232176;2786;1114;1047;2024-02-21 00:01:59 UTC
meta;fb_camp_002;fb_adset_004;fb_ad_004;21.02.2024;3276.9543;234067;2808;1123;1055;2024-02-21 00:57:00 UTC
meta;fb_camp_002;fb_adset_004;fb_ad_004;21.02.2024;3303.439;235959;2831;1132;1063;2024-02-21 12:37:29 UTC
meta;fb_camp_002;fb_adset_004;fb_ad_004;21.02.2024;3329.9237;237851;2854;1141;1072;2024-02-22 00:06:59 UTC
meta;fb_camp_002;fb_adset_004;fb_ad_004;22.02.2024;3351.7219;239408;2872;1148;1079;2024-02-22 01:07:00 UTC
meta;fb_camp_002;fb_adset_004;fb_ad_004;22.02.2024;3373.5202;240965;2891;1155;1086;2024-02-22 12:45:59 UTC
meta;fb_camp_002;fb_adset_004;fb_ad_004;22.02.2024;3395.3184;242522;2910;1163;1093;2024-02-23 00:10:59 UTC
meta;fb_camp_002;fb_adset_004;fb_ad_004;23.02.2024;3406.0806;243290;2919;1166;1096;2024-02-23 03:22:00 UTC
meta;fb_camp_002;fb_adset_004;fb_ad_004;23.02.2024;3416.8428;244059;2928;1170;1100;2024-02-23 13:38:29 UTC
meta;fb_camp_002;fb_adset_004;fb_ad_004;23.02.2024;3427.605;244828;2937;1174;1104;2024-02-24 00:00:59 UTC
meta;fb_camp_002;fb_adset_004;fb_ad_004;24.02.2024;3453.4302;246672;2959;1183;1112;2024-02-24 02:43:00 UTC
meta;fb_camp_002;fb_adset_004;fb_ad_004;24.02.2024;3479.2554;248517;2981;1192;1120;2024-02-24 13:33:59 UTC
meta;fb_camp_002;fb_adset_004;fb_ad_004;24.02.2024;3505.0806;250362;3004;1201;1129;2024-02-25 00:01:59 UTC
meta;fb_camp_002;fb_adset_004;fb_ad_004;25.02.2024;3524.2471;251731;3020;1207;1135;2024-02-25 01:52:00 UTC
meta;fb_camp_002;fb_adset_004;fb_ad_004;25.02.2024;3543.4136;253100;3036;1214;1141;2024-02-25 12:52:29 UTC
meta;fb_camp_002;fb_adset_004;fb_ad_004;25.02.2024;3562.5801;254469;3053;1221;1147;2024-02-26 00:02:59 UTC
meta;fb_camp_002;fb_adset_004;fb_ad_004;26.02.2024;3598.2716;257018;3083;1233;1158;2024-02-26 00:08:00 UTC
meta;fb_camp_002;fb_adset_004;fb_ad_004;26.02.2024;3633.9631;259567;3114;1245;1170;2024-02-26 06:17:44 UTC
meta;fb_camp_002;fb_adset_004;fb_ad_004;26.02.2024;3669.6545;262117;3144;1257;1181;2024-02-26 12:14:29 UTC
meta;fb_camp_002;fb_adset_004;fb_ad_004;26.02.2024;3705.346;264666;3175;1269;1193;2024-02-26 18:06:14 UTC
meta;fb_camp_002;fb_adset_004;fb_ad_004;26.02.2024;3741.0375;267216;3206;1282;1205;2024-02-27 00:09:59 UTC
meta;fb_camp_002;fb_adset_004;fb_ad_004;27.02.2024;3750.7742;267911;3214;1285;1208;2024-02-27 02:24:00 UTC
meta;fb_camp_002;fb_adset_004;fb_ad_004;27.02.2024;3760.5109;268607;3222;1288;1211;2024-02-27 07:46:29 UTC
meta;fb_camp_002;fb_adset_004;fb_ad_004;27.02.2024;3770.2476;269302;3231;1292;1214;2024-02-27 13:17:59 UTC
meta;fb_camp_002;fb_adset_004;fb_ad_004;27.02.2024;3779.9843;269998;3239;1295;1217;2024-02-27 18:44:29 UTC
meta;fb_camp_002;fb_adset_004;fb_ad_004;27.02.2024;3789.721;270694;3248;1299;1220;2024-02-28 00:09:59 UTC
meta;fb_camp_002;fb_adset_004;fb_ad_004;28.02.2024;3795.7695;271126;3253;1301;1222;2024-02-28 00:20:00 UTC
meta;fb_camp_002;fb_adset_004;fb_ad_004;28.02.2024;3801.818;271558;3258;1303;1224;2024-02-28 08:13:59 UTC
meta;fb_camp_002;fb_adset_004;fb_ad_004;28.02.2024;3807.8665;271990;3263;1305;1226;2024-02-28 16:14:59 UTC
meta;fb_camp_002;fb_adset_004;fb_ad_004;28.02.2024;3813.915;272422;3268;1307;1228;2024-02-29 00:00:59 UTC
meta;fb_camp_002;fb_adset_004;fb_ad_004;29.02.2024;3833.9195;273851;3285;1313;1234;2024-02-29 01:21:00 UTC
meta;fb_camp_002;fb_adset_004;fb_ad_004;29.02.2024;3853.924;275280;3302;1320;1241;2024-02-29 09:06:59 UTC
meta;fb_camp_002;fb_adset_004;fb_ad_004;29.02.2024;3873.9286;276709;3319;1327;1247;2024-02-29 16:38:59 UTC
meta;fb_camp_002;fb_adset_004;fb_ad_004;29.02.2024;3893.9331;278138;3337;1334;1254;2024-03-01 00:08:59 UTC
meta;fb_camp_002;fb_adset_004;fb_ad_004;01.03.2024;3908.5988;279185;3349;1339;1258;2024-03-01 01:03:00 UTC
meta;fb_camp_002;fb_adset_004;fb_ad_004;01.03.2024;3923.2645;280232;3362;1344;1263;2024-03-01 12:44:29 UTC
meta;fb_camp_002;fb_adset_004;fb_ad_004;01.03.2024;3937.9302;281280;3375;1349;1268;2024-03-02 00:08:59 UTC
meta;fb_camp_002;fb_adset_004;fb_ad_004;02.03.2024;3947.3675;281954;3383;1352;1271;2024-03-02 02:54:00 UTC
meta;fb_camp_002;fb_adset_004;fb_ad_004;02.03.2024;3956.8049;282628;3391;1355;1274;2024-03-02 07:02:11 UTC
meta;fb_camp_002;fb_adset_004;fb_ad_004;02.03.2024;3966.2422;283302;3399;1359;1277;2024-03-02 11:22:23 UTC
meta;fb_camp_002;fb_adset_004;fb_ad_004;02.03.2024;3975.6795;283976;3407;1362;1280;2024-03-02 15:40:35 UTC
meta;fb_camp_002;fb_adset_004;fb_ad_004;02.03.2024;3985.1169;284650;3415;1365;1283;2024-03-02 19:46:47 UTC
meta;fb_camp_002;fb_adset_004;fb_ad_004;02.03.2024;3994.5542;285325;3423;1369;1286;2024-03-03 00:02:59 UTC
meta;fb_camp_002;fb_adset_004;fb_ad_004;03.03.2024;3998.0724;285576;3426;1370;1287;2024-03-03 03:31:00 UTC
meta;fb_camp_002;fb_adset_004;fb_ad_004;03.03.2024;4001.5905;285827;3429;1371;1288;2024-03-03 08:44:14 UTC
meta;fb_camp_002;fb_adset_004;fb_ad_004;03.03.2024;4005.1087;286078;3432;1372;1289;2024-03-03 13:47:29 UTC
meta;fb_camp_002;fb_adset_004;fb_ad_004;03.03.2024;4008.6268;286329;3435;1373;1290;2024-03-03 18:58:44 UTC
meta;fb_camp_002;fb_adset_004;fb_ad_004;03.03.2024;4012.145;286581;3438;1375;1292;2024-03-04 00:01:59 UTC
meta;fb_camp_002;fb_adset_004;fb_ad_004;04.03.2024;4029.6531;287831;3453;1381;1297;2024-03-04 00:31:00 UTC
meta;fb_camp_002;fb_adset_004;fb_ad_004;04.03.2024;4047.1611;289082;3468;1387;1303;2024-03-04 06:30:44 UTC
meta;fb_camp_002;fb_adset_004;fb_ad_004;04.03.2024;4064.6692;290332;3483;1393;1308;2024-03-04 12:17:29 UTC
meta;fb_camp_002;fb_adset_004;fb_ad_004;04.03.2024;4082.1772;291583;3498;1399;1314;2024-03-04 18:15:14 UTC
meta;fb_camp_002;fb_adset_004;fb_ad_004;04.03.2024;4099.6853;292834;3513;1405;1320;2024-03-05 00:12:59 UTC
meta;fb_camp_002;fb_adset_004;fb_ad_004;05.03.2024;4107.3712;293383;3519;1407;1322;2024-03-05 02:47:00 UTC
meta;fb_camp_002;fb_adset_004;fb_ad_004;05.03.2024;4115.0571;293932;3526;1410;1325;2024-03-05 07:57:14 UTC
meta;fb_camp_002;fb_adset_004;fb_ad_004;05.03.2024;4122.743;294481;3532;1412;1327;2024-03-05 13:19:29 UTC
meta;fb_camp_002;fb_adset_004;fb_ad_004;05.03.2024;4130.4289;295030;3539;1415;1330;2024-03-05 18:44:44 UTC
meta;fb_camp_002;fb_adset_004;fb_ad_004;05.03.2024;4138.1148;295579;3546;1418;1333;2024-03-06 00:07:59 UTC
meta;fb_camp_002;fb_adset_004;fb_ad_004;06.03.2024;4161.1623;297225;3566;1426;1340;2024-03-06 03:26:00 UTC
meta;fb_camp_002;fb_adset_004;fb_ad_004;06.03.2024;4184.2097;298871;3586;1434;1347;2024-03-06 13:48:59 UTC
meta;fb_camp_002;fb_adset_004;fb_ad_004;06.03.2024;4207.2572;300518;3606;1442;1355;2024-03-07 00:11:59 UTC
meta;fb_camp_002;fb_adset_004;fb_ad_004;07.03.2024;4248.8143;303486;3641;1456;1368;2024-03-07 03:23:00 UTC
meta;fb_camp_002;fb_adset_004;fb_ad_004;07.03.2024;4290.3714;306454;3677;1470;1381;2024-03-07 08:32:29 UTC
meta;fb_camp_002;fb_adset_004;fb_ad_004;07.03.2024;4331.9284;309423;3712;1484;1395;2024-03-07 13:41:59 UTC
meta;fb_camp_002;fb_adset_004;fb_ad_004;07.03.2024;4373.4855;312391;3748;1498;1408;2024-03-07 19:02:29 UTC
meta;fb_camp_002;fb_adset_004;fb_ad_004;07.03.2024;4415.0426;315360;3784;1513;1422;2024-03-08 00:06:59 UTC
meta;fb_camp_002;fb_adset_004;fb_ad_004;08.03.2024;4426.6654;316190;3794;1517;1425;2024-03-08 01:11:00 UTC
meta;fb_camp_002;fb_adset_004;fb_ad_004;08.03.2024;4438.2882;317020;3804;1521;1429;2024-03-08 08:50:59 UTC
meta;fb_camp_002;fb_adset_004;fb_ad_004;08.03.2024;4449.9109;317850;3814;1525;1433;2024-03-08 16:26:59 UTC
meta;fb_camp_002;fb_adset_004;fb_ad_004;08.03.2024;4461.5337;318680;3824;1529;1437;2024-03-09 00:10:59 UTC
meta;fb_camp_002;fb_adset_004;fb_ad_004;09.03.2024;4480.7319;320051;3840;1535;1443;2024-03-09 01:11:00 UTC
meta;fb_camp_002;fb_adset_004;fb_ad_004;09.03.2024;4499.9301;321422;3856;1542;1449;2024-03-09 06:52:59 UTC
meta;fb_camp_002;fb_adset_004;fb_ad_004;09.03.2024;4519.1284;322794;3873;1548;1455;2024-03-09 12:40:59 UTC
meta;fb_camp_002;fb_adset_004;fb_ad_004;09.03.2024;4538.3266;324165;3889;1555;1461;2024-03-09 18:16:59 UTC
meta;fb_camp_002;fb_adset_004;fb_ad_004;09.03.2024;4557.5248;325537;3906;1562;1468;2024-03-10 00:06:59 UTC
meta;fb_camp_002;fb_adset_004;fb_ad_004;10.03.2024;4565.7029;326121;3913;1564;1470;2024-03-10 00:10:00 UTC
meta;fb_camp_002;fb_adset_004;fb_ad_004;10.03.2024;4573.8809;326705;3920;1567;1473;2024-03-10 05:00:35 UTC
meta;fb_camp_002;fb_adset_004;fb_ad_004;10.03.2024;4582.059;327289;3927;1570;1476;2024-03-10 09:47:11 UTC
meta;fb_camp_002;fb_adset_004;fb_ad_004;10.03.2024;4590.2371;327873;3934;1573;1478;2024-03-10 14:38:47 UTC
meta;fb_camp_002;fb_adset_004;fb_ad_004;10.03.2024;4598.4151;328457;3941;1576;1481;2024-03-10 19:23:23 UTC
meta;fb_camp_002;fb_adset_004;fb_ad_004;10.03.2024;4606.5932;329042;3948;1579;1484;2024-03-11 00:01:59 UTC
meta;fb_camp_002;fb_adset_004;fb_ad_004;11.03.2024;4614.7603;329625;3955;1581;1486;2024-03-11 00:27:00 UTC
meta;fb_camp_002;fb_adset_004;fb_ad_004;11.03.2024;4622.9274;330208;3962;1584;1489;2024-03-11 08:21:19 UTC
meta;fb_camp_002;fb_adset_004;fb_ad_004;11.03.2024;4631.0946;330791;3969;1587;1491;2024-03-11 16:11:39 UTC
meta;fb_camp_002;fb_adset_004;fb_ad_004;11.03.2024;4639.2617;331375;3976;1590;1494;2024-03-12 00:09:59 UTC
meta;fb_camp_002;fb_adset_004;fb_ad_004;12.03.2024;4662.0404;333002;3995;1597;1501;2024-03-12 00:28:00 UTC
meta;fb_camp_002;fb_adset_004;fb_ad_004;12.03.2024;4684.819;334629;4015;1605;1508;2024-03-12 05:06:11 UTC
meta;fb_camp_002;fb_adset_004;fb_ad_004;12.03.2024;4707.5977;336256;4034;1613;1516;2024-03-12 09:56:23 UTC
meta;fb_camp_002;fb_adset_004;fb_ad_004;12.03.2024;4730.3764;337883;4054;1621;1523;2024-03-12 14:37:35 UTC
meta;fb_camp_002;fb_adset_004;fb_ad_004;12.03.2024;4753.155;339510;4073;1629;1530;2024-03-12 19:19:47 UTC
meta;fb_camp_002;fb_adset_004;fb_ad_004;12.03.2024;4775.9337;341138;4093;1637;1538;2024-03-13 00:12:59 UTC
meta;fb_camp_002;fb_adset_004;fb_ad_004;13.03.2024;4777.5092;341250;4094;1637;1538;2024-03-13 03:30:00 UTC
meta;fb_camp_002;fb_adset_004;fb_ad_004;13.03.2024;4779.0847;341362;4095;1637;1539;2024-03-13 08:42:29 UTC
meta;fb_camp_002;fb_adset_004;fb_ad_004;13.03.2024;4780.6601;341475;4097;1638;1539;2024-03-13 13:50:59 UTC
meta;fb_camp_002;fb_adset_004;fb_ad_004;13.03.2024;4782.2356;341587;4098;1638;1540;2024-03-13 18:57:29 UTC
meta;fb_camp_002;fb_adset_004;fb_ad_004;13.03.2024;4783.8111;341700;4100;1639;1541;2024-03-14 00:07:59 UTC
meta;fb_camp_002;fb_adset_004;fb_ad_004;14.03.2024;4806.4849;343319;4119;1646;1548;2024-03-14 01:57:00 UTC
meta;fb_camp_002;fb_adset_004;fb_ad_004;14.03.2024;4829.1587;344939;4138;1654;1555;2024-03-14 07:23:44 UTC
meta;fb_camp_002;fb_adset_004;fb_ad_004;14.03.2024;4851.8324;346558;4158;1662;1562;2024-03-14 12:56:29 UTC
meta;fb_camp_002;fb_adset_004;fb_ad_004;14.03.2024;4874.5062;348178;4177;1670;1569;2024-03-14 18:32:14 UTC
meta;fb_camp_002;fb_adset_004;fb_ad_004;14.03.2024;4897.18;349798;4197;1678;1577;2024-03-15 00:07:59 UTC
meta;fb_camp_002;fb_adset_004;fb_ad_004;15.03.2024;4898.2999;349878;4198;1678;1577;2024-03-15 01:43:00 UTC
meta;fb_camp_002;fb_adset_004;fb_ad_004;15.03.2024;4899.4198;349958;4199;1679;1577;2024-03-15 06:08:59 UTC
meta;fb_camp_002;fb_adset_004;fb_ad_004;15.03.2024;4900.5398;350038;4200;1679;1578;2024-03-15 10:37:59 UTC
meta;fb_camp_002;fb_adset_004;fb_ad_004;15.03.2024;4901.6597;350118;4201;1680;1578;2024-03-15 15:15:59 UTC
meta;fb_camp_002;fb_adset_004;fb_ad_004;15.03.2024;4902.7796;350198;4202;1680;1578;2024-03-15 19:32:59 UTC
meta;fb_camp_002;fb_adset_004;fb_ad_004;15.03.2024;4903.8995;350278;4203;1681;1579;2024-03-16 00:13:59 UTC
meta;fb_camp_002;fb_adset_004;fb_ad_004;16.03.2024;4939.0821;352791;4233;1693;1590;2024-03-16 03:44:00 UTC
meta;fb_camp_002;fb_adset_004;fb_ad_004;16.03.2024;4974.2647;355304;4263;1705;1601;2024-03-16 13:54:29 UTC
meta;fb_camp_002;fb_adset_004;fb_ad_004;16.03.2024;5009.4473;357817;4293;1717;1613;2024-03-17 00:06:59 UTC
meta;fb_camp_002;fb_adset_004;fb_ad_004;17.03.2024;5020.9041;358635;4302;1720;1616;2024-03-17 01:29:00 UTC
meta;fb_camp_002;fb_adset_004;fb_ad_004;17.03.2024;5032.3608;359453;4312;1724;1620;2024-03-17 07:09:14 UTC
meta;fb_camp_002;fb_adset_004;fb_ad_004;17.03.2024;5043.8176;360272;4322;1728;1624;2024-03-17 12:41:29 UTC
meta;fb_camp_002;fb_adset_004;fb_ad_004;17.03.2024;5055.2743;361090;4332;1732;1628;2024-03-17 18:32:44 UTC
meta;fb_camp_002;fb_adset_004;fb_ad_004;17.03.2024;5066.7311;361909;4342;1736;1632;2024-03-18 00:01:59 UTC
meta;fb_camp_002;fb_adset_004;fb_ad_004;18.03.2024;5070.7738;362197;4345;1737;1633;2024-03-18 03:17:00 UTC
meta;fb_camp_002;fb_adset_004;fb_ad_004;18.03.2024;5074.8165;362486;4349;1739;1634;2024-03-18 07:32:35 UTC
meta;fb_camp_002;fb_adset_004;fb_ad_004;18.03.2024;5078.8592;362775;4352;1740;1636;2024-03-18 11:39:11 UTC
meta;fb_camp_002;fb_adset_004;fb_ad_004;18.03.2024;5082.9019;363063;4356;1742;1637;2024-03-18 15:48:47 UTC
meta;fb_camp_002;fb_adset_004;fb_ad_004;18.03.2024;5086.9446;363352;4359;1743;1638;2024-03-18 19:59:23 UTC
meta;fb_camp_002;fb_adset_004;fb_ad_004;18.03.2024;5090.9873;363641;4363;1745;1640;2024-03-19 00:04:59 UTC
meta;fb_camp_002;fb_adset_004;fb_ad_004;19.03.2024;5099.1081;364221;4370;1747;1642;2024-03-19 00:49:00 UTC
meta;fb_camp_002;fb_adset_004;fb_ad_004;19.03.2024;5107.2289;364801;4377;1750;1645;2024-03-19 06:42:59 UTC
meta;fb_camp_002;fb_adset_004;fb_ad_004;19.03.2024;5115.3496;365381;4384;1753;1647;2024-03-19 12:38:59 UTC
meta;fb_camp_002;fb_adset_004;fb_ad_004;19.03.2024;5123.4704;365961;4391;1756;1650;2024-03-19 18:26:59 UTC
meta;fb_camp_002;fb_adset_004;fb_ad_004;19.03.2024;5131.5912;366542;4398;1759;1653;2024-03-20 00:01:59 UTC
meta;fb_camp_002;fb_adset_004;fb_ad_004;20.03.2024;5146.9956;367642;4411;1764;1657;2024-03-20 03:34:00 UTC
meta;fb_camp_002;fb_adset_004;fb_ad_004;20.03.2024;5162.4;368742;4424;1769;1662;2024-03-20 07:34:59 UTC
meta;fb_camp_002;fb_adset_004;fb_ad_004;20.03.2024;5177.8044;369843;4437;1774;1667;2024-03-20 11:43:59 UTC
meta;fb_camp_002;fb_adset_004;fb_ad_004;20.03.2024;5193.2089;370943;4450;1779;1672;2024-03-20 15:51:59 UTC
meta;fb_camp_002;fb_adset_004;fb_ad_004;20.03.2024;5208.6133;372043;4463;1784;1677;2024-03-20 19:52:59 UTC
meta;fb_camp_002;fb_adset_004;fb_ad_004;20.03.2024;5224.0177;373144;4477;1790;1682;2024-03-21 00:00:59 UTC
meta;fb_camp_002;fb_adset_004;fb_ad_004;21.03.2024;5272.8134;376629;4518;1806;1697;2024-03-21 03:08:00 UTC
meta;fb_camp_002;fb_adset_004;fb_ad_004;21.03.2024;5321.609;380114;4560;1823;1713;2024-03-21 10:00:19 UTC
meta;fb_camp_002;fb_adset_004;fb_ad_004;21.03.2024;5370.4047;383599;4602;1840;1729;2024-03-21 17:06:39 UTC
meta;fb_camp_002;fb_adset_004;fb_ad_004;21.03.2024;5419.2003;387085;4644;1857;1745;2024-03-22 00:06:59 UTC
meta;fb_camp_002;fb_adset_004;fb_ad_004;22.03.2024;5422.2006;387299;4646;1858;1746;2024-03-22 02:52:00 UTC
meta;fb_camp_002;fb_adset_004;fb_ad_004;22.03.2024;5425.201;387513;4649;1859;1747;2024-03-22 09:57:59 UTC
meta;fb_camp_002;fb_adset_004;fb_ad_004;22.03.2024;5428.2013;387727;4652;1860;1748;2024-03-22 17:07:59 UTC
meta;fb_camp_002;fb_adset_004;fb_ad_004;22.03.2024;5431.2016;387942;4655;1861;1749;2024-03-23 00:01:59 UTC
meta;fb_camp_002;fb_adset_004;fb_ad_004;23.03.2024;5435.4778;388247;4658;1862;1750;2024-03-23 03:39:00 UTC
meta;fb_camp_002;fb_adset_004;fb_ad_004;23.03.2024;5439.7541;388553;4662;1864;1751;2024-03-23 07:49:59 UTC
meta;fb_camp_002;fb_adset_004;fb_ad_004;23.03.2024;5444.0303;388858;4666;1865;1753;2024-03-23 11:44:59 UTC
meta;fb_camp_002;fb_adset_004;fb_ad_004;23.03.2024;5448.3065;389164;4669;1867;1754;2024-03-23 15:56:59 UTC
meta;fb_camp_002;fb_adset_004;fb_ad_004;23.03.2024;5452.5828;389469;4673;1868;1755;2024-03-23 19:54:59 UTC
meta;fb_camp_002;fb_adset_004;fb_ad_004;23.03.2024;5456.859;389775;4677;1870;1757;2024-03-24 00:06:59 UTC
meta;fb_camp_002;fb_adset_004;fb_ad_004;24.03.2024;5460.0653;390004;4679;1871;1758;2024-03-24 03:44:00 UTC
meta;fb_camp_002;fb_adset_004;fb_ad_004;24.03.2024;5463.2716;390233;4682;1872;1759;2024-03-24 08:52:44 UTC
meta;fb_camp_002;fb_adset_004;fb_ad_004;24.03.2024;5466.4778;390462;4684;1873;1760;2024-03-24 13:59:29 UTC
meta;fb_camp_002;fb_adset_004;fb_ad_004;24.03.2024;5469.6841;390691;4687;1874;1761;2024-03-24 19:00:14 UTC
meta;fb_camp_002;fb_adset_004;fb_ad_004;24.03.2024;5472.8904;390920;4690;1876;1763;2024-03-25 00:12:59 UTC
meta;fb_camp_002;fb_adset_004;fb_ad_004;25.03.2024;5482.6412;391616;4698;1879;1766;2024-03-25 02:04:00 UTC
meta;fb_camp_002;fb_adset_004;fb_ad_004;25.03.2024;5492.3921;392313;4706;1882;1769;2024-03-25 07:42:14 UTC
meta;fb_camp_002;fb_adset_004;fb_ad_004;25.03.2024;5502.1429;393009;4715;1885;1772;2024-03-25 13:02:29 UTC
meta;fb_camp_002;fb_adset_004;fb_ad_004;25.03.2024;5511.8938;393706;4723;1888;1775;2024-03-25 18:33:44 UTC
meta;fb_camp_002;fb_adset_004;fb_ad_004;25.03.2024;5521.6446;394403;4732;1892;1778;2024-03-26 00:13:59 UTC
meta;fb_camp_002;fb_adset_004;fb_ad_004;26.03.2024;5543.1426;395938;4750;1899;1785;2024-03-26 03:03:00 UTC
meta;fb_camp_002;fb_adset_004;fb_ad_004;26.03.2024;5564.6406;397473;4768;1906;1792;2024-03-26 08:18:14 UTC
meta;fb_camp_002;fb_adset_004;fb_ad_004;26.03.2024;5586.1386;399009;4787;1914;1799;2024-03-26 13:26:29 UTC
meta;fb_camp_002;fb_adset_004;fb_ad_004;26.03.2024;5607.6366;400544;4805;1921;1806;2024-03-26 18:55:44 UTC
meta;fb_camp_002;fb_adset_004;fb_ad_004;26.03.2024;5629.1346;402080;4824;1929;1813;2024-03-27 00:14:59 UTC
meta;fb_camp_002;fb_adset_004;fb_ad_004;27.03.2024;5631.905;402278;4826;1930;1813;2024-03-27 03:13:00 UTC
meta;fb_camp_002;fb_adset_004;fb_ad_004;27.03.2024;5634.6755;402476;4828;1931;1814;2024-03-27 08:25:29 UTC
meta;fb_camp_002;fb_adset_004;fb_ad_004;27.03.2024;5637.4459;402674;4831;1932;1815;2024-03-27 13:38:59 UTC
meta;fb_camp_002;fb_adset_004;fb_ad_004;27.03.2024;5640.2164;402872;4833;1933;1816;2024-03-27 18:53:29 UTC
meta;fb_camp_002;fb_adset_004;fb_ad_004;27.03.2024;5642.9868;403070;4836;1934;1817;2024-03-28 00:05:59 UTC
meta;fb_camp_002;fb_adset_004;fb_ad_004;28.03.2024;5661.6955;404406;4852;1940;1823;2024-03-28 01:19:00 UTC
meta;fb_camp_002;fb_adset_004;fb_ad_004;28.03.2024;5680.4043;405742;4868;1946;1829;2024-03-28 12:48:29 UTC
meta;fb_camp_002;fb_adset_004;fb_ad_004;28.03.2024;5699.113;407079;4884;1953;1836;2024-03-29 00:04:59 UTC
meta;fb_camp_002;fb_adset_004;fb_ad_004;29.03.2024;5734.1693;409583;4914;1965;1847;2024-03-29 01:00:00 UTC
meta;fb_camp_002;fb_adset_004;fb_ad_004;29.03.2024;5769.2256;412087;4944;1977;1858;2024-03-29 12:29:29 UTC
meta;fb_camp_002;fb_adset_004;fb_ad_004;29.03.2024;5804.2819;414591;4974;1989;1869;2024-03-30 00:05:59 UTC
meta;fb_camp_002;fb_adset_004;fb_ad_004;30.03.2024;5814.3128;415307;4982;1992;1872;2024-03-30 00:40:00 UTC
meta;fb_camp_002;fb_adset_004;fb_ad_004;30.03.2024;5824.3436;416024;4991;1996;1875;2024-03-30 08:23:39 UTC
meta;fb_camp_002;fb_adset_004;fb_ad_004;30.03.2024;5834.3744;416740;5000;1999;1878;2024-03-30 16:19:19 UTC
meta;fb_camp_002;fb_adset_004;fb_ad_004;30.03.2024;5844.4053;417457;5009;2003;1882;2024-03-31 00:10:59 UTC
meta;fb_camp_002;fb_adset_004;fb_ad_004;31.03.2024;5855.379;418240;5018;2006;1885;2024-03-31 03:18:00 UTC
meta;fb_camp_002;fb_adset_004;fb_ad_004;31.03.2024;5866.3526;419024;5027;2010;1889;2024-03-31 07:37:35 UTC
meta;fb_camp_002;fb_adset_004;fb_ad_004;31.03.2024;5877.3263;419808;5037;2014;1893;2024-03-31 11:42:11 UTC
meta;fb_camp_002;fb_adset_004;fb_ad_004;31.03.2024;5888.3;420592;5046;2018;1896;2024-03-31 15:52:47 UTC
meta;fb_camp_002;fb_adset_004;fb_ad_004;31.03.2024;5899.2736;421376;5055;2022;1900;2024-03-31 19:52:23 UTC
meta;fb_camp_002;fb_adset_004;fb_ad_004;31.03.2024;5910.2473;422160;5065;2026;1904;2024-04-01 00:05:59 UTC
meta;fb_camp_002;fb_adset_004;fb_ad_004;01.04.2024;5931.9193;423708;5083;2033;1910;2024-04-01 03:30:00 UTC
meta;fb_camp_002;fb_adset_004;fb_ad_004;01.04.2024;5953.5912;425256;5102;2040;1917;2024-04-01 07:29:59 UTC
meta;fb_camp_002;fb_adset_004;fb_ad_004;01.04.2024;5975.2632;426804;5121;2048;1924;2024-04-01 11:48:59 UTC
meta;fb_camp_002;fb_adset_004;fb_ad_004;01.04.2024;5996.9352;428352;5139;2055;1931;2024-04-01 15:51:59 UTC
meta;fb_camp_002;fb_adset_004;fb_ad_004;01.04.2024;6018.6071;429900;5158;2062;1938;2024-04-01 19:53:59 UTC
meta;fb_camp_002;fb_adset_004;fb_ad_004;01.04.2024;6040.2791;431448;5177;2070;1945;2024-04-02 00:11:59 UTC
meta;fb_camp_002;fb_adset_004;fb_ad_004;02.04.2024;6045.6422;431831;5181;2071;1946;2024-04-02 02:40:00 UTC
meta;fb_camp_002;fb_adset_004;fb_ad_004;02.04.2024;6051.0052;432214;5186;2073;1948;2024-04-02 09:53:39 UTC
meta;fb_camp_002;fb_adset_004;fb_ad_004;02.04.2024;6056.3683;432597;5190;2075;1950;2024-04-02 17:03:19 UTC
meta;fb_camp_002;fb_adset_004;fb_ad_004;02.04.2024;6061.7314;432980;5195;2077;1952;2024-04-03 00:10:59 UTC
meta;fb_camp_002;fb_adset_004;fb_ad_004;03.04.2024;6063.5233;433108;5196;2077;1952;2024-04-03 01:44:00 UTC
meta;fb_camp_002;fb_adset_004;fb_ad_004;03.04.2024;6065.3152;433236;5198;2078;1953;2024-04-03 07:20:14 UTC
meta;fb_camp_002;fb_adset_004;fb_ad_004;03.04.2024;6067.107;433364;5199;2079;1953;2024-04-03 12:56:29 UTC
meta;fb_camp_002;fb_adset_004;fb_ad_004;03.04.2024;6068.8989;433492;5201;2080;1954;2024-04-03 18:28:44 UTC
meta;fb_camp_002;fb_adset_004;fb_ad_004;03.04.2024;6070.6908;433620;5203;2081;1955;2024-04-04 00:07:59 UTC
meta;fb_camp_002;fb_adset_004;fb_ad_004;04.04.2024;6094.6483;435331;5223;2089;1962;2024-04-04 01:23:00 UTC
meta;fb_camp_002;fb_adset_004;fb_ad_004;04.04.2024;6118.6058;437042;5243;2097;1970;2024-04-04 12:39:59 UTC
meta;fb_camp_002;fb_adset_004;fb_ad_004;04.04.2024;6142.5633;438754;5264;2105;1978;2024-04-05 00:04:59 UTC
meta;fb_camp_002;fb_adset_004;fb_ad_004;05.04.2024;6154.7839;439626;5274;2109;1982;2024-04-05 01:51:00 UTC
meta;fb_camp_002;fb_adset_004;fb_ad_004;05.04.2024;6167.0045;440499;5285;2113;1986;2024-04-05 06:09:11 UTC
meta;fb_camp_002;fb_adset_004;fb_ad_004;05.04.2024;6179.225;441372;5295;2117;1990;2024-04-05 10:47:23 UTC
meta;fb_camp_002;fb_adset_004;fb_ad_004;05.04.2024;6191.4456;442245;5306;2121;1994;2024-04-05 15:17:35 UTC
meta;fb_camp_002;fb_adset_004;fb_ad_004;05.04.2024;6203.6662;443118;5316;2125;1998;2024-04-05 19:41:47 UTC
meta;fb_camp_002;fb_adset_004;fb_ad_004;05.04.2024;6215.8868;443991;5327;2130;2002;2024-04-06 00:01:59 UTC
meta;fb_camp_002;fb_adset_004;fb_ad_004;06.04.2024;6223.4568;444531;5333;2132;2004;2024-04-06 02:14:00 UTC
meta;fb_camp_002;fb_adset_004;fb_ad_004;06.04.2024;6231.0269;445072;5340;2135;2006;2024-04-06 07:45:59 UTC
meta;fb_camp_002;fb_adset_004;fb_ad_004;06.04.2024;6238.5969;445613;5346;2137;2009;2024-04-06 13:10:59 UTC
meta;fb_camp_002;fb_adset_004;fb_ad_004;06.04.2024;6246.167;446154;5353;2140;2011;2024-04-06 18:38:59 UTC
meta;fb_camp_002;fb_adset_004;fb_ad_004;06.04.2024;6253.737;446695;5360;2143;2014;2024-04-07 00:06:59 UTC
meta;fb_camp_002;fb_adset_004;fb_ad_004;07.04.2024;6261.7056;447264;5366;2145;2016;2024-04-07 02:52:00 UTC
meta;fb_camp_002;fb_adset_004;fb_ad_004;07.04.2024;6269.6742;447833;5373;2148;2019;2024-04-07 10:04:19 UTC
meta;fb_camp_002;fb_adset_004;fb_ad_004;07.04.2024;6277.6428;448402;5380;2151;2021;2024-04-07 17:10:39 UTC
meta;fb_camp_002;fb_adset_004;fb_ad_004;07.04.2024;6285.6114;448972;5387;2154;2024;2024-04-08 00:04:59 UTC
meta;fb_camp_002;fb_adset_004;fb_ad_004;08.04.2024;6297.2448;449802;5397;2158;2027;2024-04-08 03:51:00 UTC
meta;fb_camp_002;fb_adset_004;fb_ad_004;08.04.2024;6308.8782;450633;5407;2162;2031;2024-04-08 08:52:29 UTC
meta;fb_camp_002;fb_adset_004;fb_ad_004;08.04.2024;6320.5116;451464;5417;2166;2035;2024-04-08 13:54:59 UTC
meta;fb_camp_002;fb_adset_004;fb_ad_004;08.04.2024;6332.145;452295;5427;2170;2039;2024-04-08 19:02:29 UTC
meta;fb_camp_002;fb_adset_004;fb_ad_004;08.04.2024;6343.7784;453126;5437;2174;2043;2024-04-09 00:06:59 UTC
meta;fb_camp_002;fb_adset_004;fb_ad_004;09.04.2024;6347.9949;453427;5440;2175;2044;2024-04-09 03:55:00 UTC
meta;fb_camp_002;fb_adset_004;fb_ad_004;09.04.2024;6352.2114;453728;5444;2176;2045;2024-04-09 08:55:29 UTC
meta;fb_camp_002;fb_adset_004;fb_ad_004;09.04.2024;6356.428;454029;5447;2178;2047;2024-04-09 13:53:59 UTC
meta;fb_camp_002;fb_adset_004;fb_ad_004;09.04.2024;6360.6445;454330;5451;2179;2048;2024-04-09 19:10:29 UTC
meta;fb_camp_002;fb_adset_004;fb_ad_004;09.04.2024;6364.861;454632;5455;2181;2050;2024-04-10 00:00:59 UTC
meta;fb_camp_002;fb_adset_004;fb_ad_004;10.04.2024;6370.1397;455009;5459;2183;2051;2024-04-10 03:24:00 UTC
meta;fb_camp_002;fb_adset_004;fb_ad_004;10.04.2024;6375.4184;455386;5464;2185;2053;2024-04-10 10:22:39 UTC
meta;fb_camp_002;fb_adset_004;fb_ad_004;10.04.2024;6380.697;455763;5468;2187;2055;2024-04-10 17:16:19 UTC
meta;fb_camp_002;fb_adset_004;fb_ad_004;10.04.2024;6385.9757;456141;5473;2189;2057;2024-04-11 00:07:59 UTC
meta;fb_camp_002;fb_adset_004;fb_ad_004;11.04.2024;6404.3767;457455;5488;2195;2062;2024-04-11 04:09:00 UTC
meta;fb_camp_002;fb_adset_004;fb_ad_004;11.04.2024;6422.7777;458769;5504;2201;2068;2024-04-11 09:11:14 UTC
meta;fb_camp_002;fb_adset_004;fb_ad_004;11.04.2024;6441.1786;460083;5520;2207;2074;2024-04-11 14:10:29 UTC
meta;fb_camp_002;fb_adset_004;fb_ad_004;11.04.2024;6459.5796;461397;5536;2213;2080;2024-04-11 19:00:44 UTC
meta;fb_camp_002;fb_adset_004;fb_ad_004;11.04.2024;6477.9806;462712;5552;2220;2086;2024-04-12 00:08:59 UTC
meta;fb_camp_002;fb_adset_004;fb_ad_004;12.04.2024;6482.9095;463064;5556;2221;2087;2024-04-12 02:32:00 UTC
meta;fb_camp_002;fb_adset_004;fb_ad_004;12.04.2024;6487.8384;463416;5560;2223;2089;2024-04-12 09:43:19 UTC
meta;fb_camp_002;fb_adset_004;fb_ad_004;12.04.2024;6492.7674;463768;5564;2225;2091;2024-04-12 16:52:39 UTC
meta;fb_camp_002;fb_adset_004;fb_ad_004;12.04.2024;6497.6963;464121;5569;2227;2093;2024-04-13 00:11:59 UTC
meta;fb_camp_002;fb_adset_004;fb_ad_004;13.04.2024;6499.6271;464258;5570;2227;2093;2024-04-13 03:32:00 UTC
meta;fb_camp_002;fb_adset_004;fb_ad_004;13.04.2024;6501.5579;464396;5572;2228;2094;2024-04-13 08:48:29 UTC
meta;fb_camp_002;fb_adset_004;fb_ad_004;13.04.2024;6503.4887;464534;5573;2228;2094;2024-04-13 13:56:59 UTC
meta;fb_camp_002;fb_adset_004;fb_ad_004;13.04.2024;6505.4195;464672;5575;2229;2095;2024-04-13 19:06:29 UTC
meta;fb_camp_002;fb_adset_004;fb_ad_004;13.04.2024;6507.3503;464810;5577;2230;2096;2024-04-14 00:01:59 UTC
meta;fb_camp_002;fb_adset_004;fb_ad_004;14.04.2024;6515.305;465378;5583;2232;2098;2024-04-14 03:31:00 UTC
meta;fb_camp_002;fb_adset_004;fb_ad_004;14.04.2024;6523.2598;465946;5590;2235;2101;2024-04-14 10:16:19 UTC
meta;fb_camp_002;fb_adset_004;fb_ad_004;14.04.2024;6531.2145;466514;5597;2238;2103;2024-04-14 17:16:39 UTC
meta;fb_camp_002;fb_adset_004;fb_ad_004;14.04.2024;6539.1692;467083;5604;2241;2106;2024-04-15 00:02:59 UTC
meta;fb_camp_002;fb_adset_004;fb_ad_004;15.04.2024;6546.8934;467634;5610;2243;2108;2024-04-15 01:29:00 UTC
meta;fb_camp_002;fb_adset_004;fb_ad_004;15.04.2024;6554.6175;468186;5617;2246;2111;2024-04-15 07:05:44 UTC
meta;fb_camp_002;fb_adset_004;fb_ad_004;15.04.2024;6562.3417;468738;5623;2248;2113;2024-04-15 12:45:29 UTC
meta;fb_camp_002;fb_adset_004;fb_ad_004;15.04.2024;6570.0658;469290;5630;2251;2116;2024-04-15 18:25:14 UTC
meta;fb_camp_002;fb_adset_004;fb_ad_004;15.04.2024;6577.79;469842;5637;2254;2119;2024-04-16 00:00:59 UTC
meta;fb_camp_002;fb_adset_004;fb_ad_004;16.04.2024;6597.652;471260;5654;2261;2125;2024-04-16 02:37:00 UTC
meta;fb_camp_002;fb_adset_004;fb_ad_004;16.04.2024;6617.514;472679;5671;2268;2131;2024-04-16 09:48:19 UTC
meta;fb_camp_002;fb_adset_004;fb_ad_004;16.04.2024;6637.3759;474097;5688;2275;2137;2024-04-16 16:56:39 UTC
meta;fb_camp_002;fb_adset_004;fb_ad_004;16.04.2024;6657.2379;475516;5706;2282;2144;2024-04-17 00:06:59 UTC
meta;fb_camp_002;fb_adset_004;fb_ad_004;17.04.2024;6668.6615;476332;5715;2285;2147;2024-04-17 01:15:00 UTC
meta;fb_camp_002;fb_adset_004;fb_ad_004;17.04.2024;6680.0851;477148;5725;2289;2151;2024-04-17 12:37:59 UTC
meta;fb_camp_002;fb_adset_004;fb_ad_004;17.04.2024;6691.5087;477964;5735;2293;2155;2024-04-18 00:00:59 UTC
meta;fb_camp_002;fb_adset_004;fb_ad_004;18.04.2024;6720.4699;480032;5759;2303;2164;2024-04-18 02:51:00 UTC
meta;fb_camp_002;fb_adset_004;fb_ad_004;18.04.2024;6749.4311;482101;5784;2313;2173;2024-04-18 08:04:29 UTC
meta;fb_camp_002;fb_adset_004;fb_ad_004;18.04.2024;6778.3923;484170;5809;2323;2183;2024-04-18 13:31:59 UTC
meta;fb_camp_002;fb_adset_004;fb_ad_004;18.04.2024;6807.3535;486239;5834;2333;2192;2024-04-18 18:54:29 UTC
meta;fb_camp_002;fb_adset_004;fb_ad_004;18.04.2024;6836.3147;488308;5859;2343;2202;2024-04-19 00:00:59 UTC
meta;fb_camp_002;fb_adset_004;fb_ad_004;19.04.2024;6846.3951;489028;5867;2346;2205;2024-04-19 00:17:00 UTC
meta;fb_camp_002;fb_adset_004;fb_ad_004;19.04.2024;6856.4755;489748;5876;2350;2208;2024-04-19 05:05:23 UTC
meta;fb_camp_002;fb_adset_004;fb_ad_004;19.04.2024;6866.5558;490468;5885;2353;2211;2024-04-19 09:39:47 UTC
meta;fb_camp_002;fb_adset_004;fb_ad_004;19.04.2024;6876.6362;491188;5893;2357;2214;2024-04-19 14:31:11 UTC
meta;fb_camp_002;fb_adset_004;fb_ad_004;19.04.2024;6886.7166;491908;5902;2360;2217;2024-04-19 19:22:35 UTC
meta;fb_camp_002;fb_adset_004;fb_ad_004;19.04.2024;6896.797;492628;5911;2364;2221;2024-04-20 00:04:59 UTC
meta;fb_camp_002;fb_adset_004;fb_ad_004;20.04.2024;6906.1543;493296;5919;2367;2224;2024-04-20 04:03:00 UTC
meta;fb_camp_002;fb_adset_004;fb_ad_004;20.04.2024;6915.5117;493964;5927;2370;2227;2024-04-20 14:09:29 UTC
meta;fb_camp_002;fb_adset_004;fb_ad_004;20.04.2024;6924.869;494633;5935;2373;2230;2024-04-21 00:10:59 UTC
meta;fb_camp_002;fb_adset_004;fb_ad_004;21.04.2024;6950.5595;496468;5957;2382;2238;2024-04-21 04:05:00 UTC
meta;fb_camp_002;fb_adset_004;fb_ad_004;21.04.2024;6976.2499;498303;5979;2391;2246;2024-04-21 14:10:29 UTC
meta;fb_camp_002;fb_adset_004;fb_ad_004;21.04.2024;7001.9404;500138;6001;2400;2255;2024-04-22 00:02:59 UTC
meta;fb_camp_002;fb_adset_004;fb_ad_004;22.04.2024;7037.7176;502693;6031;2412;2266;2024-04-22 00:48:00 UTC
meta;fb_camp_002;fb_adset_004;fb_ad_004;22.04.2024;7073.4947;505249;6062;2424;2278;2024-04-22 08:32:59 UTC
meta;fb_camp_002;fb_adset_004;fb_ad_004;22.04.2024;7109.2718;507804;6093;2436;2289;2024-04-22 16:26:59 UTC
meta;fb_camp_002;fb_adset_004;fb_ad_004;22.04.2024;7145.049;510360;6124;2449;2301;2024-04-23 00:01:59 UTC
meta;fb_camp_002;fb_adset_004;fb_ad_004;23.04.2024;7163.1015;511649;6139;2455;2306;2024-04-23 03:58:00 UTC
meta;fb_camp_002;fb_adset_004;fb_ad_004;23.04.2024;7181.1539;512938;6154;2461;2312;2024-04-23 09:00:59 UTC
meta;fb_camp_002;fb_adset_004;fb_ad_004;23.04.2024;7199.2064;514228;6170;2467;2318;2024-04-23 14:07:59 UTC
meta;fb_camp_002;fb_adset_004;fb_ad_004;23.04.2024;7217.2588;515517;6185;2473;2324;2024-04-23 19:00:59 UTC
meta;fb_camp_002;fb_adset_004;fb_ad_004;23.04.2024;7235.3113;516807;6201;2480;2330;2024-04-24 00:12:59 UTC
meta;fb_camp_002;fb_adset_004;fb_ad_004;24.04.2024;7237.9074;516992;6203;2480;2331;2024-04-24 03:03:00 UTC
meta;fb_camp_002;fb_adset_004;fb_ad_004;24.04.2024;7240.5035;517178;6205;2481;2332;2024-04-24 08:21:44 UTC
meta;fb_camp_002;fb_adset_004;fb_ad_004;24.04.2024;7243.0997;517363;6207;2482;2333;2024-04-24 13:33:29 UTC
meta;fb_camp_002;fb_adset_004;fb_ad_004;24.04.2024;7245.6958;517549;6209;2483;2334;2024-04-24 18:56:14 UTC
meta;fb_camp_002;fb_adset_004;fb_ad_004;24.04.2024;7248.2919;517735;6212;2484;2335;2024-04-25 00:11:59 UTC
meta;fb_camp_002;fb_adset_004;fb_ad_004;25.04.2024;7258.6469;518474;6221;2487;2338;2024-04-25 03:16:00 UTC
meta;fb_camp_002;fb_adset_004;fb_ad_004;25.04.2024;7269.0018;519214;6230;2491;2341;2024-04-25 10:10:39 UTC
meta;fb_camp_002;fb_adset_004;fb_ad_004;25.04.2024;7279.3568;519953;6239;2494;2344;2024-04-25 17:07:19 UTC
meta;fb_camp_002;fb_adset_004;fb_ad_004;25.04.2024;7289.7118;520693;6248;2498;2348;2024-04-26 00:03:59 UTC
meta;fb_camp_002;fb_adset_004;fb_ad_004;26.04.2024;7303.3837;521669;6259;2502;2352;2024-04-26 03:31:00 UTC
meta;fb_camp_002;fb_adset_004;fb_ad_004;26.04.2024;7317.0556;522646;6271;2507;2356;2024-04-26 08:48:29 UTC
meta;fb_camp_002;fb_adset_004;fb_ad_004;26.04.2024;7330.7276;523622;6282;2512;2361;2024-04-26 13:52:59 UTC
meta;fb_camp_002;fb_adset_004;fb_ad_004;26.04.2024;7344.3995;524599;6294;2517;2365;2024-04-26 18:52:29 UTC
meta;fb_camp_002;fb_adset_004;fb_ad_004;26.04.2024;7358.0714;525576;6306;2522;2370;2024-04-27 00:07:59 UTC
meta;fb_camp_002;fb_adset_004;fb_ad_004;27.04.2024;7375.6054;526828;6321;2528;2375;2024-04-27 00:29:00 UTC
meta;fb_camp_002;fb_adset_004;fb_ad_004;27.04.2024;7393.1394;528080;6336;2534;2381;2024-04-27 06:21:59 UTC
meta;fb_camp_002;fb_adset_004;fb_ad_004;27.04.2024;7410.6733;529333;6351;2540;2386;2024-04-27 12:17:59 UTC
meta;fb_camp_002;fb_adset_004;fb_ad_004;27.04.2024;7428.2073;530585;6366;2546;2392;2024-04-27 18:15:59 UTC
meta;fb_camp_002;fb_adset_004;fb_ad_004;27.04.2024;7445.7413;531838;6381;2552;2398;2024-04-28 00:03:59 UTC
meta;fb_camp_002;fb_adset_004;fb_ad_004;28.04.2024;7455.5393;532537;6389;2555;2401;2024-04-28 01:31:00 UTC
meta;fb_camp_002;fb_adset_004;fb_ad_004;28.04.2024;7465.3372;533237;6397;2558;2404;2024-04-28 07:14:14 UTC
meta;fb_camp_002;fb_adset_004;fb_ad_004;28.04.2024;7475.1352;533937;6406;2562;2407;2024-04-28 12:47:29 UTC
meta;fb_camp_002;fb_adset_004;fb_ad_004;28.04.2024;7484.9331;534637;6414;2565;2410;2024-04-28 18:34:44 UTC
meta;fb_camp_002;fb_adset_004;fb_ad_004;28.04.2024;7494.7311;535337;6423;2569;2414;2024-04-29 00:04:59 UTC
meta;fb_camp_002;fb_adset_004;fb_ad_004;29.04.2024;7509.303;536378;6435;2574;2418;2024-04-29 01:05:00 UTC
meta;fb_camp_002;fb_adset_004;fb_ad_004;29.04.2024;7523.8748;537419;6448;2579;2423;2024-04-29 12:37:29 UTC
meta;fb_camp_002;fb_adset_004;fb_ad_004;29.04.2024;7538.4467;538460;6461;2584;2428;2024-04-30 00:12:59 UTC
meta;fb_camp_002;fb_adset_004;fb_ad_004;30.04.2024;7597.6457;542688;6511;2604;2447;2024-04-30 01:25:00 UTC
meta;fb_camp_002;fb_adset_004;fb_ad_004;30.04.2024;7656.8448;546916;6562;2624;2466;2024-04-30 12:44:59 UTC
meta;fb_camp_002;fb_adset_004;fb_ad_004;30.04.2024;7716.0438;551145;6613;2645;2485;2024-05-01 00:04:59 UTC
meta;fb_camp_002;fb_adset_004;fb_ad_004;01.05.2024;7734.2822;552447;6628;2651;2491;2024-05-01 00:48:00 UTC
meta;fb_camp_002;fb_adset_004;fb_ad_004;01.05.2024;7752.5205;553750;6644;2657;2497;2024-05-01 06:29:29 UTC
meta;fb_camp_002;fb_adset_004;fb_ad_004;01.05.2024;7770.7589;555053;6659;2663;2503;2024-05-01 12:30:59 UTC
meta;fb_camp_002;fb_adset_004;fb_ad_004;01.05.2024;7788.9972;556356;6675;2669;2509;2024-05-01 18:16:29 UTC
meta;fb_camp_002;fb_adset_004;fb_ad_004;01.05.2024;7807.2356;557659;6691;2676;2515;2024-05-02 00:06:59 UTC
meta;fb_camp_002;fb_adset_004;fb_ad_004;02.05.2024;7832.9834;559498;6713;2684;2523;2024-05-02 04:14:00 UTC
meta;fb_camp_002;fb_adset_004;fb_ad_004;02.05.2024;7858.7311;561337;6735;2693;2531;2024-05-02 14:04:29 UTC
meta;fb_camp_002;fb_adset_004;fb_ad_004;02.05.2024;7884.4789;563176;6757;2702;2540;2024-05-03 00:04:59 UTC
meta;fb_camp_002;fb_adset_004;fb_ad_004;03.05.2024;7896.3177;564021;6767;2706;2543;2024-05-03 01:23:00 UTC
meta;fb_camp_002;fb_adset_004;fb_ad_004;03.05.2024;7908.1564;564867;6777;2710;2547;2024-05-03 12:53:29 UTC
meta;fb_camp_002;fb_adset_004;fb_ad_004;03.05.2024;7919.9952;565713;6788;2714;2551;2024-05-04 00:14:59 UTC
meta;fb_camp_002;fb_adset_004;fb_ad_004;04.05.2024;7925.1929;566084;6792;2716;2552;2024-05-04 03:46:00 UTC
meta;fb_camp_002;fb_adset_004;fb_ad_004;04.05.2024;7930.3906;566455;6797;2718;2554;2024-05-04 10:41:39 UTC
meta;fb_camp_002;fb_adset_004;fb_ad_004;04.05.2024;7935.5883;566826;6801;2720;2556;2024-05-04 17:26:19 UTC
meta;fb_camp_002;fb_adset_004;fb_ad_004;04.05.2024;7940.786;567198;6806;2722;2558;2024-05-05 00:12:59 UTC
meta;fb_camp_002;fb_adset_004;fb_ad_004;05.05.2024;7953.8217;568129;6817;2726;2562;2024-05-05 00:31:00 UTC
meta;fb_camp_002;fb_adset_004;fb_ad_004;05.05.2024;7966.8573;569060;6828;2730;2566;2024-05-05 05:03:35 UTC
meta;fb_camp_002;fb_adset_004;fb_ad_004;05.05.2024;7979.893;569991;6839;2735;2570;2024-05-05 10:00:11 UTC
meta;fb_camp_002;fb_adset_004;fb_ad_004;05.05.2024;7992.9287;570922;6850;2739;2574;2024-05-05 14:43:47 UTC
meta;fb_camp_002;fb_adset_004;fb_ad_004;05.05.2024;8005.9643;571853;6861;2743;2578;2024-05-05 19:23:23 UTC
meta;fb_camp_002;fb_adset_004;fb_ad_004;05.05.2024;8019.0;572785;6873;2748;2583;2024-05-06 00:07:59 UTC
meta;fb_camp_002;fb_adset_004;fb_ad_004;06.05.2024;8035.3624;573953;6887;2753;2588;2024-05-06 02:52:00 UTC
meta;fb_camp_002;fb_adset_004;fb_ad_004;06.05.2024;8051.7248;575122;6901;2759;2593;2024-05-06 07:14:59 UTC
meta;fb_camp_002;fb_adset_004;fb_ad_004;06.05.2024;8068.0872;576291;6915;2765;2599;2024-05-06 11:29:59 UTC
meta;fb_camp_002;fb_adset_004;fb_ad_004;06.05.2024;8084.4496;577460;6929;2770;2604;2024-05-06 15:43:59 UTC
meta;fb_camp_002;fb_adset_004;fb_ad_004;06.05.2024;8100.812;578629;6943;2776;2609;2024-05-06 19:46:59 UTC
meta;fb_camp_002;fb_adset_004;fb_ad_004;06.05.2024;8117.1744;579798;6957;2782;2615;2024-05-07 00:13:59 UTC
meta;fb_camp_002;fb_adset_004;fb_ad_004;07.05.2024;8131.2768;580805;6969;2786;2619;2024-05-07 02:34:00 UTC
meta;fb_camp_002;fb_adset_004;fb_ad_004;07.05.2024;8145.3793;581812;6981;2791;2624;2024-05-07 09:47:19 UTC
meta;fb_camp_002;fb_adset_004;fb_ad_004;07.05.2024;8159.4818;582819;6993;2796;2628;2024-05-07 16:57:39 UTC
meta;fb_camp_002;fb_adset_004;fb_ad_004;07.05.2024;8173.5842;583827;7005;2801;2633;2024-05-08 00:09:59 UTC
meta;fb_camp_002;fb_adset_004;fb_ad_004;08.05.2024;8191.8566;585132;7020;2807;2638;2024-05-08 03:45:00 UTC
meta;fb_camp_002;fb_adset_004;fb_ad_004;08.05.2024;8210.1289;586437;7036;2813;2644;2024-05-08 09:00:59 UTC
meta;fb_camp_002;fb_adset_004;fb_ad_004;08.05.2024;8228.4013;587742;7052;2820;2650;2024-05-08 13:52:59 UTC
meta;fb_camp_002;fb_adset_004;fb_ad_004;08.05.2024;8246.6736;589047;7068;2826;2656;2024-05-08 19:06:59 UTC
meta;fb_camp_002;fb_adset_004;fb_ad_004;08.05.2024;8264.946;590353;7084;2833;2662;2024-05-09 00:10:59 UTC
meta;fb_camp_002;fb_adset_004;fb_ad_004;09.05.2024;8288.1931;592013;7103;2841;2669;2024-05-09 04:01:00 UTC
meta;fb_camp_002;fb_adset_004;fb_ad_004;09.05.2024;8311.4402;593674;7123;2849;2677;2024-05-09 10:36:19 UTC
meta;fb_camp_002;fb_adset_004;fb_ad_004;09.05.2024;8334.6872;595334;7143;2857;2684;2024-05-09 17:17:39 UTC
meta;fb_camp_002;fb_adset_004;fb_ad_004;09.05.2024;8357.9343;596995;7163;2865;2692;2024-05-10 00:06:59 UTC
meta;fb_camp_002;fb_adset_004;fb_ad_004;10.05.2024;8383.6054;598828;7185;2873;2700;2024-05-10 02:30:00 UTC
meta;fb_camp_002;fb_adset_004;fb_ad_004;10.05.2024;8409.2764;600662;7207;2882;2708;2024-05-10 09:35:19 UTC
meta;fb_camp_002;fb_adset_004;fb_ad_004;10.05.2024;8434.9474;602495;7229;2891;2716;2024-05-10 16:48:39 UTC
meta;fb_camp_002;fb_adset_004;fb_ad_004;10.05.2024;8460.6185;604329;7251;2900;2725;2024-05-11 00:02:59 UTC
meta;fb_camp_002;fb_adset_004;fb_ad_004;11.05.2024;8463.8033;604556;7253;2901;2726;2024-05-11 02:04:00 UTC
meta;fb_camp_002;fb_adset_004;fb_ad_004;11.05.2024;8466.988;604784;7256;2902;2727;2024-05-11 09:26:59 UTC
meta;fb_camp_002;fb_adset_004;fb_ad_004;11.05.2024;8470.1728;605011;7259;2903;2728;2024-05-11 16:44:59 UTC
meta;fb_camp_002;fb_adset_004;fb_ad_004;11.05.2024;8473.3575;605239;7262;2904;2729;2024-05-12 00:12:59 UTC
meta;fb_camp_002;fb_adset_004;fb_ad_004;12.05.2024;8481.8349;605844;7269;2907;2731;2024-05-12 03:44:00 UTC
meta;fb_camp_002;fb_adset_004;fb_ad_004;12.05.2024;8490.3122;606450;7276;2910;2734;2024-05-12 08:49:29 UTC
meta;fb_camp_002;fb_adset_004;fb_ad_004;12.05.2024;8498.7896;607055;7284;2913;2737;2024-05-12 13:47:59 UTC
meta;fb_camp_002;fb_adset_004;fb_ad_004;12.05.2024;8507.2669;607661;7291;2916;2740;2024-05-12 18:57:29 UTC
meta;fb_camp_002;fb_adset_004;fb_ad_004;12.05.2024;8515.7443;608267;7299;2919;2743;2024-05-13 00:02:59 UTC
meta;fb_camp_002;fb_adset_004;fb_ad_004;13.05.2024;8532.0622;609432;7312;2924;2748;2024-05-13 02:14:00 UTC
meta;fb_camp_002;fb_adset_004;fb_ad_004;13.05.2024;8548.3801;610598;7326;2930;2753;2024-05-13 07:45:59 UTC
meta;fb_camp_002;fb_adset_004;fb_ad_004;13.05.2024;8564.6979;611763;7340;2935;2758;2024-05-13 13:11:59 UTC
meta;fb_camp_002;fb_adset_004;fb_ad_004;13.05.2024;8581.0158;612929;7354;2941;2763;2024-05-13 18:35:59 UTC
meta;fb_camp_002;fb_adset_004;fb_ad_004;13.05.2024;8597.3337;614095;7368;2947;2769;2024-05-14 00:06:59 UTC
meta;fb_camp_002;fb_adset_004;fb_ad_004;14.05.2024;8607.145;614795;7376;2950;2772;2024-05-14 01:02:00 UTC
meta;fb_camp_002;fb_adset_004;fb_ad_004;14.05.2024;8616.9562;615496;7385;2953;2775;2024-05-14 05:51:47 UTC
meta;fb_camp_002;fb_adset_004;fb_ad_004;14.05.2024;8626.7674;616197;7393;2957;2778;2024-05-14 10:21:35 UTC
meta;fb_camp_002;fb_adset_004;fb_ad_004;14.05.2024;8636.5787;616897;7402;2960;2781;2024-05-14 14:59:23 UTC
meta;fb_camp_002;fb_adset_004;fb_ad_004;14.05.2024;8646.3899;617598;7410;2963;2784;2024-05-14 19:34:11 UTC
meta;fb_camp_002;fb_adset_004;fb_ad_004;14.05.2024;8656.2012;618299;7419;2967;2788;2024-05-15 00:10:59 UTC
meta;fb_camp_002;fb_adset_004;fb_ad_004;15.05.2024;8679.4986;619963;7439;2975;2795;2024-05-15 00:33:00 UTC
meta;fb_camp_002;fb_adset_004;fb_ad_004;15.05.2024;8702.796;621627;7459;2983;2803;2024-05-15 08:24:19 UTC
meta;fb_camp_002;fb_adset_004;fb_ad_004;15.05.2024;8726.0933;623291;7479;2991;2810;2024-05-15 16:21:39 UTC
meta;fb_camp_002;fb_adset_004;fb_ad_004;15.05.2024;8749.3907;624956;7499;2999;2818;2024-05-16 00:13:59 UTC
meta;fb_camp_002;fb_adset_004;fb_ad_004;16.05.2024;8768.6932;626334;7515;3005;2824;2024-05-16 00:35:00 UTC
meta;fb_camp_002;fb_adset_004;fb_ad_004;16.05.2024;8787.9958;627713;7532;3012;2830;2024-05-16 08:23:39 UTC
meta;fb_camp_002;fb_adset_004;fb_ad_004;16.05.2024;8807.2983;629092;7548;3018;2836;2024-05-16 16:18:19 UTC
meta;fb_camp_002;fb_adset_004;fb_ad_004;16.05.2024;8826.6009;630471;7565;3025;2843;2024-05-17 00:04:59 UTC
meta;fb_camp_002;fb_adset_004;fb_ad_004;17.05.2024;8827.8407;630559;7566;3025;2843;2024-05-17 00:26:00 UTC
meta;fb_camp_002;fb_adset_004;fb_ad_004;17.05.2024;8829.0805;630648;7567;3026;2844;2024-05-17 08:25:19 UTC
meta;fb_camp_002;fb_adset_004;fb_ad_004;17.05.2024;8830.3203;630736;7568;3026;2844;2024-05-17 16:09:39 UTC
meta;fb_camp_002;fb_adset_004;fb_ad_004;17.05.2024;8831.5601;630825;7569;3027;2845;2024-05-18 00:00:59 UTC
meta;fb_camp_002;fb_adset_004;fb_ad_004;18.05.2024;8851.5153;632250;7586;3033;2851;2024-05-18 04:03:00 UTC
meta;fb_camp_002;fb_adset_004;fb_ad_004;18.05.2024;8871.4704;633675;7603;3040;2857;2024-05-18 08:01:35 UTC
meta;fb_camp_002;fb_adset_004;fb_ad_004;18.05.2024;8891.4256;635101;7620;3047;2864;2024-05-18 11:57:11 UTC
meta;fb_camp_002;fb_adset_004;fb_ad_004;18.05.2024;8911.3808;636526;7637;3054;2870;2024-05-18 16:00:47 UTC
meta;fb_camp_002;fb_adset_004;fb_ad_004;18.05.2024;8931.3359;637951;7654;3061;2876;2024-05-18 20:10:23 UTC
meta;fb_camp_002;fb_adset_004;fb_ad_004;18.05.2024;8951.2911;639377;7672;3068;2883;2024-05-19 00:03:59 UTC
meta;fb_camp_002;fb_adset_004;fb_ad_004;19.05.2024;8960.8242;640058;7680;3071;2886;2024-05-19 02:30:00 UTC
meta;fb_camp_002;fb_adset_004;fb_ad_004;19.05.2024;8970.3573;640739;7688;3074;2889;2024-05-19 09:39:59 UTC
meta;fb_camp_002;fb_adset_004;fb_ad_004;19.05.2024;8979.8903;641420;7696;3077;2892;2024-05-19 16:52:59 UTC
meta;fb_camp_002;fb_adset_004;fb_ad_004;19.05.2024;8989.4234;642101;7705;3081;2896;2024-05-20 00:02:59 UTC
meta;fb_camp_002;fb_adset_004;fb_ad_004;20.05.2024;8993.8568;642417;7708;3082;2897;2024-05-20 01:42:00 UTC
meta;fb_camp_002;fb_adset_004;fb_ad_004;20.05.2024;8998.2903;642734;7712;3084;2898;2024-05-20 06:20:23 UTC
meta;fb_camp_002;fb_adset_004;fb_ad_004;20.05.2024;9002.7237;643051;7716;3085;2900;2024-05-20 10:39:47 UTC
meta;fb_camp_002;fb_adset_004;fb_ad_004;20.05.2024;9007.1571;643367;7719;3087;2901;2024-05-20 15:15:11 UTC
meta;fb_camp_002;fb_adset_004;fb_ad_004;20.05.2024;9011.5906;643684;7723;3088;2902;2024-05-20 19:42:35 UTC
meta;fb_camp_002;fb_adset_004;fb_ad_004;20.05.2024;9016.024;644001;7727;3090;2904;2024-05-21 00:03:59 UTC
meta;fb_camp_002;fb_adset_004;fb_ad_004;21.05.2024;9035.5342;645394;7743;3096;2910;2024-05-21 01:39:00 UTC
meta;fb_camp_002;fb_adset_004;fb_ad_004;21.05.2024;9055.0445;646788;7760;3103;2916;2024-05-21 05:59:47 UTC
meta;fb_camp_002;fb_adset_004;fb_ad_004;21.05.2024;9074.5548;648182;7777;3110;2923;2024-05-21 10:28:35 UTC
meta;fb_camp_002;fb_adset_004;fb_ad_004;21.05.2024;9094.065;649575;7794;3116;2929;2024-05-21 15:03:23 UTC
meta;fb_camp_002;fb_adset_004;fb_ad_004;21.05.2024;9113.5752;650969;7811;3123;2935;2024-05-21 19:34:11 UTC
meta;fb_camp_002;fb_adset_004;fb_ad_004;21.05.2024;9133.0855;652363;7828;3130;2942;2024-05-22 00:03:59 UTC
meta;fb_camp_002;fb_adset_004;fb_ad_004;22.05.2024;9147.798;653413;7840;3135;2946;2024-05-22 01:33:00 UTC
meta;fb_camp_002;fb_adset_004;fb_ad_004;22.05.2024;9162.5105;654464;7853;3140;2951;2024-05-22 06:05:23 UTC
meta;fb_camp_002;fb_adset_004;fb_ad_004;22.05.2024;9177.223;655515;7865;3145;2956;2024-05-22 10:36:47 UTC
meta;fb_camp_002;fb_adset_004;fb_ad_004;22.05.2024;9191.9355;656566;7878;3150;2960;2024-05-22 15:05:11 UTC
meta;fb_camp_002;fb_adset_004;fb_ad_004;22.05.2024;9206.648;657617;7890;3155;2965;2024-05-22 19:30:35 UTC
meta;fb_camp_002;fb_adset_004;fb_ad_004;22.05.2024;9221.3605;658668;7903;3161;2970;2024-05-23 00:00:59 UTC
meta;fb_camp_002;fb_adset_004;fb_ad_004;23.05.2024;9242.7305;660194;7921;3168;2977;2024-05-23 02:01:00 UTC
meta;fb_camp_002;fb_adset_004;fb_ad_004;23.05.2024;9264.1005;661721;7939;3175;2984;2024-05-23 06:31:59 UTC
meta;fb_camp_002;fb_adset_004;fb_ad_004;23.05.2024;9285.4705;663247;7958;3183;2991;2024-05-23 10:51:59 UTC
meta;fb_camp_002;fb_adset_004;fb_ad_004;23.05.2024;9306.8405;664774;7976;3190;2998;2024-05-23 15:20:59 UTC
meta;fb_camp_002;fb_adset_004;fb_ad_004;23.05.2024;9328.2105;666300;7994;3197;3005;2024-05-23 19:38:59 UTC
meta;fb_camp_002;fb_adset_004;fb_ad_004;23.05.2024;9349.5805;667827;8013;3205;3012;2024-05-24 00:11:59 UTC
meta;fb_camp_002;fb_adset_004;fb_ad_004;24.05.2024;9361.0656;668647;8022;3208;3015;2024-05-24 03:57:00 UTC
meta;fb_camp_002;fb_adset_004;fb_ad_004;24.05.2024;9372.5508;669467;8032;3212;3019;2024-05-24 07:54:35 UTC
meta;fb_camp_002;fb_adset_004;fb_ad_004;24.05.2024;9384.0359;670288;8042;3216;3023;2024-05-24 11:54:11 UTC
meta;fb_camp_002;fb_adset_004;fb_ad_004;24.05.2024;9395.521;671108;8052;3220;3026;2024-05-24 15:56:47 UTC
meta;fb_camp_002;fb_adset_004;fb_ad_004;24.05.2024;9407.0062;671928;8062;3224;3030;2024-05-24 20:06:23 UTC
meta;fb_camp_002;fb_adset_004;fb_ad_004;24.05.2024;9418.4913;672749;8072;3228;3034;2024-05-25 00:00:59 UTC
meta;fb_camp_002;fb_adset_004;fb_ad_004;25.05.2024;9432.4731;673747;8084;3233;3038;2024-05-25 03:03:00 UTC
meta;fb_camp_002;fb_adset_004;fb_ad_004;25.05.2024;9446.4549;674746;8096;3238;3042;2024-05-25 13:37:29 UTC
meta;fb_camp_002;fb_adset_004;fb_ad_004;25.05.2024;9460.4367;675745;8108;3243;3047;2024-05-26 00:14:59 UTC
meta;fb_camp_002;fb_adset_004;fb_ad_004;26.05.2024;9473.0734;676647;8118;3247;3051;2024-05-26 00:05:00 UTC
meta;fb_camp_002;fb_adset_004;fb_ad_004;26.05.2024;9485.7101;677550;8129;3251;3055;2024-05-26 06:08:59 UTC
meta;fb_camp_002;fb_adset_004;fb_ad_004;26.05.2024;9498.3468;678452;8140;3255;3059;2024-05-26 12:09:59 UTC
meta;fb_camp_002;fb_adset_004;fb_ad_004;26.05.2024;9510.9835;679355;8151;3259;3063;2024-05-26 18:06:59 UTC
meta;fb_camp_002;fb_adset_004;fb_ad_004;26.05.2024;9523.6202;680258;8162;3264;3068;2024-05-27 00:04:59 UTC
meta;fb_camp_002;fb_adset_004;fb_ad_004;27.05.2024;9527.3575;680525;8165;3265;3069;2024-05-27 02:23:00 UTC
meta;fb_camp_002;fb_adset_004;fb_ad_004;27.05.2024;9531.0949;680792;8168;3266;3070;2024-05-27 06:39:23 UTC
meta;fb_camp_002;fb_adset_004;fb_ad_004;27.05.2024;9534.8322;681059;8172;3268;3071;2024-05-27 10:53:47 UTC
meta;fb_camp_002;fb_adset_004;fb_ad_004;27.05.2024;9538.5695;681326;8175;3269;3072;2024-05-27 15:25:11 UTC
meta;fb_camp_002;fb_adset_004;fb_ad_004;27.05.2024;9542.3069;681593;8178;3270;3073;2024-05-27 19:40:35 UTC
meta;fb_camp_002;fb_adset_004;fb_ad_004;27.05.2024;9546.0442;681860;8182;3272;3075;2024-05-28 00:04:59 UTC
meta;fb_camp_002;fb_adset_004;fb_ad_004;28.05.2024;9549.9473;682138;8185;3273;3076;2024-05-28 04:05:00 UTC
meta;fb_camp_002;fb_adset_004;fb_ad_004;28.05.2024;9553.8503;682417;8188;3274;3077;2024-05-28 10:54:19 UTC
meta;fb_camp_002;fb_adset_004;fb_ad_004;28.05.2024;9557.7533;682696;8191;3275;3078;2024-05-28 17:27:39 UTC
meta;fb_camp_002;fb_adset_004;fb_ad_004;28.05.2024;9561.6564;682975;8195;3277;3080;2024-05-29 00:02:59 UTC
meta;fb_camp_002;fb_adset_004;fb_ad_004;29.05.2024;9572.751;683767;8204;3281;3083;2024-05-29 02:54:00 UTC
meta;fb_camp_002;fb_adset_004;fb_ad_004;29.05.2024;9583.8455;684559;8214;3285;3087;2024-05-29 13:29:29 UTC
meta;fb_camp_002;fb_adset_004;fb_ad_004;29.05.2024;9594.9401;685352;8224;3289;3091;2024-05-30 00:02:59 UTC
meta;fb_camp_002;fb_adset_004;fb_ad_004;30.05.2024;9625.7671;687554;8250;3299;3100;2024-05-30 00:21:00 UTC
meta;fb_camp_002;fb_adset_004;fb_ad_004;30.05.2024;9656.5941;689756;8276;3309;3110;2024-05-30 06:17:59 UTC
meta;fb_camp_002;fb_adset_004;fb_ad_004;30.05.2024;9687.4211;691958;8303;3320;3120;2024-05-30 12:17:59 UTC
meta;fb_camp_002;fb_adset_004;fb_ad_004;30.05.2024;9718.2481;694160;8329;3330;3130;2024-05-30 18:18:59 UTC
meta;fb_camp_002;fb_adset_004;fb_ad_004;30.05.2024;9749.0751;696362;8356;3341;3140;2024-05-31 00:13:59 UTC
meta;fb_camp_002;fb_adset_004;fb_ad_004;31.05.2024;9756.324;696879;8362;3343;3142;2024-05-31 03:06:00 UTC
meta;fb_camp_002;fb_adset_004;fb_ad_004;31.05.2024;9763.5729;697397;8368;3346;3144;2024-05-31 08:19:14 UTC
meta;fb_camp_002;fb_adset_004;fb_ad_004;31.05.2024;9770.8218;697915;8374;3348;3147;2024-05-31 13:44:29 UTC
meta;fb_camp_002;fb_adset_004;fb_ad_004;31.05.2024;9778.0707;698433;8380;3351;3149;2024-05-31 18:59:44 UTC
meta;fb_camp_002;fb_adset_004;fb_ad_004;31.05.2024;9785.3196;698951;8387;3354;3152;2024-06-01 00:04:59 UTC
meta;fb_camp_002;fb_adset_004;fb_ad_004;01.06.2024;9787.3006;699092;8388;3354;3152;2024-06-01 02:42:00 UTC
meta;fb_camp_002;fb_adset_004;fb_ad_004;01.06.2024;9789.2816;699233;8390;3355;3153;2024-06-01 07:53:14 UTC
meta;fb_camp_002;fb_adset_004;fb_ad_004;01.06.2024;9791.2625;699375;8391;3355;3153;2024-06-01 13:19:29 UTC
meta;fb_camp_002;fb_adset_004;fb_ad_004;01.06.2024;9793.2435;699516;8393;3356;3154;2024-06-01 18:48:44 UTC
meta;fb_camp_002;fb_adset_004;fb_ad_004;01.06.2024;9795.2245;699658;8395;3357;3155;2024-06-02 00:07:59 UTC
meta;fb_camp_002;fb_adset_004;fb_ad_004;02.06.2024;9807.7458;700552;8405;3361;3159;2024-06-02 03:07:00 UTC
meta;fb_camp_002;fb_adset_004;fb_ad_004;02.06.2024;9820.2671;701447;8416;3365;3163;2024-06-02 10:04:59 UTC
meta;fb_camp_002;fb_adset_004;fb_ad_004;02.06.2024;9832.7884;702341;8427;3369;3167;2024-06-02 17:01:59 UTC
meta;fb_camp_002;fb_adset_004;fb_ad_004;02.06.2024;9845.3097;703236;8438;3374;3171;2024-06-03 00:03:59 UTC
meta;fb_camp_002;fb_adset_004;fb_ad_004;03.06.2024;9854.2695;703876;8445;3377;3174;2024-06-03 00:35:00 UTC
meta;fb_camp_002;fb_adset_004;fb_ad_004;03.06.2024;9863.2292;704516;8453;3380;3177;2024-06-03 08:22:59 UTC
meta;fb_camp_002;fb_adset_004;fb_ad_004;03.06.2024;9872.189;705156;8461;3383;3180;2024-06-03 16:21:59 UTC
meta;fb_camp_002;fb_adset_004;fb_ad_004;03.06.2024;9881.1488;705796;8469;3387;3183;2024-06-04 00:07:59 UTC
meta;fb_camp_002;fb_adset_004;fb_ad_004;04.06.2024;9901.3488;707238;8486;3393;3189;2024-06-04 01:12:00 UTC
meta;fb_camp_002;fb_adset_004;fb_ad_004;04.06.2024;9921.5489;708681;8503;3400;3196;2024-06-04 05:41:35 UTC
meta;fb_camp_002;fb_adset_004;fb_ad_004;04.06.2024;9941.7489;710124;8521;3407;3202;2024-06-04 10:11:11 UTC
meta;fb_camp_002;fb_adset_004;fb_ad_004;04.06.2024;9961.9489;711567;8538;3414;3209;2024-06-04 14:54:47 UTC
meta;fb_camp_002;fb_adset_004;fb_ad_004;04.06.2024;9982.149;713010;8555;3421;3215;2024-06-04 19:29:23 UTC
meta;fb_camp_002;fb_adset_004;fb_ad_004;04.06.2024;10002.349;714453;8573;3428;3222;2024-06-05 00:11:59 UTC
meta;fb_camp_002;fb_adset_004;fb_ad_004;05.06.2024;10026.8424;716202;8594;3436;3229;2024-06-05 03:33:00 UTC
meta;fb_camp_002;fb_adset_004;fb_ad_004;05.06.2024;10051.3357;717952;8615;3445;3237;2024-06-05 07:50:47 UTC
meta;fb_camp_002;fb_adset_004;fb_ad_004;05.06.2024;10075.8291;719701;8636;3453;3245;2024-06-05 11:54:35 UTC
meta;fb_camp_002;fb_adset_004;fb_ad_004;05.06.2024;10100.3225;721451;8657;3462;3253;2024-06-05 16:02:23 UTC
meta;fb_camp_002;fb_adset_004;fb_ad_004;05.06.2024;10124.8158;723200;8678;3470;3261;2024-06-05 19:57:11 UTC
meta;fb_camp_002;fb_adset_004;fb_ad_004;05.06.2024;10149.3092;724950;8699;3479;3269;2024-06-06 00:01:59 UTC
meta;fb_camp_002;fb_adset_004;fb_ad_004;06.06.2024;10157.3849;725526;8705;3481;3271;2024-06-06 00:27:00 UTC
meta;fb_camp_002;fb_adset_004;fb_ad_004;06.06.2024;10165.4605;726103;8712;3484;3274;2024-06-06 06:14:44 UTC
meta;fb_camp_002;fb_adset_004;fb_ad_004;06.06.2024;10173.5362;726680;8719;3487;3276;2024-06-06 12:09:29 UTC
meta;fb_camp_002;fb_adset_004;fb_ad_004;06.06.2024;10181.6118;727257;8726;3490;3279;2024-06-06 18:17:14 UTC
meta;fb_camp_002;fb_adset_004;fb_ad_004;06.06.2024;10189.6875;727834;8733;3493;3282;2024-06-07 00:02:59 UTC
meta;fb_camp_002;fb_adset_004;fb_ad_004;07.06.2024;10203.46;728817;8744;3497;3286;2024-06-07 01:38:00 UTC
meta;fb_camp_002;fb_adset_004;fb_ad_004;07.06.2024;10217.2324;729801;8756;3502;3290;2024-06-07 07:21:44 UTC
meta;fb_camp_002;fb_adset_004;fb_ad_004;07.06.2024;10231.0049;730785;8768;3506;3295;2024-06-07 13:01:29 UTC
meta;fb_camp_002;fb_adset_004;fb_ad_004;07.06.2024;10244.7773;731769;8780;3511;3299;2024-06-07 18:34:14 UTC
meta;fb_camp_002;fb_adset_004;fb_ad_004;07.06.2024;10258.5498;732753;8792;3516;3304;2024-06-08 00:02:59 UTC
meta;fb_camp_002;fb_adset_004;fb_ad_004;08.06.2024;10270.7366;733623;8802;3520;3308;2024-06-08 00:28:00 UTC
meta;fb_camp_002;fb_adset_004;fb_ad_004;08.06.2024;10282.9234;734494;8813;3524;3312;2024-06-08 05:07:59 UTC
meta;fb_camp_002;fb_adset_004;fb_ad_004;08.06.2024;10295.1103;735364;8823;3528;3316;2024-06-08 09:55:59 UTC
meta;fb_camp_002;fb_adset_004;fb_ad_004;08.06.2024;10307.2971;736235;8834;3532;3320;2024-06-08 14:31:59 UTC
meta;fb_camp_002;fb_adset_004;fb_ad_004;08.06.2024;10319.4839;737105;8844;3536;3324;2024-06-08 19:29:59 UTC
meta;fb_camp_002;fb_adset_004;fb_ad_004;08.06.2024;10331.6707;737976;8855;3541;3328;2024-06-09 00:05:59 UTC
meta;fb_camp_002;fb_adset_004;fb_ad_004;09.06.2024;10349.8529;739274;8870;3547;3334;2024-06-09 02:54:00 UTC
meta;fb_camp_002;fb_adset_004;fb_ad_004;09.06.2024;10368.0352;740573;8886;3553;3340;2024-06-09 13:23:29 UTC
meta;fb_camp_002;fb_adset_004;fb_ad_004;09.06.2024;10386.2174;741872;8902;3560;3346;2024-06-10 00:06:59 UTC
meta;fb_camp_002;fb_adset_004;fb_ad_004;10.06.2024;10395.6441;742545;8910;3563;3349;2024-06-10 00:59:00 UTC
meta;fb_camp_002;fb_adset_004;fb_ad_004;10.06.2024;10405.0708;743218;8918;3566;3352;2024-06-10 06:42:44 UTC
meta;fb_camp_002;fb_adset_004;fb_ad_004;10.06.2024;10414.4975;743892;8926;3569;3355;2024-06-10 12:27:29 UTC
meta;fb_camp_002;fb_adset_004;fb_ad_004;10.06.2024;10423.9242;744565;8934;3572;3358;2024-06-10 18:15:14 UTC
meta;fb_camp_002;fb_adset_004;fb_ad_004;10.06.2024;10433.3509;745239;8942;3576;3361;2024-06-11 00:07:59 UTC
meta;fb_camp_002;fb_adset_004;fb_ad_004;11.06.2024;10437.5183;745536;8945;3577;3362;2024-06-11 03:45:00 UTC
meta;fb_camp_002;fb_adset_004;fb_ad_004;11.06.2024;10441.6857;745834;8949;3579;3363;2024-06-11 07:53:59 UTC
meta;fb_camp_002;fb_adset_004;fb_ad_004;11.06.2024;10445.8531;746132;8953;3580;3365;2024-06-11 11:58:59 UTC
meta;fb_camp_002;fb_adset_004;fb_ad_004;11.06.2024;10450.0205;746429;8956;3582;3366;2024-06-11 15:52:59 UTC
meta;fb_camp_002;fb_adset_004;fb_ad_004;11.06.2024;10454.1879;746727;8960;3583;3367;2024-06-11 20:01:59 UTC
meta;fb_camp_002;fb_adset_004;fb_ad_004;11.06.2024;10458.3553;747025;8964;3585;3369;2024-06-12 00:00:59 UTC
meta;fb_camp_002;fb_adset_004;fb_ad_004;12.06.2024;10459.7086;747121;8965;3585;3369;2024-06-12 02:58:00 UTC
meta;fb_camp_002;fb_adset_004;fb_ad_004;12.06.2024;10461.0618;747218;8966;3585;3369;2024-06-12 07:15:47 UTC
meta;fb_camp_002;fb_adset_004;fb_ad_004;12.06.2024;10462.415;747315;8967;3586;3370;2024-06-12 11:28:35 UTC
meta;fb_camp_002;fb_adset_004;fb_ad_004;12.06.2024;10463.7683;747411;8968;3586;3370;2024-06-12 15:40:23 UTC
meta;fb_camp_002;fb_adset_004;fb_ad_004;12.06.2024;10465.1216;747508;8969;3586;3370;2024-06-12 19:48:11 UTC
meta;fb_camp_002;fb_adset_004;fb_ad_004;12.06.2024;10466.4748;747605;8971;3587;3371;2024-06-13 00:03:59 UTC
meta;fb_camp_002;fb_adset_004;fb_ad_004;13.06.2024;10474.7649;748197;8978;3590;3373;2024-06-13 02:33:00 UTC
meta;fb_camp_002;fb_adset_004;fb_ad_004;13.06.2024;10483.055;748789;8985;3593;3376;2024-06-13 13:10:59 UTC
meta;fb_camp_002;fb_adset_004;fb_ad_004;13.06.2024;10491.3451;749381;8992;3596;3379;2024-06-14 00:11:59 UTC
meta;fb_camp_002;fb_adset_004;fb_ad_004;14.06.2024;10509.0357;750644;9007;3602;3384;2024-06-14 03:12:00 UTC
meta;fb_camp_002;fb_adset_004;fb_ad_004;14.06.2024;10526.7263;751908;9022;3608;3390;2024-06-14 13:37:29 UTC
meta;fb_camp_002;fb_adset_004;fb_ad_004;14.06.2024;10544.4169;753172;9037;3614;3396;2024-06-15 00:02:59 UTC
meta;fb_camp_002;fb_adset_004;fb_ad_004;15.06.2024;10547.8865;753419;9040;3615;3397;2024-06-15 03:06:00 UTC
meta;fb_camp_002;fb_adset_004;fb_ad_004;15.06.2024;10551.3562;753667;9043;3616;3398;2024-06-15 10:17:19 UTC
meta;fb_camp_002;fb_adset_004;fb_ad_004;15.06.2024;10554.8258;753915;9046;3617;3399;2024-06-15 17:05:39 UTC
meta;fb_camp_002;fb_adset_004;fb_ad_004;15.06.2024;10558.2954;754163;9049;3619;3401;2024-06-16 00:02:59 UTC
meta;fb_camp_002;fb_adset_004;fb_ad_004;16.06.2024;10569.3365;754951;9058;3622;3404;2024-06-16 03:29:00 UTC
meta;fb_camp_002;fb_adset_004;fb_ad_004;16.06.2024;10580.3775;755740;9068;3626;3408;2024-06-16 07:39:23 UTC
meta;fb_camp_002;fb_adset_004;fb_ad_004;16.06.2024;10591.4186;756529;9077;3630;3411;2024-06-16 11:45:47 UTC
meta;fb_camp_002;fb_adset_004;fb_ad_004;16.06.2024;10602.4597;757317;9087;3634;3415;2024-06-16 15:46:11 UTC
meta;fb_camp_002;fb_adset_004;fb_ad_004;16.06.2024;10613.5007;758106;9096;3638;3418;2024-06-16 19:53:35 UTC
meta;fb_camp_002;fb_adset_004;fb_ad_004;16.06.2024;10624.5418;758895;9106;3642;3422;2024-06-17 00:04:59 UTC
meta;fb_camp_002;fb_adset_004;fb_ad_004;17.06.2024;10634.5006;759606;9114;3645;3425;2024-06-17 04:00:00 UTC
meta;fb_camp_002;fb_adset_004;fb_ad_004;17.06.2024;10644.4595;760317;9123;3648;3428;2024-06-17 08:04:35 UTC
meta;fb_camp_002;fb_adset_004;fb_ad_004;17.06.2024;10654.4183;761029;9131;3652;3432;2024-06-17 11:57:11 UTC
meta;fb_camp_002;fb_adset_004;fb_ad_004;17.06.2024;10664.3771;761740;9140;3655;3435;2024-06-17 16:09:47 UTC
meta;fb_camp_002;fb_adset_004;fb_ad_004;17.06.2024;10674.336;762451;9148;3658;3438;2024-06-17 20:08:23 UTC
meta;fb_camp_002;fb_adset_004;fb_ad_004;17.06.2024;10684.2948;763163;9157;3662;3442;2024-06-18 00:09:59 UTC
meta;fb_camp_002;fb_adset_004;fb_ad_004;18.06.2024;10693.2676;763804;9164;3665;3444;2024-06-18 02:44:00 UTC
meta;fb_camp_002;fb_adset_004;fb_ad_004;18.06.2024;10702.2404;764445;9172;3668;3447;2024-06-18 10:01:59 UTC
meta;fb_camp_002;fb_adset_004;fb_ad_004;18.06.2024;10711.2132;765086;9180;3671;3450;2024-06-18 16:59:59 UTC
meta;fb_camp_002;fb_adset_004;fb_ad_004;18.06.2024;10720.186;765727;9188;3674;3453;2024-06-19 00:08:59 UTC
meta;fb_camp_002;fb_adset_004;fb_ad_004;19.06.2024;10731.5735;766540;9197;3678;3456;2024-06-19 03:43:00 UTC
meta;fb_camp_002;fb_adset_004;fb_ad_004;19.06.2024;10742.961;767354;9207;3682;3460;2024-06-19 10:25:39 UTC
meta;fb_camp_002;fb_adset_004;fb_ad_004;19.06.2024;10754.3486;768167;9217;3686;3464;2024-06-19 17:17:19 UTC
meta;fb_camp_002;fb_adset_004;fb_ad_004;19.06.2024;10765.7361;768981;9227;3690;3468;2024-06-20 00:04:59 UTC
meta;fb_camp_002;fb_adset_004;fb_ad_004;20.06.2024;10768.5061;769178;9229;3691;3468;2024-06-20 00:55:00 UTC
meta;fb_camp_002;fb_adset_004;fb_ad_004;20.06.2024;10771.276;769376;9231;3692;3469;2024-06-20 05:39:23 UTC
meta;fb_camp_002;fb_adset_004;fb_ad_004;20.06.2024;10774.046;769574;9234;3693;3470;2024-06-20 10:10:47 UTC
meta;fb_camp_002;fb_adset_004;fb_ad_004;20.06.2024;10776.816;769772;9236;3694;3471;2024-06-20 14:53:11 UTC
meta;fb_camp_002;fb_adset_004;fb_ad_004;20.06.2024;10779.5859;769970;9238;3695;3472;2024-06-20 19:24:35 UTC
meta;fb_camp_002;fb_adset_004;fb_ad_004;20.06.2024;10782.3559;770168;9241;3696;3473;2024-06-21 00:06:59 UTC
meta;fb_camp_002;fb_adset_004;fb_ad_004;21.06.2024;10799.2602;771375;9255;3701;3478;2024-06-21 00:11:00 UTC
meta;fb_camp_002;fb_adset_004;fb_ad_004;21.06.2024;10816.1645;772582;9270;3707;3484;2024-06-21 04:55:35 UTC
meta;fb_camp_002;fb_adset_004;fb_ad_004;21.06.2024;10833.0688;773790;9284;3713;3489;2024-06-21 09:45:11 UTC
meta;fb_camp_002;fb_adset_004;fb_ad_004;21.06.2024;10849.973;774997;9299;3718;3495;2024-06-21 14:35:47 UTC
meta;fb_camp_002;fb_adset_004;fb_ad_004;21.06.2024;10866.8773;776204;9313;3724;3500;2024-06-21 19:16:23 UTC
meta;fb_camp_002;fb_adset_004;fb_ad_004;21.06.2024;10883.7816;777412;9328;3730;3506;2024-06-22 00:10:59 UTC
meta;fb_camp_002;fb_adset_004;fb_ad_004;22.06.2024;10908.8426;779202;9349;3738;3514;2024-06-22 03:44:00 UTC
meta;fb_camp_002;fb_adset_004;fb_ad_004;22.06.2024;10933.9035;780992;9371;3747;3522;2024-06-22 10:32:59 UTC
meta;fb_camp_002;fb_adset_004;fb_ad_004;22.06.2024;10958.9645;782782;9392;3756;3530;2024-06-22 17:19:59 UTC
meta;fb_camp_002;fb_adset_004;fb_ad_004;22.06.2024;10984.0255;784573;9414;3765;3538;2024-06-23 00:01:59 UTC
meta;fb_camp_002;fb_adset_004;fb_ad_004;23.06.2024;10987.971;784854;9417;3766;3539;2024-06-23 03:29:00 UTC
meta;fb_camp_002;fb_adset_004;fb_ad_004;23.06.2024;10991.9164;785136;9420;3767;3540;2024-06-23 08:50:14 UTC
meta;fb_camp_002;fb_adset_004;fb_ad_004;23.06.2024;10995.8619;785418;9424;3769;3541;2024-06-23 13:56:29 UTC
meta;fb_camp_002;fb_adset_004;fb_ad_004;23.06.2024;10999.8073;785700;9427;3770;3542;2024-06-23 18:59:44 UTC
meta;fb_camp_002;fb_adset_004;fb_ad_004;23.06.2024;11003.7528;785982;9431;3772;3544;2024-06-24 00:04:59 UTC
meta;fb_camp_002;fb_adset_004;fb_ad_004;24.06.2024;11008.8256;786344;9435;3773;3545;2024-06-24 01:58:00 UTC
meta;fb_camp_002;fb_adset_004;fb_ad_004;24.06.2024;11013.8984;786706;9439;3775;3547;2024-06-24 09:13:39 UTC
meta;fb_camp_002;fb_adset_004;fb_ad_004;24.06.2024;11018.9712;787068;9443;3777;3549;2024-06-24 16:48:19 UTC
meta;fb_camp_002;fb_adset_004;fb_ad_004;24.06.2024;11024.044;787431;9448;3779;3551;2024-06-25 00:03:59 UTC
meta;fb_camp_002;fb_adset_004;fb_ad_004;25.06.2024;11028.24;787730;9451;3780;3552;2024-06-25 02:37:00 UTC
meta;fb_camp_002;fb_adset_004;fb_ad_004;25.06.2024;11032.436;788030;9455;3781;3553;2024-06-25 07:01:47 UTC
meta;fb_camp_002;fb_adset_004;fb_ad_004;25.06.2024;11036.6319;788330;9459;3783;3555;2024-06-25 11:11:35 UTC
meta;fb_camp_002;fb_adset_004;fb_ad_004;25.06.2024;11040.8279;788629;9462;3784;3556;2024-06-25 15:41:23 UTC
meta;fb_camp_002;fb_adset_004;fb_ad_004;25.06.2024;11045.0239;788929;9466;3785;3557;2024-06-25 19:44:11 UTC
meta;fb_camp_002;fb_adset_004;fb_ad_004;25.06.2024;11049.2199;789229;9470;3787;3559;2024-06-26 00:08:59 UTC
meta;fb_camp_002;fb_adset_004;fb_ad_004;26.06.2024;11077.3753;791240;9494;3796;3568;2024-06-26 03:28:00 UTC
meta;fb_camp_002;fb_adset_004;fb_ad_004;26.06.2024;11105.5306;793251;9518;3806;3577;2024-06-26 13:50:59 UTC
meta;fb_camp_002;fb_adset_004;fb_ad_004;26.06.2024;11133.686;795263;9542;3816;3586;2024-06-27 00:10:59 UTC
meta;fb_camp_002;fb_adset_004;fb_ad_004;27.06.2024;11148.2769;796305;9554;3821;3590;2024-06-27 02:26:00 UTC
meta;fb_camp_002;fb_adset_004;fb_ad_004;27.06.2024;11162.8679;797347;9567;3826;3595;2024-06-27 07:43:59 UTC
meta;fb_camp_002;fb_adset_004;fb_ad_004;27.06.2024;11177.4588;798389;9579;3831;3600;2024-06-27 13:20:59 UTC
meta;fb_camp_002;fb_adset_004;fb_ad_004;27.06.2024;11192.0498;799431;9592;3836;3605;2024-06-27 18:42:59 UTC
meta;fb_camp_002;fb_adset_004;fb_ad_004;27.06.2024;11206.6407;800474;9605;3841;3610;2024-06-28 00:00:59 UTC
meta;fb_camp_002;fb_adset_004;fb_ad_004;28.06.2024;11245.3625;803239;9638;3854;3622;2024-06-28 03:24:00 UTC
meta;fb_camp_002;fb_adset_004;fb_ad_004;28.06.2024;11284.0843;806005;9671;3867;3634;2024-06-28 13:38:29 UTC
meta;fb_camp_002;fb_adset_004;fb_ad_004;28.06.2024;11322.8061;808771;9705;3881;3647;2024-06-29 00:13:59 UTC
meta;fb_camp_002;fb_adset_004;fb_ad_004;29.06.2024;11343.6466;810259;9722;3888;3653;2024-06-29 00:12:00 UTC
meta;fb_camp_002;fb_adset_004;fb_ad_004;29.06.2024;11364.487;811748;9740;3895;3660;2024-06-29 05:06:59 UTC
meta;fb_camp_002;fb_adset_004;fb_ad_004;29.06.2024;11385.3275;813237;9758;3902;3667;2024-06-29 09:50:59 UTC
meta;fb_camp_002;fb_adset_004;fb_ad_004;29.06.2024;11406.168;814725;9776;3909;3674;2024-06-29 14:30:59 UTC
meta;fb_camp_002;fb_adset_004;fb_ad_004;29.06.2024;11427.0084;816214;9794;3916;3681;2024-06-29 19:18:59 UTC
meta;fb_camp_002;fb_adset_004;fb_ad_004;29.06.2024;11447.8489;817703;9812;3924;3688;2024-06-30 00:09:59 UTC
meta;fb_camp_002;fb_adset_004;fb_ad_004;30.06.2024;11449.9365;817852;9813;3924;3688;2024-06-30 03:52:00 UTC
meta;fb_camp_002;fb_adset_004;fb_ad_004;30.06.2024;11452.024;818001;9815;3925;3689;2024-06-30 07:48:11 UTC
meta;fb_camp_002;fb_adset_004;fb_ad_004;30.06.2024;11454.1116;818150;9817;3926;3690;2024-06-30 11:53:23 UTC
meta;fb_camp_002;fb_adset_004;fb_ad_004;30.06.2024;11456.1992;818299;9818;3926;3690;2024-06-30 16:06:35 UTC
meta;fb_camp_002;fb_adset_004;fb_ad_004;30.06.2024;11458.2867;818448;9820;3927;3691;2024-06-30 20:09:47 UTC
meta;fb_camp_002;fb_adset_004;fb_ad_004;30.06.2024;11460.3743;818598;9822;3928;3692;2024-07-01 00:12:59 UTC
meta;fb_camp_002;fb_adset_004;fb_ad_004;01.07.2024;11480.9624;820068;9839;3935;3698;2024-07-01 01:13:00 UTC
meta;fb_camp_002;fb_adset_004;fb_ad_004;01.07.2024;11501.5504;821539;9857;3942;3705;2024-07-01 08:59:19 UTC
meta;fb_camp_002;fb_adset_004;fb_ad_004;01.07.2024;11522.1384;823009;9875;3949;3711;2024-07-01 16:33:39 UTC
meta;fb_camp_002;fb_adset_004;fb_ad_004;01.07.2024;11542.7265;824480;9893;3956;3718;2024-07-02 00:04:59 UTC
meta;fb_camp_002;fb_adset_004;fb_ad_004;02.07.2024;11583.2957;827377;9927;3970;3731;2024-07-02 03:35:00 UTC
meta;fb_camp_002;fb_adset_004;fb_ad_004;02.07.2024;11623.8649;830275;9962;3984;3744;2024-07-02 13:47:59 UTC
meta;fb_camp_002;fb_adset_004;fb_ad_004;02.07.2024;11664.4341;833173;9997;3998;3757;2024-07-03 00:06:59 UTC
meta;fb_camp_002;fb_adset_004;fb_ad_004;03.07.2024;11678.8416;834202;10009;4003;3761;2024-07-03 00:21:00 UTC
meta;fb_camp_002;fb_adset_004;fb_ad_004;03.07.2024;11693.249;835231;10021;4008;3766;2024-07-03 12:12:59 UTC
meta;fb_camp_002;fb_adset_004;fb_ad_004;03.07.2024;11707.6565;836261;10034;4013;3771;2024-07-04 00:07:59 UTC
meta;fb_camp_002;fb_adset_004;fb_ad_004;04.07.2024;11716.9278;836923;10042;4016;3774;2024-07-04 03:29:00 UTC
meta;fb_camp_002;fb_adset_004;fb_ad_004;04.07.2024;11726.1991;837585;10050;4019;3777;2024-07-04 07:41:11 UTC
meta;fb_camp_002;fb_adset_004;fb_ad_004;04.07.2024;11735.4704;838247;10058;4022;3780;2024-07-04 11:45:23 UTC
meta;fb_camp_002;fb_adset_004;fb_ad_004;04.07.2024;11744.7416;838909;10066;4025;3783;2024-07-04 15:49:35 UTC
meta;fb_camp_002;fb_adset_004;fb_ad_004;04.07.2024;11754.0129;839571;10074;4028;3786;2024-07-04 20:03:47 UTC
meta;fb_camp_002;fb_adset_004;fb_ad_004;04.07.2024;11763.2842;840234;10082;4032;3789;2024-07-05 00:10:59 UTC
meta;fb_camp_002;fb_adset_004;fb_ad_004;05.07.2024;11771.508;840821;10089;4034;3791;2024-07-05 02:08:00 UTC
meta;fb_camp_002;fb_adset_004;fb_ad_004;05.07.2024;11779.7318;841408;10096;4037;3794;2024-07-05 06:30:59 UTC
meta;fb_camp_002;fb_adset_004;fb_ad_004;05.07.2024;11787.9556;841996;10103;4040;3797;2024-07-05 10:51:59 UTC
meta;fb_camp_002;fb_adset_004;fb_ad_004;05.07.2024;11796.1795;842583;10110;4043;3799;2024-07-05 15:17:59 UTC
meta;fb_camp_002;fb_adset_004;fb_ad_004;05.07.2024;11804.4033;843170;10117;4046;3802;2024-07-05 19:38:59 UTC
meta;fb_camp_002;fb_adset_004;fb_ad_004;05.07.2024;11812.6271;843758;10124;4049;3805;2024-07-06 00:13:59 UTC
meta;fb_camp_002;fb_adset_004;fb_ad_004;06.07.2024;11829.6534;844974;10138;4054;3810;2024-07-06 01:55:00 UTC
meta;fb_camp_002;fb_adset_004;fb_ad_004;06.07.2024;11846.6798;846190;10153;4060;3816;2024-07-06 13:00:59 UTC
meta;fb_camp_002;fb_adset_004;fb_ad_004;06.07.2024;11863.7061;847407;10168;4066;3822;2024-07-07 00:07:59 UTC
meta;fb_camp_002;fb_adset_004;fb_ad_004;07.07.2024;11889.003;849214;10189;4074;3830;2024-07-07 01:41:00 UTC
meta;fb_camp_002;fb_adset_004;fb_ad_004;07.07.2024;11914.2998;851021;10211;4083;3838;2024-07-07 09:08:59 UTC
meta;fb_camp_002;fb_adset_004;fb_ad_004;07.07.2024;11939.5967;852828;10233;4092;3846;2024-07-07 16:42:59 UTC
meta;fb_camp_002;fb_adset_004;fb_ad_004;07.07.2024;11964.8936;854635;10255;4101;3854;2024-07-08 00:12:59 UTC
meta;fb_camp_002;fb_adset_004;fb_ad_004;08.07.2024;12008.2293;857730;10292;4115;3868;2024-07-08 00:32:00 UTC
meta;fb_camp_002;fb_adset_004;fb_ad_004;08.07.2024;12051.565;860825;10329;4130;3882;2024-07-08 08:20:39 UTC
meta;fb_camp_002;fb_adset_004;fb_ad_004;08.07.2024;12094.9006;863920;10366;4145;3896;2024-07-08 16:09:19 UTC
meta;fb_camp_002;fb_adset_004;fb_ad_004;08.07.2024;12138.2363;867016;10403;4160;3910;2024-07-09 00:07:59 UTC
meta;fb_camp_002;fb_adset_004;fb_ad_004;09.07.2024;12161.8155;868700;10423;4168;3917;2024-07-09 00:10:00 UTC
meta;fb_camp_002;fb_adset_004;fb_ad_004;09.07.2024;12185.3947;870384;10443;4176;3925;2024-07-09 05:08:35 UTC
meta;fb_camp_002;fb_adset_004;fb_ad_004;09.07.2024;12208.974;872069;10464;4184;3933;2024-07-09 09:43:11 UTC
meta;fb_camp_002;fb_adset_004;fb_ad_004;09.07.2024;12232.5532;873753;10484;4192;3940;2024-07-09 14:38:47 UTC
meta;fb_camp_002;fb_adset_004;fb_ad_004;09.07.2024;12256.1324;875437;10504;4200;3948;2024-07-09 19:25:23 UTC
meta;fb_camp_002;fb_adset_004;fb_ad_004;09.07.2024;12279.7116;877122;10525;4209;3956;2024-07-10 00:07:59 UTC
meta;fb_camp_002;fb_adset_004;fb_ad_004;10.07.2024;12285.9324;877566;10530;4211;3958;2024-07-10 03:15:00 UTC
meta;fb_camp_002;fb_adset_004;fb_ad_004;10.07.2024;12292.1531;878010;10535;4213;3960;2024-07-10 07:20:47 UTC
meta;fb_camp_002;fb_adset_004;fb_ad_004;10.07.2024;12298.3738;878455;10541;4215;3962;2024-07-10 11:34:35 UTC
meta;fb_camp_002;fb_adset_004;fb_ad_004;10.07.2024;12304.5946;878899;10546;4217;3964;2024-07-10 15:40:23 UTC
meta;fb_camp_002;fb_adset_004;fb_ad_004;10.07.2024;12310.8153;879343;10551;4219;3966;2024-07-10 19:52:11 UTC
meta;fb_camp_002;fb_adset_004;fb_ad_004;10.07.2024;12317.0361;879788;10557;4222;3968;2024-07-11 00:04:59 UTC
meta;fb_camp_002;fb_adset_004;fb_ad_004;11.07.2024;12328.5399;880609;10566;4225;3971;2024-07-11 00:22:00 UTC
meta;fb_camp_002;fb_adset_004;fb_ad_004;11.07.2024;12340.0437;881431;10576;4229;3975;2024-07-11 05:06:47 UTC
meta;fb_camp_002;fb_adset_004;fb_ad_004;11.07.2024;12351.5474;882253;10586;4233;3979;2024-07-11 09:59:35 UTC
meta;fb_camp_002;fb_adset_004;fb_ad_004;11.07.2024;12363.0512;883074;10596;4237;3982;2024-07-11 14:46:23 UTC
meta;fb_camp_002;fb_adset_004;fb_ad_004;11.07.2024;12374.555;883896;10606;4241;3986;2024-07-11 19:28:11 UTC
meta;fb_camp_002;fb_adset_004;fb_ad_004;11.07.2024;12386.0588;884718;10616;4245;3990;2024-07-12 00:06:59 UTC
meta;fb_camp_002;fb_adset_004;fb_ad_004;12.07.2024;12390.8506;885060;10620;4246;3991;2024-07-12 03:57:00 UTC
meta;fb_camp_002;fb_adset_004;fb_ad_004;12.07.2024;12395.6423;885402;10624;4248;3993;2024-07-12 07:59:35 UTC
meta;fb_camp_002;fb_adset_004;fb_ad_004;12.07.2024;12400.4341;885744;10628;4250;3994;2024-07-12 12:04:11 UTC
meta;fb_camp_002;fb_adset_004;fb_ad_004;12.07.2024;12405.2259;886086;10632;4251;3996;2024-07-12 16:03:47 UTC
meta;fb_camp_002;fb_adset_004;fb_ad_004;12.07.2024;12410.0176;886428;10636;4253;3997;2024-07-12 20:02:23 UTC
meta;fb_camp_002;fb_adset_004;fb_ad_004;12.07.2024;12414.8094;886771;10640;4255;3999;2024-07-13 00:00:59 UTC
meta;fb_camp_002;fb_adset_004;fb_ad_004;13.07.2024;12420.0482;887145;10644;4256;4000;2024-07-13 03:40:00 UTC
meta;fb_camp_002;fb_adset_004;fb_ad_004;13.07.2024;12425.287;887519;10649;4258;4002;2024-07-13 07:46:47 UTC
meta;fb_camp_002;fb_adset_004;fb_ad_004;13.07.2024;12430.5258;887894;10653;4260;4004;2024-07-13 11:54:35 UTC
meta;fb_camp_002;fb_adset_004;fb_ad_004;13.07.2024;12435.7646;888268;10658;4262;4005;2024-07-13 15:58:23 UTC
meta;fb_camp_002;fb_adset_004;fb_ad_004;13.07.2024;12441.0034;888642;10662;4264;4007;2024-07-13 20:09:11 UTC
meta;fb_camp_002;fb_adset_004;fb_ad_004;13.07.2024;12446.2422;889017;10667;4266;4009;2024-07-14 00:10:59 UTC
meta;fb_camp_002;fb_adset_004;fb_ad_004;14.07.2024;12455.2018;889656;10674;4269;4011;2024-07-14 01:46:00 UTC
meta;fb_camp_002;fb_adset_004;fb_ad_004;14.07.2024;12464.1615;890296;10682;4272;4014;2024-07-14 04:31:18 UTC
meta;fb_camp_002;fb_adset_004;fb_ad_004;14.07.2024;12473.1211;890936;10690;4275;4017;2024-07-14 07:00:37 UTC
meta;fb_camp_002;fb_adset_004;fb_ad_004;14.07.2024;12482.0807;891576;10697;4278;4020;2024-07-14 09:43:56 UTC
meta;fb_camp_002;fb_adset_004;fb_ad_004;14.07.2024;12491.0404;892216;10705;4281;4023;2024-07-14 12:24:15 UTC
meta;fb_camp_002;fb_adset_004;fb_ad_004;14.07.2024;12500.0;892856;10713;4284;4026;2024-07-14 14:51:34 UTC
tiktok;tt_camp_001;tt_adset_001;tt_ad_001;02.01.2024;10.2371;465;6;2;1;2024-01-02 01:21:01 UTC
tiktok;tt_camp_001;tt_adset_001;tt_ad_001;02.01.2024;20.4743;930;13;4;3;2024-01-02 12:42:00 UTC
tiktok;tt_camp_001;tt_adset_001;tt_ad_001;02.01.2024;30.7114;1395;20;6;5;2024-01-03 00:03:59 UTC
tiktok;tt_camp_001;tt_adset_001;tt_ad_001;03.01.2024;35.505;1613;23;7;6;2024-01-03 00:55:00 UTC
tiktok;tt_camp_001;tt_adset_001;tt_ad_001;03.01.2024;40.2986;1831;27;8;7;2024-01-03 08:43:39 UTC
tiktok;tt_camp_001;tt_adset_001;tt_ad_001;03.01.2024;45.0921;2049;30;9;8;2024-01-03 16:23:19 UTC
tiktok;tt_camp_001;tt_adset_001;tt_ad_001;03.01.2024;49.8857;2267;34;10;9;2024-01-04 00:01:59 UTC
tiktok;tt_camp_001;tt_adset_001;tt_ad_001;04.01.2024;52.8415;2401;36;10;9;2024-01-04 00:03:00 UTC
tiktok;tt_camp_001;tt_adset_001;tt_ad_001;04.01.2024;55.7973;2535;38;11;10;2024-01-04 04:52:47 UTC
tiktok;tt_camp_001;tt_adset_001;tt_ad_001;04.01.2024;58.7532;2670;40;12;10;2024-01-04 09:40:35 UTC
tiktok;tt_camp_001;tt_adset_001;tt_ad_001;04.01.2024;61.709;2804;42;12;11;2024-01-04 14:33:23 UTC
tiktok;tt_camp_001;tt_adset_001;tt_ad_001;04.01.2024;64.6648;2938;44;13;11;2024-01-04 19:22:11 UTC
tiktok;tt_camp_001;tt_adset_001;tt_ad_001;04.01.2024;67.6206;3073;46;14;12;2024-01-05 00:00:59 UTC
tiktok;tt_camp_001;tt_adset_001;tt_ad_001;05.01.2024;72.0544;3274;49;15;12;2024-01-05 03:22:00 UTC
tiktok;tt_camp_001;tt_adset_001;tt_ad_001;05.01.2024;76.4882;3476;52;16;13;2024-01-05 10:19:19 UTC
tiktok;tt_camp_001;tt_adset_001;tt_ad_001;05.01.2024;80.9221;3677;55;17;14;2024-01-05 17:09:39 UTC
tiktok;tt_camp_001;tt_adset_001;tt_ad_001;05.01.2024;85.3559;3879;58;18;15;2024-01-06 00:12:59 UTC
tiktok;tt_camp_001;tt_adset_001;tt_ad_001;06.01.2024;105.2415;4783;71;22;18;2024-01-06 01:51:00 UTC
tiktok;tt_camp_001;tt_adset_001;tt_ad_001;06.01.2024;125.127;5687;84;26;22;2024-01-06 12:57:59 UTC
tiktok;tt_camp_001;tt_adset_001;tt_ad_001;06.01.2024;145.0126;6591;98;30;26;2024-01-07 00:04:59 UTC
tiktok;tt_camp_001;tt_adset_001;tt_ad_001;07.01.2024;154.2077;7009;104;32;27;2024-01-07 01:54:00 UTC
tiktok;tt_camp_001;tt_adset_001;tt_ad_001;07.01.2024;163.4028;7427;110;34;29;2024-01-07 09:13:59 UTC
tiktok;tt_camp_001;tt_adset_001;tt_ad_001;07.01.2024;172.5979;7845;116;36;31;2024-01-07 16:37:59 UTC
tiktok;tt_camp_001;tt_adset_001;tt_ad_001;07.01.2024;181.793;8263;123;38;33;2024-01-08 00:06:59 UTC
tiktok;tt_camp_001;tt_adset_001;tt_ad_001;08.01.2024;186.6303;8482;126;39;34;2024-01-08 03:00:00 UTC
tiktok;tt_camp_001;tt_adset_001;tt_ad_001;08.01.2024;191.4677;8702;129;40;35;2024-01-08 13:36:59 UTC
tiktok;tt_camp_001;tt_adset_001;tt_ad_001;08.01.2024;196.305;8922;133;41;36;2024-01-09 00:04:59 UTC
tiktok;tt_camp_001;tt_adset_001;tt_ad_001;09.01.2024;206.8677;9402;140;43;38;2024-01-09 03:36:00 UTC
tiktok;tt_camp_001;tt_adset_001;tt_ad_001;09.01.2024;217.4305;9882;147;45;40;2024-01-09 14:01:59 UTC
tiktok;tt_camp_001;tt_adset_001;tt_ad_001;09.01.2024;227.9932;10363;155;48;42;2024-01-10 00:06:59 UTC
tiktok;tt_camp_001;tt_adset_001;tt_ad_001;10.01.2024;236.5422;10751;160;49;43;2024-01-10 03:04:00 UTC
tiktok;tt_camp_001;tt_adset_001;tt_ad_001;10.01.2024;245.0913;11140;166;51;45;2024-01-10 13:36:29 UTC
tiktok;tt_camp_001;tt_adset_001;tt_ad_001;10.01.2024;253.6403;11529;172;53;47;2024-01-11 00:14:59 UTC
tiktok;tt_camp_001;tt_adset_001;tt_ad_001;11.01.2024;254.1943;11554;172;53;47;2024-01-11 01:47:00 UTC
tiktok;tt_camp_001;tt_adset_001;tt_ad_001;11.01.2024;254.7484;11579;172;53;47;2024-01-11 07:19:44 UTC
tiktok;tt_camp_001;tt_adset_001;tt_ad_001;11.01.2024;255.3024;11604;173;53;47;2024-01-11 13:03:29 UTC
tiktok;tt_camp_001;tt_adset_001;tt_ad_001;11.01.2024;255.8565;11629;173;53;47;2024-01-11 18:30:14 UTC
tiktok;tt_camp_001;tt_adset_001;tt_ad_001;11.01.2024;256.4105;11654;174;54;47;2024-01-12 00:12:59 UTC
tiktok;tt_camp_001;tt_adset_001;tt_ad_001;12.01.2024;258.1329;11732;175;54;47;2024-01-12 00:58:00 UTC
tiktok;tt_camp_001;tt_adset_001;tt_ad_001;12.01.2024;259.8554;11810;176;54;47;2024-01-12 06:54:29 UTC
tiktok;tt_camp_001;tt_adset_001;tt_ad_001;12.01.2024;261.5778;11889;177;54;48;2024-01-12 12:28:59 UTC
tiktok;tt_camp_001;tt_adset_001;tt_ad_001;12.01.2024;263.3003;11967;178;54;48;2024-01-12 18:20:29 UTC
tiktok;tt_camp_001;tt_adset_001;tt_ad_001;12.01.2024;265.0227;12046;180;55;49;2024-01-13 00:04:59 UTC
tiktok;tt_camp_001;tt_adset_001;tt_ad_001;13.01.2024;269.5264;12250;183;56;49;2024-01-13 02:16:00 UTC
tiktok;tt_camp_001;tt_adset_001;tt_ad_001;13.01.2024;274.0302;12455;186;57;50;2024-01-13 06:37:59 UTC
tiktok;tt_camp_001;tt_adset_001;tt_ad_001;13.01.2024;278.534;12660;189;58;51;2024-01-13 10:57:59 UTC
tiktok;tt_camp_001;tt_adset_001;tt_ad_001;13.01.2024;283.0377;12864;192;59;52;2024-01-13 15:26:59 UTC
tiktok;tt_camp_001;tt_adset_001;tt_ad_001;13.01.2024;287.5414;13069;195;60;53;2024-01-13 19:42:59 UTC
tiktok;tt_camp_001;tt_adset_001;tt_ad_001;13.01.2024;292.0452;13274;199;61;54;2024-01-14 00:11:59 UTC
tiktok;tt_camp_001;tt_adset_001;tt_ad_001;14.01.2024;310.7139;14122;211;65;57;2024-01-14 01:46:00 UTC
tiktok;tt_camp_001;tt_adset_001;tt_ad_001;14.01.2024;329.3826;14971;224;69;60;2024-01-14 12:50:59 UTC
tiktok;tt_camp_001;tt_adset_001;tt_ad_001;14.01.2024;348.0513;15820;237;73;64;2024-01-15 00:02:59 UTC
tiktok;tt_camp_001;tt_adset_001;tt_ad_001;15.01.2024;351.0276;15955;239;73;64;2024-01-15 03:32:00 UTC
tiktok;tt_camp_001;tt_adset_001;tt_ad_001;15.01.2024;354.0039;16090;241;74;65;2024-01-15 07:36:35 UTC
tiktok;tt_camp_001;tt_adset_001;tt_ad_001;15.01.2024;356.9802;16226;243;75;65;2024-01-15 11:46:11 UTC
tiktok;tt_camp_001;tt_adset_001;tt_ad_001;15.01.2024;359.9564;16361;245;75;66;2024-01-15 15:51:47 UTC
tiktok;tt_camp_001;tt_adset_001;tt_ad_001;15.01.2024;362.9327;16496;247;76;66;2024-01-15 19:55:23 UTC
tiktok;tt_camp_001;tt_adset_001;tt_ad_001;15.01.2024;365.909;16632;249;77;67;2024-01-16 00:10:59 UTC
tiktok;tt_camp_001;tt_adset_001;tt_ad_001;16.01.2024;368.6239;16755;250;77;67;2024-01-16 00:28:00 UTC
tiktok;tt_camp_001;tt_adset_001;tt_ad_001;16.01.2024;371.3389;16878;252;78;68;2024-01-16 06:11:29 UTC
tiktok;tt_camp_001;tt_adset_001;tt_ad_001;16.01.2024;374.0538;17002;254;78;68;2024-01-16 12:19:59 UTC
tiktok;tt_camp_001;tt_adset_001;tt_ad_001;16.01.2024;376.7688;17125;256;79;69;2024-01-16 18:09:29 UTC
tiktok;tt_camp_001;tt_adset_001;tt_ad_001;16.01.2024;379.4837;17249;258;80;70;2024-01-17 00:06:59 UTC
tiktok;tt_camp_001;tt_adset_001;tt_ad_001;17.01.2024;384.1385;17460;261;81;70;2024-01-17 00:28:00 UTC
tiktok;tt_camp_001;tt_adset_001;tt_ad_001;17.01.2024;388.7933;17672;264;82;71;2024-01-17 06:19:44 UTC
tiktok;tt_camp_001;tt_adset_001;tt_ad_001;17.01.2024;393.4482;17883;267;83;72;2024-01-17 12:21:29 UTC
tiktok;tt_camp_001;tt_adset_001;tt_ad_001;17.01.2024;398.103;18095;270;84;73;2024-01-17 18:15:14 UTC
tiktok;tt_camp_001;tt_adset_001;tt_ad_001;17.01.2024;402.7578;18307;274;85;74;2024-01-18 00:05:59 UTC
tiktok;tt_camp_001;tt_adset_001;tt_ad_001;18.01.2024;405.9823;18453;276;85;74;2024-01-18 03:40:00 UTC
tiktok;tt_camp_001;tt_adset_001;tt_ad_001;18.01.2024;409.2068;18600;278;86;75;2024-01-18 10:31:39 UTC
tiktok;tt_camp_001;tt_adset_001;tt_ad_001;18.01.2024;412.4313;18746;280;86;76;2024-01-18 17:19:19 UTC
tiktok;tt_camp_001;tt_adset_001;tt_ad_001;18.01.2024;415.6558;18893;283;87;77;2024-01-19 00:07:59 UTC
tiktok;tt_camp_001;tt_adset_001;tt_ad_001;19.01.2024;419.8825;19085;285;88;77;2024-01-19 02:12:00 UTC
tiktok;tt_camp_001;tt_adset_001;tt_ad_001;19.01.2024;424.1092;19277;288;89;78;2024-01-19 09:37:19 UTC
tiktok;tt_camp_001;tt_adset_001;tt_ad_001;19.01.2024;428.336;19469;291;90;79;2024-01-19 16:51:39 UTC
tiktok;tt_camp_001;tt_adset_001;tt_ad_001;19.01.2024;432.5627;19661;294;91;80;2024-01-20 00:08:59 UTC
tiktok;tt_camp_001;tt_adset_001;tt_ad_001;20.01.2024;436.7949;19853;297;91;80;2024-01-20 04:07:00 UTC
tiktok;tt_camp_001;tt_adset_001;tt_ad_001;20.01.2024;441.0271;20045;300;92;81;2024-01-20 09:04:44 UTC
tiktok;tt_camp_001;tt_adset_001;tt_ad_001;20.01.2024;445.2592;20238;303;93;82;2024-01-20 14:04:29 UTC
tiktok;tt_camp_001;tt_adset_001;tt_ad_001;20.01.2024;449.4914;20430;306;94;83;2024-01-20 19:03:14 UTC
tiktok;tt_camp_001;tt_adset_001;tt_ad_001;20.01.2024;453.7236;20623;309;95;84;2024-01-21 00:02:59 UTC
tiktok;tt_camp_001;tt_adset_001;tt_ad_001;21.01.2024;455.0924;20685;309;95;84;2024-01-21 00:49:00 UTC
tiktok;tt_camp_001;tt_adset_001;tt_ad_001;21.01.2024;456.4613;20747;310;95;84;2024-01-21 05:40:23 UTC
tiktok;tt_camp_001;tt_adset_001;tt_ad_001;21.01.2024;457.8301;20810;311;96;84;2024-01-21 10:06:47 UTC
tiktok;tt_camp_001;tt_adset_001;tt_ad_001;21.01.2024;459.1989;20872;312;96;84;2024-01-21 14:46:11 UTC
tiktok;tt_camp_001;tt_adset_001;tt_ad_001;21.01.2024;460.5678;20934;313;96;84;2024-01-21 19:32:35 UTC
tiktok;tt_camp_001;tt_adset_001;tt_ad_001;21.01.2024;461.9366;20997;314;97;85;2024-01-22 00:02:59 UTC
tiktok;tt_camp_001;tt_adset_001;tt_ad_001;22.01.2024;468.2877;21285;318;98;86;2024-01-22 00:31:00 UTC
tiktok;tt_camp_001;tt_adset_001;tt_ad_001;22.01.2024;474.6388;21574;322;99;87;2024-01-22 05:17:11 UTC
tiktok;tt_camp_001;tt_adset_001;tt_ad_001;22.01.2024;480.9898;21863;327;101;88;2024-01-22 09:58:23 UTC
tiktok;tt_camp_001;tt_adset_001;tt_ad_001;22.01.2024;487.3409;22151;331;102;89;2024-01-22 14:42:35 UTC
tiktok;tt_camp_001;tt_adset_001;tt_ad_001;22.01.2024;493.692;22440;335;103;90;2024-01-22 19:21:47 UTC
tiktok;tt_camp_001;tt_adset_001;tt_ad_001;22.01.2024;500.0431;22729;340;105;92;2024-01-23 00:08:59 UTC
tiktok;tt_camp_001;tt_adset_001;tt_ad_001;23.01.2024;502.3319;22833;341;105;92;2024-01-23 00:58:00 UTC
tiktok;tt_camp_001;tt_adset_001;tt_ad_001;23.01.2024;504.6208;22937;343;106;93;2024-01-23 12:30:29 UTC
tiktok;tt_camp_001;tt_adset_001;tt_ad_001;23.01.2024;506.9096;23041;345;107;94;2024-01-24 00:12:59 UTC
tiktok;tt_camp_001;tt_adset_001;tt_ad_001;24.01.2024;508.1228;23096;345;107;94;2024-01-24 02:12:00 UTC
tiktok;tt_camp_001;tt_adset_001;tt_ad_001;24.01.2024;509.336;23151;346;107;94;2024-01-24 07:42:14 UTC
tiktok;tt_camp_001;tt_adset_001;tt_ad_001;24.01.2024;510.5492;23206;347;107;94;2024-01-24 13:06:29 UTC
tiktok;tt_camp_001;tt_adset_001;tt_ad_001;24.01.2024;511.7624;23261;348;107;94;2024-01-24 18:39:44 UTC
tiktok;tt_camp_001;tt_adset_001;tt_ad_001;24.01.2024;512.9756;23316;349;108;95;2024-01-25 00:00:59 UTC
tiktok;tt_camp_001;tt_adset_001;tt_ad_001;25.01.2024;517.9382;23541;352;109;95;2024-01-25 01:47:00 UTC
tiktok;tt_camp_001;tt_adset_001;tt_ad_001;25.01.2024;522.9008;23767;355;110;96;2024-01-25 07:10:59 UTC
tiktok;tt_camp_001;tt_adset_001;tt_ad_001;25.01.2024;527.8634;23992;359;111;97;2024-01-25 12:59:59 UTC
tiktok;tt_camp_001;tt_adset_001;tt_ad_001;25.01.2024;532.826;24218;362;112;98;2024-01-25 18:33:59 UTC
tiktok;tt_camp_001;tt_adset_001;tt_ad_001;25.01.2024;537.7886;24444;366;113;99;2024-01-26 00:04:59 UTC
tiktok;tt_camp_001;tt_adset_001;tt_ad_001;26.01.2024;546.8126;24854;372;115;100;2024-01-26 01:36:00 UTC
tiktok;tt_camp_001;tt_adset_001;tt_ad_001;26.01.2024;555.8366;25264;378;117;102;2024-01-26 08:58:19 UTC
tiktok;tt_camp_001;tt_adset_001;tt_ad_001;26.01.2024;564.8605;25674;384;119;104;2024-01-26 16:36:39 UTC
tiktok;tt_camp_001;tt_adset_001;tt_ad_001;26.01.2024;573.8845;26085;391;121;106;2024-01-27 00:12:59 UTC
tiktok;tt_camp_001;tt_adset_001;tt_ad_001;27.01.2024;582.001;26454;396;122;107;2024-01-27 02:32:00 UTC
tiktok;tt_camp_001;tt_adset_001;tt_ad_001;27.01.2024;590.1176;26823;401;124;109;2024-01-27 13:17:29 UTC
tiktok;tt_camp_001;tt_adset_001;tt_ad_001;27.01.2024;598.2341;27192;407;126;111;2024-01-28 00:14:59 UTC
tiktok;tt_camp_001;tt_adset_001;tt_ad_001;28.01.2024;602.139;27369;409;126;111;2024-01-28 02:16:00 UTC
tiktok;tt_camp_001;tt_adset_001;tt_ad_001;28.01.2024;606.044;27546;412;127;112;2024-01-28 07:45:14 UTC
tiktok;tt_camp_001;tt_adset_001;tt_ad_001;28.01.2024;609.9489;27724;415;128;112;2024-01-28 13:22:29 UTC
tiktok;tt_camp_001;tt_adset_001;tt_ad_001;28.01.2024;613.8539;27901;418;129;113;2024-01-28 18:43:44 UTC
tiktok;tt_camp_001;tt_adset_001;tt_ad_001;28.01.2024;617.7588;28079;421;130;114;2024-01-29 00:01:59 UTC
tiktok;tt_camp_001;tt_adset_001;tt_ad_001;29.01.2024;623.3501;28333;424;131;115;2024-01-29 03:54:00 UTC
tiktok;tt_camp_001;tt_adset_001;tt_ad_001;29.01.2024;628.9415;28587;428;132;116;2024-01-29 14:08:59 UTC
tiktok;tt_camp_001;tt_adset_001;tt_ad_001;29.01.2024;634.5328;28842;432;134;117;2024-01-30 00:08:59 UTC
tiktok;tt_camp_001;tt_adset_001;tt_ad_001;30.01.2024;638.1891;29008;434;134;117;2024-01-30 01:50:00 UTC
tiktok;tt_camp_001;tt_adset_001;tt_ad_001;30.01.2024;641.8454;29174;437;135;118;2024-01-30 09:16:59 UTC
tiktok;tt_camp_001;tt_adset_001;tt_ad_001;30.01.2024;645.5018;29340;439;136;119;2024-01-30 16:36:59 UTC
tiktok;tt_camp_001;tt_adset_001;tt_ad_001;30.01.2024;649.1581;29507;442;137;120;2024-01-31 00:04:59 UTC
tiktok;tt_camp_001;tt_adset_001;tt_ad_001;31.01.2024;656.5094;29841;447;138;121;2024-01-31 02:08:00 UTC
tiktok;tt_camp_001;tt_adset_001;tt_ad_001;31.01.2024;663.8606;30175;452;140;122;2024-01-31 06:36:11 UTC
tiktok;tt_camp_001;tt_adset_001;tt_ad_001;31.01.2024;671.2119;30509;457;141;124;2024-01-31 10:59:23 UTC
tiktok;tt_camp_001;tt_adset_001;tt_ad_001;31.01.2024;678.5632;30843;462;143;125;2024-01-31 15:23:35 UTC
tiktok;tt_camp_001;tt_adset_001;tt_ad_001;31.01.2024;685.9144;31177;467;144;126;2024-01-31 19:39:47 UTC
tiktok;tt_camp_001;tt_adset_001;tt_ad_001;31.01.2024;693.2657;31511;472;146;128;2024-02-01 00:11:59 UTC
tiktok;tt_camp_001;tt_adset_001;tt_ad_001;01.02.2024;698.7084;31758;475;147;129;2024-02-01 03:53:00 UTC
tiktok;tt_camp_001;tt_adset_001;tt_ad_001;01.02.2024;704.1511;32005;479;148;130;2024-02-01 08:52:29 UTC
tiktok;tt_camp_001;tt_adset_001;tt_ad_001;01.02.2024;709.5937;32253;483;149;131;2024-02-01 13:58:59 UTC
tiktok;tt_camp_001;tt_adset_001;tt_ad_001;01.02.2024;715.0364;32500;487;150;132;2024-02-01 19:10:29 UTC
tiktok;tt_camp_001;tt_adset_001;tt_ad_001;01.02.2024;720.4791;32748;491;152;133;2024-02-02 00:08:59 UTC
tiktok;tt_camp_001;tt_adset_001;tt_ad_001;02.02.2024;723.0822;32866;492;152;133;2024-02-02 00:19:00 UTC
tiktok;tt_camp_001;tt_adset_001;tt_ad_001;02.02.2024;725.6853;32984;494;153;134;2024-02-02 05:01:59 UTC
tiktok;tt_camp_001;tt_adset_001;tt_ad_001;02.02.2024;728.2884;33103;496;153;134;2024-02-02 09:50:59 UTC
tiktok;tt_camp_001;tt_adset_001;tt_ad_001;02.02.2024;730.8914;33221;497;154;135;2024-02-02 14:30:59 UTC
tiktok;tt_camp_001;tt_adset_001;tt_ad_001;02.02.2024;733.4945;33339;499;154;135;2024-02-02 19:24:59 UTC
tiktok;tt_camp_001;tt_adset_001;tt_ad_001;02.02.2024;736.0976;33458;501;155;136;2024-02-03 00:08:59 UTC
tiktok;tt_camp_001;tt_adset_001;tt_ad_001;03.02.2024;739.1018;33594;503;155;136;2024-02-03 01:02:00 UTC
tiktok;tt_camp_001;tt_adset_001;tt_ad_001;03.02.2024;742.106;33731;505;156;137;2024-02-03 08:51:59 UTC
tiktok;tt_camp_001;tt_adset_001;tt_ad_001;03.02.2024;745.1102;33868;507;157;137;2024-02-03 16:30:59 UTC
tiktok;tt_camp_001;tt_adset_001;tt_ad_001;03.02.2024;748.1144;34005;510;158;138;2024-02-04 00:00:59 UTC
tiktok;tt_camp_001;tt_adset_001;tt_ad_001;04.02.2024;756.4143;34382;515;159;139;2024-02-04 00:58:00 UTC
tiktok;tt_camp_001;tt_adset_001;tt_ad_001;04.02.2024;764.7142;34759;521;161;141;2024-02-04 08:51:59 UTC
tiktok;tt_camp_001;tt_adset_001;tt_ad_001;04.02.2024;773.0142;35136;526;163;143;2024-02-04 16:24:59 UTC
tiktok;tt_camp_001;tt_adset_001;tt_ad_001;04.02.2024;781.3141;35514;532;165;145;2024-02-05 00:01:59 UTC
tiktok;tt_camp_001;tt_adset_001;tt_ad_001;05.02.2024;792.1666;36007;539;167;147;2024-02-05 02:50:00 UTC
tiktok;tt_camp_001;tt_adset_001;tt_ad_001;05.02.2024;803.0192;36500;547;169;149;2024-02-05 09:51:59 UTC
tiktok;tt_camp_001;tt_adset_001;tt_ad_001;05.02.2024;813.8718;36993;554;171;151;2024-02-05 17:02:59 UTC
tiktok;tt_camp_001;tt_adset_001;tt_ad_001;05.02.2024;824.7243;37487;562;174;153;2024-02-06 00:02:59 UTC
tiktok;tt_camp_001;tt_adset_001;tt_ad_001;06.02.2024;831.5269;37796;566;175;154;2024-02-06 01:58:00 UTC
tiktok;tt_camp_001;tt_adset_001;tt_ad_001;06.02.2024;838.3295;38105;571;176;155;2024-02-06 06:28:59 UTC
tiktok;tt_camp_001;tt_adset_001;tt_ad_001;06.02.2024;845.1321;38414;576;178;156;2024-02-06 10:48:59 UTC
tiktok;tt_camp_001;tt_adset_001;tt_ad_001;06.02.2024;851.9347;38723;580;179;157;2024-02-06 15:11:59 UTC
tiktok;tt_camp_001;tt_adset_001;tt_ad_001;06.02.2024;858.7373;39032;585;180;158;2024-02-06 19:35:59 UTC
tiktok;tt_camp_001;tt_adset_001;tt_ad_001;06.02.2024;865.5399;39342;590;182;160;2024-02-07 00:01:59 UTC
tiktok;tt_camp_001;tt_adset_001;tt_ad_001;07.02.2024;867.2528;39419;591;182;160;2024-02-07 02:34:00 UTC
tiktok;tt_camp_001;tt_adset_001;tt_ad_001;07.02.2024;868.9658;39497;592;182;160;2024-02-07 06:53:35 UTC
tiktok;tt_camp_001;tt_adset_001;tt_ad_001;07.02.2024;870.6787;39575;593;183;161;2024-02-07 11:18:11 UTC
tiktok;tt_camp_001;tt_adset_001;tt_ad_001;07.02.2024;872.3916;39653;594;183;161;2024-02-07 15:34:47 UTC
tiktok;tt_camp_001;tt_adset_001;tt_ad_001;07.02.2024;874.1046;39731;595;183;161;2024-02-07 19:42:23 UTC
tiktok;tt_camp_001;tt_adset_001;tt_ad_001;07.02.2024;875.8175;39809;597;184;162;2024-02-08 00:10:59 UTC
tiktok;tt_camp_001;tt_adset_001;tt_ad_001;08.02.2024;881.3708;40061;600;185;163;2024-02-08 00:37:00 UTC
tiktok;tt_camp_001;tt_adset_001;tt_ad_001;08.02.2024;886.9241;40314;604;186;164;2024-02-08 12:18:29 UTC
tiktok;tt_camp_001;tt_adset_001;tt_ad_001;08.02.2024;892.4774;40567;608;188;165;2024-02-09 00:12:59 UTC
tiktok;tt_camp_001;tt_adset_001;tt_ad_001;09.02.2024;897.2735;40785;611;189;166;2024-02-09 01:16:00 UTC
tiktok;tt_camp_001;tt_adset_001;tt_ad_001;09.02.2024;902.0696;41003;614;190;167;2024-02-09 12:44:59 UTC
tiktok;tt_camp_001;tt_adset_001;tt_ad_001;09.02.2024;906.8657;41221;618;191;168;2024-02-10 00:07:59 UTC
tiktok;tt_camp_001;tt_adset_001;tt_ad_001;10.02.2024;911.4791;41430;621;192;168;2024-02-10 03:16:00 UTC
tiktok;tt_camp_001;tt_adset_001;tt_ad_001;10.02.2024;916.0924;41640;624;193;169;2024-02-10 10:15:19 UTC
tiktok;tt_camp_001;tt_adset_001;tt_ad_001;10.02.2024;920.7058;41849;627;194;170;2024-02-10 17:07:39 UTC
tiktok;tt_camp_001;tt_adset_001;tt_ad_001;10.02.2024;925.3192;42059;630;195;171;2024-02-11 00:13:59 UTC
tiktok;tt_camp_001;tt_adset_001;tt_ad_001;11.02.2024;937.9402;42632;638;197;173;2024-02-11 04:05:00 UTC
tiktok;tt_camp_001;tt_adset_001;tt_ad_001;11.02.2024;950.5613;43206;647;200;175;2024-02-11 14:09:29 UTC
tiktok;tt_camp_001;tt_adset_001;tt_ad_001;11.02.2024;963.1823;43780;656;203;178;2024-02-12 00:08:59 UTC
tiktok;tt_camp_001;tt_adset_001;tt_ad_001;12.02.2024;980.7266;44577;668;206;181;2024-02-12 00:50:00 UTC
tiktok;tt_camp_001;tt_adset_001;tt_ad_001;12.02.2024;998.2708;45375;680;210;184;2024-02-12 12:34:29 UTC
tiktok;tt_camp_001;tt_adset_001;tt_ad_001;12.02.2024;1015.8151;46173;692;214;188;2024-02-13 00:00:59 UTC
tiktok;tt_camp_001;tt_adset_001;tt_ad_001;13.02.2024;1025.1319;46596;698;216;189;2024-02-13 01:17:00 UTC
tiktok;tt_camp_001;tt_adset_001;tt_ad_001;13.02.2024;1034.4487;47019;704;218;191;2024-02-13 12:42:59 UTC
tiktok;tt_camp_001;tt_adset_001;tt_ad_001;13.02.2024;1043.7655;47443;711;220;193;2024-02-14 00:07:59 UTC
tiktok;tt_camp_001;tt_adset_001;tt_ad_001;14.02.2024;1046.8603;47583;713;220;193;2024-02-14 03:58:00 UTC
tiktok;tt_camp_001;tt_adset_001;tt_ad_001;14.02.2024;1049.9551;47724;715;221;194;2024-02-14 10:40:59 UTC
tiktok;tt_camp_001;tt_adset_001;tt_ad_001;14.02.2024;1053.0499;47865;717;222;195;2024-02-14 17:25:59 UTC
tiktok;tt_camp_001;tt_adset_001;tt_ad_001;14.02.2024;1056.1447;48006;720;223;196;2024-02-15 00:00:59 UTC
tiktok;tt_camp_001;tt_adset_001;tt_ad_001;15.02.2024;1059.6106;48163;722;223;196;2024-02-15 03:12:00 UTC
tiktok;tt_camp_001;tt_adset_001;tt_ad_001;15.02.2024;1063.0766;48321;724;224;197;2024-02-15 07:24:11 UTC
tiktok;tt_camp_001;tt_adset_001;tt_ad_001;15.02.2024;1066.5426;48478;727;225;198;2024-02-15 11:31:23 UTC
tiktok;tt_camp_001;tt_adset_001;tt_ad_001;15.02.2024;1070.0085;48636;729;225;198;2024-02-15 15:40:35 UTC
tiktok;tt_camp_001;tt_adset_001;tt_ad_001;15.02.2024;1073.4744;48793;731;226;199;2024-02-15 19:54:47 UTC
tiktok;tt_camp_001;tt_adset_001;tt_ad_001;15.02.2024;1076.9404;48951;734;227;200;2024-02-16 00:11:59 UTC
tiktok;tt_camp_001;tt_adset_001;tt_ad_001;16.02.2024;1086.8037;49399;740;229;201;2024-02-16 01:17:00 UTC
tiktok;tt_camp_001;tt_adset_001;tt_ad_001;16.02.2024;1096.667;49847;747;231;203;2024-02-16 05:49:35 UTC
tiktok;tt_camp_001;tt_adset_001;tt_ad_001;16.02.2024;1106.5303;50296;754;233;205;2024-02-16 10:20:11 UTC
tiktok;tt_camp_001;tt_adset_001;tt_ad_001;16.02.2024;1116.3936;50744;760;235;207;2024-02-16 15:02:47 UTC
tiktok;tt_camp_001;tt_adset_001;tt_ad_001;16.02.2024;1126.2569;51192;767;237;209;2024-02-16 19:38:23 UTC
tiktok;tt_camp_001;tt_adset_001;tt_ad_001;16.02.2024;1136.1202;51641;774;239;211;2024-02-17 00:08:59 UTC
tiktok;tt_camp_001;tt_adset_001;tt_ad_001;17.02.2024;1143.7396;51987;779;240;212;2024-02-17 02:04:00 UTC
tiktok;tt_camp_001;tt_adset_001;tt_ad_001;17.02.2024;1151.3589;52333;784;242;213;2024-02-17 13:11:29 UTC
tiktok;tt_camp_001;tt_adset_001;tt_ad_001;17.02.2024;1158.9783;52680;790;244;215;2024-02-18 00:07:59 UTC
tiktok;tt_camp_001;tt_adset_001;tt_ad_001;18.02.2024;1163.1792;52871;792;245;215;2024-02-18 00:34:00 UTC
tiktok;tt_camp_001;tt_adset_001;tt_ad_001;18.02.2024;1167.38;53062;795;246;216;2024-02-18 08:35:19 UTC
tiktok;tt_camp_001;tt_adset_001;tt_ad_001;18.02.2024;1171.5809;53253;798;247;217;2024-02-18 16:13:39 UTC
tiktok;tt_camp_001;tt_adset_001;tt_ad_001;18.02.2024;1175.7818;53444;801;248;218;2024-02-19 00:01:59 UTC
tiktok;tt_camp_001;tt_adset_001;tt_ad_001;19.02.2024;1181.7643;53716;805;249;219;2024-02-19 01:27:00 UTC
tiktok;tt_camp_001;tt_adset_001;tt_ad_001;19.02.2024;1187.7469;53988;809;250;220;2024-02-19 12:57:29 UTC
tiktok;tt_camp_001;tt_adset_001;tt_ad_001;19.02.2024;1193.7294;54260;813;252;221;2024-02-20 00:09:59 UTC
tiktok;tt_camp_001;tt_adset_001;tt_ad_001;20.02.2024;1200.6946;54576;817;253;222;2024-02-20 00:41:00 UTC
tiktok;tt_camp_001;tt_adset_001;tt_ad_001;20.02.2024;1207.6599;54893;822;254;223;2024-02-20 08:32:59 UTC
tiktok;tt_camp_001;tt_adset_001;tt_ad_001;20.02.2024;1214.6252;55209;827;255;224;2024-02-20 16:23:59 UTC
tiktok;tt_camp_001;tt_adset_001;tt_ad_001;20.02.2024;1221.5904;55526;832;257;226;2024-02-21 00:09:59 UTC
tiktok;tt_camp_001;tt_adset_001;tt_ad_001;21.02.2024;1223.709;55622;833;257;226;2024-02-21 02:24:00 UTC
tiktok;tt_camp_001;tt_adset_001;tt_ad_001;21.02.2024;1225.8276;55718;835;258;226;2024-02-21 07:51:44 UTC
tiktok;tt_camp_001;tt_adset_001;tt_ad_001;21.02.2024;1227.9462;55815;836;258;227;2024-02-21 13:12:29 UTC
tiktok;tt_camp_001;tt_adset_001;tt_ad_001;21.02.2024;1230.0648;55911;838;259;227;2024-02-21 18:37:14 UTC
tiktok;tt_camp_001;tt_adset_001;tt_ad_001;21.02.2024;1232.1834;56008;840;260;228;2024-02-22 00:04:59 UTC
tiktok;tt_camp_001;tt_adset_001;tt_ad_001;22.02.2024;1234.5339;56114;841;260;228;2024-02-22 01:53:00 UTC
tiktok;tt_camp_001;tt_adset_001;tt_ad_001;22.02.2024;1236.8844;56221;843;261;229;2024-02-22 06:14:35 UTC
tiktok;tt_camp_001;tt_adset_001;tt_ad_001;22.02.2024;1239.2348;56328;844;261;229;2024-02-22 10:45:11 UTC
tiktok;tt_camp_001;tt_adset_001;tt_ad_001;22.02.2024;1241.5853;56435;846;262;230;2024-02-22 15:10:47 UTC
tiktok;tt_camp_001;tt_adset_001;tt_ad_001;22.02.2024;1243.9358;56542;847;262;230;2024-02-22 19:47:23 UTC
tiktok;tt_camp_001;tt_adset_001;tt_ad_001;22.02.2024;1246.2863;56649;849;263;231;2024-02-23 00:12:59 UTC
tiktok;tt_camp_001;tt_adset_001;tt_ad_001;23.02.2024;1259.757;57261;858;265;233;2024-02-23 00:39:00 UTC
tiktok;tt_camp_001;tt_adset_001;tt_ad_001;23.02.2024;1273.2278;57873;867;268;236;2024-02-23 12:24:29 UTC
tiktok;tt_camp_001;tt_adset_001;tt_ad_001;23.02.2024;1286.6985;58486;877;271;239;2024-02-24 00:01:59 UTC
tiktok;tt_camp_001;tt_adset_001;tt_ad_001;24.02.2024;1295.7999;58899;883;273;240;2024-02-24 01:37:00 UTC
tiktok;tt_camp_001;tt_adset_001;tt_ad_001;24.02.2024;1304.9014;59313;889;275;242;2024-02-24 12:48:59 UTC
tiktok;tt_camp_001;tt_adset_001;tt_ad_001;24.02.2024;1314.0028;59727;895;277;244;2024-02-25 00:14:59 UTC
tiktok;tt_camp_001;tt_adset_001;tt_ad_001;25.02.2024;1318.6093;59936;898;278;244;2024-02-25 01:00:00 UTC
tiktok;tt_camp_001;tt_adset_001;tt_ad_001;25.02.2024;1323.2157;60145;901;279;245;2024-02-25 06:47:59 UTC
tiktok;tt_camp_001;tt_adset_001;tt_ad_001;25.02.2024;1327.8222;60355;904;280;246;2024-02-25 12:32:59 UTC
tiktok;tt_camp_001;tt_adset_001;tt_ad_001;25.02.2024;1332.4286;60564;907;281;247;2024-02-25 18:16:59 UTC
tiktok;tt_camp_001;tt_adset_001;tt_ad_001;25.02.2024;1337.0351;60774;911;282;248;2024-02-26 00:07:59 UTC
tiktok;tt_camp_001;tt_adset_001;tt_ad_001;26.02.2024;1345.3902;61153;916;283;249;2024-02-26 00:56:00 UTC
tiktok;tt_camp_001;tt_adset_001;tt_ad_001;26.02.2024;1353.7452;61533;922;285;251;2024-02-26 06:40:29 UTC
tiktok;tt_camp_001;tt_adset_001;tt_ad_001;26.02.2024;1362.1003;61912;928;287;252;2024-02-26 12:25:59 UTC
tiktok;tt_camp_001;tt_adset_001;tt_ad_001;26.02.2024;1370.4553;62292;934;289;254;2024-02-26 18:25:29 UTC
tiktok;tt_camp_001;tt_adset_001;tt_ad_001;26.02.2024;1378.8104;62672;940;291;256;2024-02-27 00:10:59 UTC
tiktok;tt_camp_001;tt_adset_001;tt_ad_001;27.02.2024;1382.7223;62850;942;291;256;2024-02-27 01:18:00 UTC
tiktok;tt_camp_001;tt_adset_001;tt_ad_001;27.02.2024;1386.6341;63028;945;292;257;2024-02-27 12:52:59 UTC
tiktok;tt_camp_001;tt_adset_001;tt_ad_001;27.02.2024;1390.546;63206;948;293;258;2024-02-28 00:01:59 UTC
tiktok;tt_camp_001;tt_adset_001;tt_ad_001;28.02.2024;1394.6466;63392;950;294;258;2024-02-28 02:28:00 UTC
tiktok;tt_camp_001;tt_adset_001;tt_ad_001;28.02.2024;1398.7472;63579;953;295;259;2024-02-28 09:35:59 UTC
tiktok;tt_camp_001;tt_adset_001;tt_ad_001;28.02.2024;1402.8479;63765;956;296;260;2024-02-28 16:57:59 UTC
tiktok;tt_camp_001;tt_adset_001;tt_ad_001;28.02.2024;1406.9485;63952;959;297;261;2024-02-29 00:05:59 UTC
tiktok;tt_camp_001;tt_adset_001;tt_ad_001;29.02.2024;1413.6168;64255;963;298;262;2024-02-29 02:40:00 UTC
tiktok;tt_camp_001;tt_adset_001;tt_ad_001;29.02.2024;1420.285;64558;968;299;263;2024-02-29 09:46:19 UTC
tiktok;tt_camp_001;tt_adset_001;tt_ad_001;29.02.2024;1426.9533;64861;972;300;264;2024-02-29 17:05:39 UTC
tiktok;tt_camp_001;tt_adset_001;tt_ad_001;29.02.2024;1433.6216;65164;977;302;266;2024-03-01 00:14:59 UTC
tiktok;tt_camp_001;tt_adset_001;tt_ad_001;01.03.2024;1442.2902;65558;983;304;267;2024-03-01 00:47:00 UTC
tiktok;tt_camp_001;tt_adset_001;tt_ad_001;01.03.2024;1450.9588;65952;989;306;269;2024-03-01 12:33:59 UTC
tiktok;tt_camp_001;tt_adset_001;tt_ad_001;01.03.2024;1459.6274;66346;995;308;271;2024-03-02 00:04:59 UTC
tiktok;tt_camp_001;tt_adset_001;tt_ad_001;02.03.2024;1461.4486;66428;996;308;271;2024-03-02 00:34:00 UTC
tiktok;tt_camp_001;tt_adset_001;tt_ad_001;02.03.2024;1463.2698;66511;997;308;271;2024-03-02 12:13:29 UTC
tiktok;tt_camp_001;tt_adset_001;tt_ad_001;02.03.2024;1465.091;66594;998;309;272;2024-03-03 00:10:59 UTC
tiktok;tt_camp_001;tt_adset_001;tt_ad_001;03.03.2024;1468.1201;66731;1000;309;272;2024-03-03 01:55:00 UTC
tiktok;tt_camp_001;tt_adset_001;tt_ad_001;03.03.2024;1471.1492;66869;1002;310;273;2024-03-03 07:29:14 UTC
tiktok;tt_camp_001;tt_adset_001;tt_ad_001;03.03.2024;1474.1784;67007;1004;310;273;2024-03-03 13:05:29 UTC
tiktok;tt_camp_001;tt_adset_001;tt_ad_001;03.03.2024;1477.2075;67145;1006;311;274;2024-03-03 18:33:44 UTC
tiktok;tt_camp_001;tt_adset_001;tt_ad_001;03.03.2024;1480.2366;67283;1009;312;275;2024-03-04 00:08:59 UTC
tiktok;tt_camp_001;tt_adset_001;tt_ad_001;04.03.2024;1486.5106;67568;1013;313;276;2024-03-04 00:19:00 UTC
tiktok;tt_camp_001;tt_adset_001;tt_ad_001;04.03.2024;1492.7845;67853;1017;314;277;2024-03-04 12:13:59 UTC
tiktok;tt_camp_001;tt_adset_001;tt_ad_001;04.03.2024;1499.0585;68138;1022;316;278;2024-03-05 00:14:59 UTC
tiktok;tt_camp_001;tt_adset_001;tt_ad_001;05.03.2024;1506.2582;68465;1026;317;279;2024-03-05 00:59:00 UTC
tiktok;tt_camp_001;tt_adset_001;tt_ad_001;05.03.2024;1513.4578;68792;1031;319;280;2024-03-05 08:45:19 UTC
tiktok;tt_camp_001;tt_adset_001;tt_ad_001;05.03.2024;1520.6575;69119;1036;320;281;2024-03-05 16:26:39 UTC
tiktok;tt_camp_001;tt_adset_001;tt_ad_001;05.03.2024;1527.8572;69447;1041;322;283;2024-03-06 00:02:59 UTC
tiktok;tt_camp_001;tt_adset_001;tt_ad_001;06.03.2024;1532.1805;69643;1044;323;283;2024-03-06 01:07:00 UTC
tiktok;tt_camp_001;tt_adset_001;tt_ad_001;06.03.2024;1536.5037;69840;1047;324;284;2024-03-06 05:43:35 UTC
tiktok;tt_camp_001;tt_adset_001;tt_ad_001;06.03.2024;1540.827;70036;1050;325;285;2024-03-06 10:28:11 UTC
tiktok;tt_camp_001;tt_adset_001;tt_ad_001;06.03.2024;1545.1503;70233;1053;326;286;2024-03-06 15:03:47 UTC
tiktok;tt_camp_001;tt_adset_001;tt_ad_001;06.03.2024;1549.4735;70429;1056;327;287;2024-03-06 19:37:23 UTC
tiktok;tt_camp_001;tt_adset_001;tt_ad_001;06.03.2024;1553.7968;70626;1059;328;288;2024-03-07 00:13:59 UTC
tiktok;tt_camp_001;tt_adset_001;tt_ad_001;07.03.2024;1560.5215;70931;1063;329;289;2024-03-07 02:24:00 UTC
tiktok;tt_camp_001;tt_adset_001;tt_ad_001;07.03.2024;1567.2463;71237;1068;330;290;2024-03-07 13:10:29 UTC
tiktok;tt_camp_001;tt_adset_001;tt_ad_001;07.03.2024;1573.971;71543;1073;332;292;2024-03-08 00:10:59 UTC
tiktok;tt_camp_001;tt_adset_001;tt_ad_001;08.03.2024;1574.8867;71584;1073;332;292;2024-03-08 02:58:00 UTC
tiktok;tt_camp_001;tt_adset_001;tt_ad_001;08.03.2024;1575.8023;71626;1074;332;292;2024-03-08 13:39:29 UTC
tiktok;tt_camp_001;tt_adset_001;tt_ad_001;08.03.2024;1576.718;71668;1075;333;292;2024-03-09 00:13:59 UTC
tiktok;tt_camp_001;tt_adset_001;tt_ad_001;09.03.2024;1580.2093;71826;1077;333;292;2024-03-09 02:14:00 UTC
tiktok;tt_camp_001;tt_adset_001;tt_ad_001;09.03.2024;1583.7005;71985;1079;334;293;2024-03-09 06:27:11 UTC
tiktok;tt_camp_001;tt_adset_001;tt_ad_001;09.03.2024;1587.1918;72144;1082;335;294;2024-03-09 11:01:23 UTC
tiktok;tt_camp_001;tt_adset_001;tt_ad_001;09.03.2024;1590.683;72302;1084;335;294;2024-03-09 15:14:35 UTC
tiktok;tt_camp_001;tt_adset_001;tt_ad_001;09.03.2024;1594.1742;72461;1086;336;295;2024-03-09 19:48:47 UTC
tiktok;tt_camp_001;tt_adset_001;tt_ad_001;09.03.2024;1597.6655;72620;1089;337;296;2024-03-10 00:12:59 UTC
tiktok;tt_camp_001;tt_adset_001;tt_ad_001;10.03.2024;1603.2647;72874;1092;338;297;2024-03-10 03:04:00 UTC
tiktok;tt_camp_001;tt_adset_001;tt_ad_001;10.03.2024;1608.864;73129;1096;339;298;2024-03-10 10:12:39 UTC
tiktok;tt_camp_001;tt_adset_001;tt_ad_001;10.03.2024;1614.4632;73383;1100;340;299;2024-03-10 17:15:19 UTC
tiktok;tt_camp_001;tt_adset_001;tt_ad_001;10.03.2024;1620.0624;73638;1104;342;301;2024-03-11 00:05:59 UTC
tiktok;tt_camp_001;tt_adset_001;tt_ad_001;11.03.2024;1635.6682;74347;1114;345;303;2024-03-11 01:20:00 UTC
tiktok;tt_camp_001;tt_adset_001;tt_ad_001;11.03.2024;1651.274;75057;1125;348;306;2024-03-11 06:02:35 UTC
tiktok;tt_camp_001;tt_adset_001;tt_ad_001;11.03.2024;1666.8798;75766;1136;351;309;2024-03-11 10:34:11 UTC
tiktok;tt_camp_001;tt_adset_001;tt_ad_001;11.03.2024;1682.4855;76476;1146;354;312;2024-03-11 14:56:47 UTC
tiktok;tt_camp_001;tt_adset_001;tt_ad_001;11.03.2024;1698.0913;77185;1157;357;315;2024-03-11 19:34:23 UTC
tiktok;tt_camp_001;tt_adset_001;tt_ad_001;11.03.2024;1713.6971;77895;1168;361;318;2024-03-12 00:13:59 UTC
tiktok;tt_camp_001;tt_adset_001;tt_ad_001;12.03.2024;1719.8148;78173;1172;362;319;2024-03-12 03:18:00 UTC
tiktok;tt_camp_001;tt_adset_001;tt_ad_001;12.03.2024;1725.9325;78451;1176;363;320;2024-03-12 13:50:59 UTC
tiktok;tt_camp_001;tt_adset_001;tt_ad_001;12.03.2024;1732.0502;78729;1180;365;321;2024-03-13 00:14:59 UTC
tiktok;tt_camp_001;tt_adset_001;tt_ad_001;13.03.2024;1736.5131;78931;1183;366;321;2024-03-13 02:33:00 UTC
tiktok;tt_camp_001;tt_adset_001;tt_ad_001;13.03.2024;1740.976;79134;1186;367;322;2024-03-13 06:52:11 UTC
tiktok;tt_camp_001;tt_adset_001;tt_ad_001;13.03.2024;1745.4389;79337;1189;368;323;2024-03-13 11:13:23 UTC
tiktok;tt_camp_001;tt_adset_001;tt_ad_001;13.03.2024;1749.9018;79540;1192;369;324;2024-03-13 15:23:35 UTC
tiktok;tt_camp_001;tt_adset_001;tt_ad_001;13.03.2024;1754.3647;79743;1195;370;325;2024-03-13 19:43:47 UTC
tiktok;tt_camp_001;tt_adset_001;tt_ad_001;13.03.2024;1758.8276;79946;1199;371;326;2024-03-14 00:00:59 UTC
tiktok;tt_camp_001;tt_adset_001;tt_ad_001;14.03.2024;1770.4396;80473;1206;373;328;2024-03-14 03:26:00 UTC
tiktok;tt_camp_001;tt_adset_001;tt_ad_001;14.03.2024;1782.0516;81001;1214;376;330;2024-03-14 10:27:59 UTC
tiktok;tt_camp_001;tt_adset_001;tt_ad_001;14.03.2024;1793.6636;81529;1222;378;332;2024-03-14 17:08:59 UTC
tiktok;tt_camp_001;tt_adset_001;tt_ad_001;14.03.2024;1805.2756;82057;1230;381;335;2024-03-15 00:12:59 UTC
tiktok;tt_camp_001;tt_adset_001;tt_ad_001;15.03.2024;1812.5582;82388;1235;382;336;2024-03-15 02:50:00 UTC
tiktok;tt_camp_001;tt_adset_001;tt_ad_001;15.03.2024;1819.8408;82719;1240;383;337;2024-03-15 08:07:44 UTC
tiktok;tt_camp_001;tt_adset_001;tt_ad_001;15.03.2024;1827.1235;83050;1245;385;339;2024-03-15 13:31:29 UTC
tiktok;tt_camp_001;tt_adset_001;tt_ad_001;15.03.2024;1834.4061;83381;1250;386;340;2024-03-15 18:54:14 UTC
tiktok;tt_camp_001;tt_adset_001;tt_ad_001;15.03.2024;1841.6887;83712;1255;388;342;2024-03-16 00:08:59 UTC
tiktok;tt_camp_001;tt_adset_001;tt_ad_001;16.03.2024;1852.4989;84203;1262;390;344;2024-03-16 00:22:00 UTC
tiktok;tt_camp_001;tt_adset_001;tt_ad_001;16.03.2024;1863.3091;84694;1269;392;346;2024-03-16 06:10:14 UTC
tiktok;tt_camp_001;tt_adset_001;tt_ad_001;16.03.2024;1874.1194;85186;1277;395;348;2024-03-16 12:06:29 UTC
tiktok;tt_camp_001;tt_adset_001;tt_ad_001;16.03.2024;1884.9296;85677;1284;397;350;2024-03-16 18:11:44 UTC
tiktok;tt_camp_001;tt_adset_001;tt_ad_001;16.03.2024;1895.7398;86169;1292;400;352;2024-03-17 00:04:59 UTC
tiktok;tt_camp_001;tt_adset_001;tt_ad_001;17.03.2024;1897.5913;86253;1293;400;352;2024-03-17 00:45:00 UTC
tiktok;tt_camp_001;tt_adset_001;tt_ad_001;17.03.2024;1899.4427;86337;1294;400;352;2024-03-17 12:24:59 UTC
tiktok;tt_camp_001;tt_adset_001;tt_ad_001;17.03.2024;1901.2942;86422;1296;401;353;2024-03-18 00:11:59 UTC
tiktok;tt_camp_001;tt_adset_001;tt_ad_001;18.03.2024;1903.0572;86502;1297;401;353;2024-03-18 03:47:00 UTC
tiktok;tt_camp_001;tt_adset_001;tt_ad_001;18.03.2024;1904.8202;86582;1298;401;353;2024-03-18 08:45:29 UTC
tiktok;tt_camp_001;tt_adset_001;tt_ad_001;18.03.2024;1906.5833;86662;1299;402;353;2024-03-18 13:55:59 UTC
tiktok;tt_camp_001;tt_adset_001;tt_ad_001;18.03.2024;1908.3463;86742;1300;402;353;2024-03-18 19:09:29 UTC
tiktok;tt_camp_001;tt_adset_001;tt_ad_001;18.03.2024;1910.1093;86822;1302;403;354;2024-03-19 00:09:59 UTC
tiktok;tt_camp_001;tt_adset_001;tt_ad_001;19.03.2024;1913.4364;86973;1304;403;354;2024-03-19 02:14:00 UTC
tiktok;tt_camp_001;tt_adset_001;tt_ad_001;19.03.2024;1916.7634;87124;1306;404;355;2024-03-19 09:28:19 UTC
tiktok;tt_camp_001;tt_adset_001;tt_ad_001;19.03.2024;1920.0905;87275;1308;405;356;2024-03-19 16:41:39 UTC
tiktok;tt_camp_001;tt_adset_001;tt_ad_001;19.03.2024;1923.4176;87427;1311;406;357;2024-03-20 00:08:59 UTC
tiktok;tt_camp_001;tt_adset_001;tt_ad_001;20.03.2024;1924.5702;87479;1311;406;357;2024-03-20 02:29:00 UTC
tiktok;tt_camp_001;tt_adset_001;tt_ad_001;20.03.2024;1925.7227;87532;1312;406;357;2024-03-20 09:48:59 UTC
tiktok;tt_camp_001;tt_adset_001;tt_ad_001;20.03.2024;1926.8752;87584;1313;406;357;2024-03-20 17:03:59 UTC
tiktok;tt_camp_001;tt_adset_001;tt_ad_001;20.03.2024;1928.0278;87637;1314;407;358;2024-03-21 00:05:59 UTC
tiktok;tt_camp_001;tt_adset_001;tt_ad_001;21.03.2024;1932.5357;87841;1317;407;358;2024-03-21 01:01:00 UTC
tiktok;tt_camp_001;tt_adset_001;tt_ad_001;21.03.2024;1937.0436;88046;1320;408;359;2024-03-21 06:39:29 UTC
tiktok;tt_camp_001;tt_adset_001;tt_ad_001;21.03.2024;1941.5515;88251;1323;409;360;2024-03-21 12:31:59 UTC
tiktok;tt_camp_001;tt_adset_001;tt_ad_001;21.03.2024;1946.0594;88456;1326;410;361;2024-03-21 18:16:29 UTC
tiktok;tt_camp_001;tt_adset_001;tt_ad_001;21.03.2024;1950.5673;88661;1329;411;362;2024-03-22 00:10:59 UTC
tiktok;tt_camp_001;tt_adset_001;tt_ad_001;22.03.2024;1952.1479;88732;1330;411;362;2024-03-22 02:37:00 UTC
tiktok;tt_camp_001;tt_adset_001;tt_ad_001;22.03.2024;1953.7286;88804;1331;411;362;2024-03-22 06:48:59 UTC
tiktok;tt_camp_001;tt_adset_001;tt_ad_001;22.03.2024;1955.3092;88876;1332;412;363;2024-03-22 11:11:59 UTC
tiktok;tt_camp_001;tt_adset_001;tt_ad_001;22.03.2024;1956.8898;88948;1333;412;363;2024-03-22 15:24:59 UTC
tiktok;tt_camp_001;tt_adset_001;tt_ad_001;22.03.2024;1958.4705;89020;1334;412;363;2024-03-22 19:44:59 UTC
tiktok;tt_camp_001;tt_adset_001;tt_ad_001;22.03.2024;1960.0511;89092;1336;413;364;2024-03-23 00:06:59 UTC
tiktok;tt_camp_001;tt_adset_001;tt_ad_001;23.03.2024;1969.8346;89536;1342;415;365;2024-03-23 01:49:00 UTC
tiktok;tt_camp_001;tt_adset_001;tt_ad_001;23.03.2024;1979.618;89981;1349;417;367;2024-03-23 06:12:11 UTC
tiktok;tt_camp_001;tt_adset_001;tt_ad_001;23.03.2024;1989.4015;90426;1356;419;369;2024-03-23 10:42:23 UTC
tiktok;tt_camp_001;tt_adset_001;tt_ad_001;23.03.2024;1999.185;90871;1362;421;371;2024-03-23 15:12:35 UTC
tiktok;tt_camp_001;tt_adset_001;tt_ad_001;23.03.2024;2008.9684;91316;1369;423;373;2024-03-23 19:45:47 UTC
tiktok;tt_camp_001;tt_adset_001;tt_ad_001;23.03.2024;2018.7519;91761;1376;426;375;2024-03-24 00:00:59 UTC
tiktok;tt_camp_001;tt_adset_001;tt_ad_001;24.03.2024;2020.9233;91859;1377;426;375;2024-03-24 02:20:00 UTC
tiktok;tt_camp_001;tt_adset_001;tt_ad_001;24.03.2024;2023.0947;91958;1378;426;375;2024-03-24 07:52:44 UTC
tiktok;tt_camp_001;tt_adset_001;tt_ad_001;24.03.2024;2025.2661;92056;1380;427;376;2024-03-24 13:16:29 UTC
tiktok;tt_camp_001;tt_adset_001;tt_ad_001;24.03.2024;2027.4375;92155;1381;427;376;2024-03-24 18:43:14 UTC
tiktok;tt_camp_001;tt_adset_001;tt_ad_001;24.03.2024;2029.6089;92254;1383;428;377;2024-03-25 00:10:59 UTC
tiktok;tt_camp_001;tt_adset_001;tt_ad_001;25.03.2024;2032.905;92403;1385;428;377;2024-03-25 03:36:00 UTC
tiktok;tt_camp_001;tt_adset_001;tt_ad_001;25.03.2024;2036.2011;92553;1387;429;378;2024-03-25 08:46:59 UTC
tiktok;tt_camp_001;tt_adset_001;tt_ad_001;25.03.2024;2039.4971;92703;1390;430;378;2024-03-25 13:47:59 UTC
tiktok;tt_camp_001;tt_adset_001;tt_ad_001;25.03.2024;2042.7932;92853;1392;431;379;2024-03-25 19:00:59 UTC
tiktok;tt_camp_001;tt_adset_001;tt_ad_001;25.03.2024;2046.0893;93003;1395;432;380;2024-03-26 00:07:59 UTC
tiktok;tt_camp_001;tt_adset_001;tt_ad_001;26.03.2024;2055.5611;93433;1401;434;381;2024-03-26 00:27:00 UTC
tiktok;tt_camp_001;tt_adset_001;tt_ad_001;26.03.2024;2065.0328;93864;1407;436;383;2024-03-26 08:22:59 UTC
tiktok;tt_camp_001;tt_adset_001;tt_ad_001;26.03.2024;2074.5046;94294;1413;438;385;2024-03-26 16:16:59 UTC
tiktok;tt_camp_001;tt_adset_001;tt_ad_001;26.03.2024;2083.9764;94725;1420;440;387;2024-03-27 00:09:59 UTC
tiktok;tt_camp_001;tt_adset_001;tt_ad_001;27.03.2024;2085.3342;94786;1421;440;387;2024-03-27 01:05:00 UTC
tiktok;tt_camp_001;tt_adset_001;tt_ad_001;27.03.2024;2086.692;94848;1422;440;387;2024-03-27 06:42:59 UTC
tiktok;tt_camp_001;tt_adset_001;tt_ad_001;27.03.2024;2088.0497;94910;1423;440;387;2024-03-27 12:36:59 UTC
tiktok;tt_camp_001;tt_adset_001;tt_ad_001;27.03.2024;2089.4075;94972;1424;440;387;2024-03-27 18:17:59 UTC
tiktok;tt_camp_001;tt_adset_001;tt_ad_001;27.03.2024;2090.7653;95034;1425;441;388;2024-03-28 00:03:59 UTC
tiktok;tt_camp_001;tt_adset_001;tt_ad_001;28.03.2024;2091.8353;95082;1425;441;388;2024-03-28 01:02:00 UTC
tiktok;tt_camp_001;tt_adset_001;tt_ad_001;28.03.2024;2092.9053;95131;1426;441;388;2024-03-28 08:44:39 UTC
tiktok;tt_camp_001;tt_adset_001;tt_ad_001;28.03.2024;2093.9753;95180;1427;441;388;2024-03-28 16:28:19 UTC
tiktok;tt_camp_001;tt_adset_001;tt_ad_001;28.03.2024;2095.0453;95229;1428;442;389;2024-03-29 00:09:59 UTC
tiktok;tt_camp_001;tt_adset_001;tt_ad_001;29.03.2024;2103.242;95601;1433;443;390;2024-03-29 03:41:00 UTC
tiktok;tt_camp_001;tt_adset_001;tt_ad_001;29.03.2024;2111.4386;95973;1439;445;391;2024-03-29 13:53:59 UTC
tiktok;tt_camp_001;tt_adset_001;tt_ad_001;29.03.2024;2119.6353;96346;1445;447;393;2024-03-30 00:09:59 UTC
tiktok;tt_camp_001;tt_adset_001;tt_ad_001;30.03.2024;2126.1312;96641;1449;448;394;2024-03-30 03:38:00 UTC
tiktok;tt_camp_001;tt_adset_001;tt_ad_001;30.03.2024;2132.6271;96936;1453;450;395;2024-03-30 10:24:39 UTC
tiktok;tt_camp_001;tt_adset_001;tt_ad_001;30.03.2024;2139.123;97231;1457;451;396;2024-03-30 17:13:19 UTC
tiktok;tt_camp_001;tt_adset_001;tt_ad_001;30.03.2024;2145.6189;97527;1462;453;398;2024-03-31 00:10:59 UTC
tiktok;tt_camp_001;tt_adset_001;tt_ad_001;31.03.2024;2157.9934;98089;1470;455;400;2024-03-31 00:56:00 UTC
tiktok;tt_camp_001;tt_adset_001;tt_ad_001;31.03.2024;2170.368;98652;1479;457;402;2024-03-31 12:28:29 UTC
tiktok;tt_camp_001;tt_adset_001;tt_ad_001;31.03.2024;2182.7425;99215;1488;460;405;2024-04-01 00:02:59 UTC
tiktok;tt_camp_001;tt_adset_001;tt_ad_001;01.04.2024;2187.9502;99451;1491;461;406;2024-04-01 00:39:00 UTC
tiktok;tt_camp_001;tt_adset_001;tt_ad_001;01.04.2024;2193.1579;99688;1495;462;407;2024-04-01 05:30:59 UTC
tiktok;tt_camp_001;tt_adset_001;tt_ad_001;01.04.2024;2198.3656;99925;1498;463;408;2024-04-01 10:10:59 UTC
tiktok;tt_camp_001;tt_adset_001;tt_ad_001;01.04.2024;2203.5734;100161;1502;464;409;2024-04-01 14:39:59 UTC
tiktok;tt_camp_001;tt_adset_001;tt_ad_001;01.04.2024;2208.7811;100398;1505;465;410;2024-04-01 19:26:59 UTC
tiktok;tt_camp_001;tt_adset_001;tt_ad_001;01.04.2024;2213.9888;100635;1509;467;411;2024-04-02 00:02:59 UTC
tiktok;tt_camp_001;tt_adset_001;tt_ad_001;02.04.2024;2218.4371;100837;1512;468;411;2024-04-02 03:03:00 UTC
tiktok;tt_camp_001;tt_adset_001;tt_ad_001;02.04.2024;2222.8854;101039;1515;469;412;2024-04-02 07:10:23 UTC
tiktok;tt_camp_001;tt_adset_001;tt_ad_001;02.04.2024;2227.3336;101241;1518;470;413;2024-04-02 11:26:47 UTC
tiktok;tt_camp_001;tt_adset_001;tt_ad_001;02.04.2024;2231.7819;101443;1521;471;414;2024-04-02 15:45:11 UTC
tiktok;tt_camp_001;tt_adset_001;tt_ad_001;02.04.2024;2236.2302;101645;1524;472;415;2024-04-02 19:57:35 UTC
tiktok;tt_camp_001;tt_adset_001;tt_ad_001;02.04.2024;2240.6785;101848;1527;473;416;2024-04-03 00:14:59 UTC
tiktok;tt_camp_001;tt_adset_001;tt_ad_001;03.04.2024;2242.6755;101938;1528;473;416;2024-04-03 04:00:00 UTC
tiktok;tt_camp_001;tt_adset_001;tt_ad_001;03.04.2024;2244.6725;102029;1529;473;416;2024-04-03 08:09:35 UTC
tiktok;tt_camp_001;tt_adset_001;tt_ad_001;03.04.2024;2246.6695;102120;1531;474;417;2024-04-03 12:12:11 UTC
tiktok;tt_camp_001;tt_adset_001;tt_ad_001;03.04.2024;2248.6664;102211;1532;474;417;2024-04-03 16:06:47 UTC
tiktok;tt_camp_001;tt_adset_001;tt_ad_001;03.04.2024;2250.6634;102302;1533;474;417;2024-04-03 20:07:23 UTC
tiktok;tt_camp_001;tt_adset_001;tt_ad_001;03.04.2024;2252.6604;102393;1535;475;418;2024-04-04 00:04:59 UTC
tiktok;tt_camp_001;tt_adset_001;tt_ad_001;04.04.2024;2259.0269;102682;1539;476;419;2024-04-04 03:02:00 UTC
tiktok;tt_camp_001;tt_adset_001;tt_ad_001;04.04.2024;2265.3934;102971;1544;478;420;2024-04-04 10:01:39 UTC
tiktok;tt_camp_001;tt_adset_001;tt_ad_001;04.04.2024;2271.7599;103260;1548;479;421;2024-04-04 17:04:19 UTC
tiktok;tt_camp_001;tt_adset_001;tt_ad_001;04.04.2024;2278.1264;103550;1553;481;423;2024-04-05 00:10:59 UTC
tiktok;tt_camp_001;tt_adset_001;tt_ad_001;05.04.2024;2284.7801;103852;1557;482;424;2024-04-05 02:30:00 UTC
tiktok;tt_camp_001;tt_adset_001;tt_ad_001;05.04.2024;2291.4337;104155;1562;483;425;2024-04-05 09:50:39 UTC
tiktok;tt_camp_001;tt_adset_001;tt_ad_001;05.04.2024;2298.0873;104457;1566;484;426;2024-04-05 16:54:19 UTC
tiktok;tt_camp_001;tt_adset_001;tt_ad_001;05.04.2024;2304.741;104760;1571;486;428;2024-04-06 00:03:59 UTC
tiktok;tt_camp_001;tt_adset_001;tt_ad_001;06.04.2024;2307.0609;104865;1572;486;428;2024-04-06 02:35:00 UTC
tiktok;tt_camp_001;tt_adset_001;tt_ad_001;06.04.2024;2309.3808;104970;1574;487;428;2024-04-06 07:53:59 UTC
tiktok;tt_camp_001;tt_adset_001;tt_ad_001;06.04.2024;2311.7008;105076;1575;487;429;2024-04-06 13:11:59 UTC
tiktok;tt_camp_001;tt_adset_001;tt_ad_001;06.04.2024;2314.0207;105181;1577;488;429;2024-04-06 18:37:59 UTC
tiktok;tt_camp_001;tt_adset_001;tt_ad_001;06.04.2024;2316.3406;105287;1579;489;430;2024-04-07 00:02:59 UTC
tiktok;tt_camp_001;tt_adset_001;tt_ad_001;07.04.2024;2333.7322;106077;1590;492;433;2024-04-07 03:47:00 UTC
tiktok;tt_camp_001;tt_adset_001;tt_ad_001;07.04.2024;2351.1237;106868;1602;496;436;2024-04-07 10:41:19 UTC
tiktok;tt_camp_001;tt_adset_001;tt_ad_001;07.04.2024;2368.5153;107658;1614;499;439;2024-04-07 17:18:39 UTC
tiktok;tt_camp_001;tt_adset_001;tt_ad_001;07.04.2024;2385.9069;108449;1626;503;443;2024-04-08 00:01:59 UTC
tiktok;tt_camp_001;tt_adset_001;tt_ad_001;08.04.2024;2390.9455;108678;1629;504;443;2024-04-08 03:30:00 UTC
tiktok;tt_camp_001;tt_adset_001;tt_ad_001;08.04.2024;2395.984;108907;1633;505;444;2024-04-08 07:36:47 UTC
tiktok;tt_camp_001;tt_adset_001;tt_ad_001;08.04.2024;2401.0226;109136;1636;506;445;2024-04-08 11:43:35 UTC
tiktok;tt_camp_001;tt_adset_001;tt_ad_001;08.04.2024;2406.0612;109365;1640;507;446;2024-04-08 15:45:23 UTC
tiktok;tt_camp_001;tt_adset_001;tt_ad_001;08.04.2024;2411.0997;109594;1643;508;447;2024-04-08 19:56:11 UTC
tiktok;tt_camp_001;tt_adset_001;tt_ad_001;08.04.2024;2416.1383;109824;1647;510;448;2024-04-09 00:13:59 UTC
tiktok;tt_camp_001;tt_adset_001;tt_ad_001;09.04.2024;2417.6319;109891;1648;510;448;2024-04-09 04:10:00 UTC
tiktok;tt_camp_001;tt_adset_001;tt_ad_001;09.04.2024;2419.1255;109959;1649;510;448;2024-04-09 08:07:35 UTC
tiktok;tt_camp_001;tt_adset_001;tt_ad_001;09.04.2024;2420.6191;110027;1650;511;449;2024-04-09 12:10:11 UTC
tiktok;tt_camp_001;tt_adset_001;tt_ad_001;09.04.2024;2422.1126;110095;1651;511;449;2024-04-09 15:59:47 UTC
tiktok;tt_camp_001;tt_adset_001;tt_ad_001;09.04.2024;2423.6062;110163;1652;511;449;2024-04-09 20:13:23 UTC
tiktok;tt_camp_001;tt_adset_001;tt_ad_001;09.04.2024;2425.0998;110231;1653;512;450;2024-04-10 00:14:59 UTC
tiktok;tt_camp_001;tt_adset_001;tt_ad_001;10.04.2024;2431.3081;110513;1657;513;451;2024-04-10 03:06:00 UTC
tiktok;tt_camp_001;tt_adset_001;tt_ad_001;10.04.2024;2437.5163;110795;1661;514;452;2024-04-10 07:16:59 UTC
tiktok;tt_camp_001;tt_adset_001;tt_ad_001;10.04.2024;2443.7246;111077;1665;516;453;2024-04-10 11:36:59 UTC
tiktok;tt_camp_001;tt_adset_001;tt_ad_001;10.04.2024;2449.9329;111359;1669;517;454;2024-04-10 15:42:59 UTC
tiktok;tt_camp_001;tt_adset_001;tt_ad_001;10.04.2024;2456.1411;111641;1673;518;455;2024-04-10 20:01:59 UTC
tiktok;tt_camp_001;tt_adset_001;tt_ad_001;10.04.2024;2462.3494;111924;1678;520;457;2024-04-11 00:14:59 UTC
tiktok;tt_camp_001;tt_adset_001;tt_ad_001;11.04.2024;2469.2892;112239;1682;521;458;2024-04-11 01:35:00 UTC
tiktok;tt_camp_001;tt_adset_001;tt_ad_001;11.04.2024;2476.2291;112555;1687;522;459;2024-04-11 06:05:47 UTC
tiktok;tt_camp_001;tt_adset_001;tt_ad_001;11.04.2024;2483.169;112870;1692;524;461;2024-04-11 10:37:35 UTC
tiktok;tt_camp_001;tt_adset_001;tt_ad_001;11.04.2024;2490.1088;113186;1697;525;462;2024-04-11 15:08:23 UTC
tiktok;tt_camp_001;tt_adset_001;tt_ad_001;11.04.2024;2497.0486;113501;1702;526;463;2024-04-11 19:31:11 UTC
tiktok;tt_camp_001;tt_adset_001;tt_ad_001;11.04.2024;2503.9885;113817;1707;528;465;2024-04-12 00:06:59 UTC
tiktok;tt_camp_001;tt_adset_001;tt_ad_001;12.04.2024;2509.7836;114080;1710;529;466;2024-04-12 03:49:00 UTC
tiktok;tt_camp_001;tt_adset_001;tt_ad_001;12.04.2024;2515.5787;114343;1714;530;467;2024-04-12 09:03:29 UTC
tiktok;tt_camp_001;tt_adset_001;tt_ad_001;12.04.2024;2521.3737;114607;1718;531;468;2024-04-12 14:00:59 UTC
tiktok;tt_camp_001;tt_adset_001;tt_ad_001;12.04.2024;2527.1688;114870;1722;532;469;2024-04-12 19:11:29 UTC
tiktok;tt_camp_001;tt_adset_001;tt_ad_001;12.04.2024;2532.9639;115134;1726;534;470;2024-04-13 00:02:59 UTC
tiktok;tt_camp_001;tt_adset_001;tt_ad_001;13.04.2024;2538.821;115400;1730;535;471;2024-04-13 03:47:00 UTC
tiktok;tt_camp_001;tt_adset_001;tt_ad_001;13.04.2024;2544.678;115666;1734;536;472;2024-04-13 13:59:29 UTC
tiktok;tt_camp_001;tt_adset_001;tt_ad_001;13.04.2024;2550.5351;115933;1738;538;473;2024-04-14 00:00:59 UTC
tiktok;tt_camp_001;tt_adset_001;tt_ad_001;14.04.2024;2554.2588;116102;1740;539;473;2024-04-14 03:22:00 UTC
tiktok;tt_camp_001;tt_adset_001;tt_ad_001;14.04.2024;2557.9825;116271;1743;540;474;2024-04-14 13:41:59 UTC
tiktok;tt_camp_001;tt_adset_001;tt_ad_001;14.04.2024;2561.7062;116440;1746;541;475;2024-04-15 00:02:59 UTC
tiktok;tt_camp_001;tt_adset_001;tt_ad_001;15.04.2024;2568.4168;116745;1750;542;476;2024-04-15 02:30:00 UTC
tiktok;tt_camp_001;tt_adset_001;tt_ad_001;15.04.2024;2575.1274;117050;1755;543;477;2024-04-15 13:15:59 UTC
tiktok;tt_camp_001;tt_adset_001;tt_ad_001;15.04.2024;2581.838;117355;1760;545;479;2024-04-16 00:07:59 UTC
tiktok;tt_camp_001;tt_adset_001;tt_ad_001;16.04.2024;2587.3474;117605;1763;546;480;2024-04-16 03:03:00 UTC
tiktok;tt_camp_001;tt_adset_001;tt_ad_001;16.04.2024;2592.8567;117856;1767;547;481;2024-04-16 08:12:59 UTC
tiktok;tt_camp_001;tt_adset_001;tt_ad_001;16.04.2024;2598.3661;118106;1771;548;482;2024-04-16 13:28:59 UTC
tiktok;tt_camp_001;tt_adset_001;tt_ad_001;16.04.2024;2603.8754;118357;1775;549;483;2024-04-16 18:54:59 UTC
tiktok;tt_camp_001;tt_adset_001;tt_ad_001;16.04.2024;2609.3848;118608;1779;551;484;2024-04-17 00:13:59 UTC
tiktok;tt_camp_001;tt_adset_001;tt_ad_001;17.04.2024;2612.9847;118771;1781;551;484;2024-04-17 02:55:00 UTC
tiktok;tt_camp_001;tt_adset_001;tt_ad_001;17.04.2024;2616.5847;118935;1783;552;485;2024-04-17 07:14:23 UTC
tiktok;tt_camp_001;tt_adset_001;tt_ad_001;17.04.2024;2620.1846;119098;1786;553;486;2024-04-17 11:20:47 UTC
tiktok;tt_camp_001;tt_adset_001;tt_ad_001;17.04.2024;2623.7846;119262;1788;553;486;2024-04-17 15:45:11 UTC
tiktok;tt_camp_001;tt_adset_001;tt_ad_001;17.04.2024;2627.3845;119425;1790;554;487;2024-04-17 19:55:35 UTC
tiktok;tt_camp_001;tt_adset_001;tt_ad_001;17.04.2024;2630.9845;119589;1793;555;488;2024-04-18 00:00:59 UTC
tiktok;tt_camp_001;tt_adset_001;tt_ad_001;18.04.2024;2642.1096;120094;1800;557;490;2024-04-18 01:43:00 UTC
tiktok;tt_camp_001;tt_adset_001;tt_ad_001;18.04.2024;2653.2348;120600;1808;559;492;2024-04-18 07:28:44 UTC
tiktok;tt_camp_001;tt_adset_001;tt_ad_001;18.04.2024;2664.3599;121106;1815;562;494;2024-04-18 13:01:29 UTC
tiktok;tt_camp_001;tt_adset_001;tt_ad_001;18.04.2024;2675.4851;121612;1823;564;496;2024-04-18 18:26:14 UTC
tiktok;tt_camp_001;tt_adset_001;tt_ad_001;18.04.2024;2686.6102;122118;1831;567;499;2024-04-19 00:12:59 UTC
tiktok;tt_camp_001;tt_adset_001;tt_ad_001;19.04.2024;2697.7807;122625;1838;569;501;2024-04-19 01:26:00 UTC
tiktok;tt_camp_001;tt_adset_001;tt_ad_001;19.04.2024;2708.9511;123133;1846;571;503;2024-04-19 12:36:59 UTC
tiktok;tt_camp_001;tt_adset_001;tt_ad_001;19.04.2024;2720.1216;123641;1854;574;505;2024-04-20 00:09:59 UTC
tiktok;tt_camp_001;tt_adset_001;tt_ad_001;20.04.2024;2722.6457;123755;1855;574;505;2024-04-20 01:16:00 UTC
tiktok;tt_camp_001;tt_adset_001;tt_ad_001;20.04.2024;2725.1698;123870;1857;575;506;2024-04-20 08:56:19 UTC
tiktok;tt_camp_001;tt_adset_001;tt_ad_001;20.04.2024;2727.6938;123985;1859;575;506;2024-04-20 16:24:39 UTC
tiktok;tt_camp_001;tt_adset_001;tt_ad_001;20.04.2024;2730.2179;124100;1861;576;507;2024-04-21 00:09:59 UTC
tiktok;tt_camp_001;tt_adset_001;tt_ad_001;21.04.2024;2732.2425;124192;1862;576;507;2024-04-21 03:49:00 UTC
tiktok;tt_camp_001;tt_adset_001;tt_ad_001;21.04.2024;2734.2671;124284;1863;577;507;2024-04-21 10:42:19 UTC
tiktok;tt_camp_001;tt_adset_001;tt_ad_001;21.04.2024;2736.2916;124376;1864;577;507;2024-04-21 17:20:39 UTC
tiktok;tt_camp_001;tt_adset_001;tt_ad_001;21.04.2024;2738.3162;124468;1866;578;508;2024-04-22 00:02:59 UTC
tiktok;tt_camp_001;tt_adset_001;tt_ad_001;22.04.2024;2748.4535;124928;1873;580;510;2024-04-22 01:21:00 UTC
tiktok;tt_camp_001;tt_adset_001;tt_ad_001;22.04.2024;2758.5909;125389;1880;582;512;2024-04-22 12:49:29 UTC
tiktok;tt_camp_001;tt_adset_001;tt_ad_001;22.04.2024;2768.7282;125850;1887;584;514;2024-04-23 00:00:59 UTC
tiktok;tt_camp_001;tt_adset_001;tt_ad_001;23.04.2024;2772.3066;126012;1889;584;514;2024-04-23 03:37:00 UTC
tiktok;tt_camp_001;tt_adset_001;tt_ad_001;23.04.2024;2775.8849;126175;1891;585;515;2024-04-23 08:37:44 UTC
tiktok;tt_camp_001;tt_adset_001;tt_ad_001;23.04.2024;2779.4633;126338;1894;586;515;2024-04-23 13:44:29 UTC
tiktok;tt_camp_001;tt_adset_001;tt_ad_001;23.04.2024;2783.0416;126501;1896;587;516;2024-04-23 19:01:14 UTC
tiktok;tt_camp_001;tt_adset_001;tt_ad_001;23.04.2024;2786.62;126664;1899;588;517;2024-04-24 00:11:59 UTC
tiktok;tt_camp_001;tt_adset_001;tt_ad_001;24.04.2024;2795.5011;127067;1905;590;518;2024-04-24 00:57:00 UTC
tiktok;tt_camp_001;tt_adset_001;tt_ad_001;24.04.2024;2804.3822;127471;1911;592;520;2024-04-24 08:34:19 UTC
tiktok;tt_camp_001;tt_adset_001;tt_ad_001;24.04.2024;2813.2633;127874;1917;594;522;2024-04-24 16:28:39 UTC
tiktok;tt_camp_001;tt_adset_001;tt_ad_001;24.04.2024;2822.1444;128278;1924;596;524;2024-04-25 00:10:59 UTC
tiktok;tt_camp_001;tt_adset_001;tt_ad_001;25.04.2024;2832.2174;128736;1930;598;525;2024-04-25 00:31:00 UTC
tiktok;tt_camp_001;tt_adset_001;tt_ad_001;25.04.2024;2842.2904;129194;1937;600;527;2024-04-25 12:17:59 UTC
tiktok;tt_camp_001;tt_adset_001;tt_ad_001;25.04.2024;2852.3634;129652;1944;602;529;2024-04-26 00:10:59 UTC
tiktok;tt_camp_001;tt_adset_001;tt_ad_001;26.04.2024;2856.4034;129835;1946;602;529;2024-04-26 00:43:00 UTC
tiktok;tt_camp_001;tt_adset_001;tt_ad_001;26.04.2024;2860.4434;130019;1949;603;530;2024-04-26 06:29:59 UTC
tiktok;tt_camp_001;tt_adset_001;tt_ad_001;26.04.2024;2864.4833;130202;1952;604;531;2024-04-26 12:16:59 UTC
tiktok;tt_camp_001;tt_adset_001;tt_ad_001;26.04.2024;2868.5233;130386;1955;605;532;2024-04-26 18:21:59 UTC
tiktok;tt_camp_001;tt_adset_001;tt_ad_001;26.04.2024;2872.5633;130570;1958;606;533;2024-04-27 00:06:59 UTC
tiktok;tt_camp_001;tt_adset_001;tt_ad_001;27.04.2024;2874.2634;130647;1959;606;533;2024-04-27 00:33:00 UTC
tiktok;tt_camp_001;tt_adset_001;tt_ad_001;27.04.2024;2875.9636;130724;1960;606;533;2024-04-27 05:20:35 UTC
tiktok;tt_camp_001;tt_adset_001;tt_ad_001;27.04.2024;2877.6637;130802;1961;607;534;2024-04-27 10:07:11 UTC
tiktok;tt_camp_001;tt_adset_001;tt_ad_001;27.04.2024;2879.3638;130879;1962;607;534;2024-04-27 14:48:47 UTC
tiktok;tt_camp_001;tt_adset_001;tt_ad_001;27.04.2024;2881.064;130956;1963;607;534;2024-04-27 19:25:23 UTC
tiktok;tt_camp_001;tt_adset_001;tt_ad_001;27.04.2024;2882.7641;131034;1965;608;535;2024-04-28 00:11:59 UTC
tiktok;tt_camp_001;tt_adset_001;tt_ad_001;28.04.2024;2883.9708;131088;1965;608;535;2024-04-28 03:23:00 UTC
tiktok;tt_camp_001;tt_adset_001;tt_ad_001;28.04.2024;2885.1774;131143;1966;608;535;2024-04-28 10:16:19 UTC
tiktok;tt_camp_001;tt_adset_001;tt_ad_001;28.04.2024;2886.3841;131198;1967;608;535;2024-04-28 17:14:39 UTC
tiktok;tt_camp_001;tt_adset_001;tt_ad_001;28.04.2024;2887.5908;131253;1968;609;536;2024-04-29 00:04:59 UTC
tiktok;tt_camp_001;tt_adset_001;tt_ad_001;29.04.2024;2891.779;131443;1970;610;536;2024-04-29 03:41:00 UTC
tiktok;tt_camp_001;tt_adset_001;tt_ad_001;29.04.2024;2895.9673;131633;1973;611;537;2024-04-29 07:45:35 UTC
tiktok;tt_camp_001;tt_adset_001;tt_ad_001;29.04.2024;2900.1556;131824;1976;612;538;2024-04-29 11:50:11 UTC
tiktok;tt_camp_001;tt_adset_001;tt_ad_001;29.04.2024;2904.3438;132014;1979;613;539;2024-04-29 15:51:47 UTC
tiktok;tt_camp_001;tt_adset_001;tt_ad_001;29.04.2024;2908.532;132204;1982;614;540;2024-04-29 19:59:23 UTC
tiktok;tt_camp_001;tt_adset_001;tt_ad_001;29.04.2024;2912.7203;132395;1985;615;541;2024-04-30 00:13:59 UTC
tiktok;tt_camp_001;tt_adset_001;tt_ad_001;30.04.2024;2914.389;132471;1986;615;541;2024-04-30 00:32:00 UTC
tiktok;tt_camp_001;tt_adset_001;tt_ad_001;30.04.2024;2916.0578;132547;1987;615;541;2024-04-30 08:19:19 UTC
tiktok;tt_camp_001;tt_adset_001;tt_ad_001;30.04.2024;2917.7266;132623;1988;615;541;2024-04-30 16:09:39 UTC
tiktok;tt_camp_001;tt_adset_001;tt_ad_001;30.04.2024;2919.3953;132699;1990;616;542;2024-05-01 00:12:59 UTC
tiktok;tt_camp_001;tt_adset_001;tt_ad_001;01.05.2024;2921.0337;132773;1991;616;542;2024-05-01 03:22:00 UTC
tiktok;tt_camp_001;tt_adset_001;tt_ad_001;01.05.2024;2922.6721;132848;1992;616;542;2024-05-01 07:36:47 UTC
tiktok;tt_camp_001;tt_adset_001;tt_ad_001;01.05.2024;2924.3106;132922;1993;617;543;2024-05-01 11:50:35 UTC
tiktok;tt_camp_001;tt_adset_001;tt_ad_001;01.05.2024;2925.949;132997;1994;617;543;2024-05-01 15:50:23 UTC
tiktok;tt_camp_001;tt_adset_001;tt_ad_001;01.05.2024;2927.5874;133071;1995;617;543;2024-05-01 19:55:11 UTC
tiktok;tt_camp_001;tt_adset_001;tt_ad_001;01.05.2024;2929.2258;133146;1997;618;544;2024-05-02 00:07:59 UTC
tiktok;tt_camp_001;tt_adset_001;tt_ad_001;02.05.2024;2935.2339;133419;2001;619;545;2024-05-02 02:56:00 UTC
tiktok;tt_camp_001;tt_adset_001;tt_ad_001;02.05.2024;2941.242;133692;2005;620;546;2024-05-02 09:59:59 UTC
tiktok;tt_camp_001;tt_adset_001;tt_ad_001;02.05.2024;2947.25;133965;2009;621;547;2024-05-02 17:01:59 UTC
tiktok;tt_camp_001;tt_adset_001;tt_ad_001;02.05.2024;2953.2581;134238;2013;623;548;2024-05-03 00:14:59 UTC
tiktok;tt_camp_001;tt_adset_001;tt_ad_001;03.05.2024;2957.7306;134441;2016;624;548;2024-05-03 00:37:00 UTC
tiktok;tt_camp_001;tt_adset_001;tt_ad_001;03.05.2024;2962.2031;134644;2019;625;549;2024-05-03 06:26:44 UTC
tiktok;tt_camp_001;tt_adset_001;tt_ad_001;03.05.2024;2966.6755;134848;2022;626;550;2024-05-03 12:20:29 UTC
tiktok;tt_camp_001;tt_adset_001;tt_ad_001;03.05.2024;2971.148;135051;2025;627;551;2024-05-03 18:20:14 UTC
tiktok;tt_camp_001;tt_adset_001;tt_ad_001;03.05.2024;2975.6205;135255;2028;628;552;2024-05-04 00:06:59 UTC
tiktok;tt_camp_001;tt_adset_001;tt_ad_001;04.05.2024;2976.8687;135311;2028;628;552;2024-05-04 01:52:00 UTC
tiktok;tt_camp_001;tt_adset_001;tt_ad_001;04.05.2024;2978.1169;135368;2029;628;552;2024-05-04 06:22:11 UTC
tiktok;tt_camp_001;tt_adset_001;tt_ad_001;04.05.2024;2979.3652;135425;2030;629;553;2024-05-04 10:50:23 UTC
tiktok;tt_camp_001;tt_adset_001;tt_ad_001;04.05.2024;2980.6134;135481;2031;629;553;2024-05-04 15:13:35 UTC
tiktok;tt_camp_001;tt_adset_001;tt_ad_001;04.05.2024;2981.8616;135538;2032;629;553;2024-05-04 19:40:47 UTC
tiktok;tt_camp_001;tt_adset_001;tt_ad_001;04.05.2024;2983.1098;135595;2033;630;554;2024-05-05 00:12:59 UTC
tiktok;tt_camp_001;tt_adset_001;tt_ad_001;05.05.2024;2998.0455;136274;2043;633;556;2024-05-05 00:22:00 UTC
tiktok;tt_camp_001;tt_adset_001;tt_ad_001;05.05.2024;3012.9813;136953;2053;636;559;2024-05-05 12:15:59 UTC
tiktok;tt_camp_001;tt_adset_001;tt_ad_001;05.05.2024;3027.917;137632;2064;639;562;2024-05-06 00:11:59 UTC
tiktok;tt_camp_001;tt_adset_001;tt_ad_001;06.05.2024;3038.9216;138132;2071;641;564;2024-05-06 02:52:00 UTC
tiktok;tt_camp_001;tt_adset_001;tt_ad_001;06.05.2024;3049.9263;138632;2079;643;566;2024-05-06 09:53:59 UTC
tiktok;tt_camp_001;tt_adset_001;tt_ad_001;06.05.2024;3060.931;139132;2086;645;568;2024-05-06 17:01:59 UTC
tiktok;tt_camp_001;tt_adset_001;tt_ad_001;06.05.2024;3071.9356;139632;2094;648;570;2024-05-07 00:08:59 UTC
tiktok;tt_camp_001;tt_adset_001;tt_ad_001;07.05.2024;3078.1555;139914;2098;649;571;2024-05-07 03:56:00 UTC
tiktok;tt_camp_001;tt_adset_001;tt_ad_001;07.05.2024;3084.3753;140197;2102;650;572;2024-05-07 08:56:14 UTC
tiktok;tt_camp_001;tt_adset_001;tt_ad_001;07.05.2024;3090.5952;140480;2106;652;573;2024-05-07 13:59:29 UTC
tiktok;tt_camp_001;tt_adset_001;tt_ad_001;07.05.2024;3096.815;140763;2110;653;574;2024-05-07 19:08:44 UTC
tiktok;tt_camp_001;tt_adset_001;tt_ad_001;07.05.2024;3103.0349;141046;2115;655;576;2024-05-08 00:07:59 UTC
tiktok;tt_camp_001;tt_adset_001;tt_ad_001;08.05.2024;3109.2495;141328;2119;656;577;2024-05-08 02:20:00 UTC
tiktok;tt_camp_001;tt_adset_001;tt_ad_001;08.05.2024;3115.464;141610;2123;657;578;2024-05-08 07:43:59 UTC
tiktok;tt_camp_001;tt_adset_001;tt_ad_001;08.05.2024;3121.6786;141893;2127;658;579;2024-05-08 13:19:59 UTC
tiktok;tt_camp_001;tt_adset_001;tt_ad_001;08.05.2024;3127.8931;142175;2131;659;580;2024-05-08 18:37:59 UTC
tiktok;tt_camp_001;tt_adset_001;tt_ad_001;08.05.2024;3134.1077;142458;2136;661;582;2024-05-09 00:05:59 UTC
tiktok;tt_camp_001;tt_adset_001;tt_ad_001;09.05.2024;3144.4742;142929;2143;663;584;2024-05-09 01:16:00 UTC
tiktok;tt_camp_001;tt_adset_001;tt_ad_001;09.05.2024;3154.8407;143400;2150;665;586;2024-05-09 12:47:59 UTC
tiktok;tt_camp_001;tt_adset_001;tt_ad_001;09.05.2024;3165.2072;143872;2158;668;588;2024-05-10 00:07:59 UTC
tiktok;tt_camp_001;tt_adset_001;tt_ad_001;10.05.2024;3173.4867;144248;2163;669;589;2024-05-10 02:20:00 UTC
tiktok;tt_camp_001;tt_adset_001;tt_ad_001;10.05.2024;3181.7662;144624;2169;671;590;2024-05-10 07:38:29 UTC
tiktok;tt_camp_001;tt_adset_001;tt_ad_001;10.05.2024;3190.0456;145001;2174;673;592;2024-05-10 13:07:59 UTC
tiktok;tt_camp_001;tt_adset_001;tt_ad_001;10.05.2024;3198.3251;145377;2180;675;593;2024-05-10 18:35:29 UTC
tiktok;tt_camp_001;tt_adset_001;tt_ad_001;10.05.2024;3206.6046;145754;2186;677;595;2024-05-11 00:05:59 UTC
tiktok;tt_camp_001;tt_adset_001;tt_ad_001;11.05.2024;3215.127;146141;2191;678;596;2024-05-11 02:12:00 UTC
tiktok;tt_camp_001;tt_adset_001;tt_ad_001;11.05.2024;3223.6494;146528;2197;680;598;2024-05-11 09:28:59 UTC
tiktok;tt_camp_001;tt_adset_001;tt_ad_001;11.05.2024;3232.1718;146915;2203;682;600;2024-05-11 16:42:59 UTC
tiktok;tt_camp_001;tt_adset_001;tt_ad_001;11.05.2024;3240.6942;147303;2209;684;602;2024-05-12 00:04:59 UTC
tiktok;tt_camp_001;tt_adset_001;tt_ad_001;12.05.2024;3244.3499;147469;2211;684;602;2024-05-12 00:40:00 UTC
tiktok;tt_camp_001;tt_adset_001;tt_ad_001;12.05.2024;3248.0057;147635;2213;685;603;2024-05-12 12:29:29 UTC
tiktok;tt_camp_001;tt_adset_001;tt_ad_001;12.05.2024;3251.6614;147802;2216;686;604;2024-05-13 00:02:59 UTC
tiktok;tt_camp_001;tt_adset_001;tt_ad_001;13.05.2024;3254.6107;147936;2218;686;604;2024-05-13 00:56:00 UTC
tiktok;tt_camp_001;tt_adset_001;tt_ad_001;13.05.2024;3257.5601;148070;2220;687;605;2024-05-13 05:41:59 UTC
tiktok;tt_camp_001;tt_adset_001;tt_ad_001;13.05.2024;3260.5094;148204;2222;688;605;2024-05-13 10:13:59 UTC
tiktok;tt_camp_001;tt_adset_001;tt_ad_001;13.05.2024;3263.4587;148338;2224;688;606;2024-05-13 14:53:59 UTC
tiktok;tt_camp_001;tt_adset_001;tt_ad_001;13.05.2024;3266.4081;148472;2226;689;606;2024-05-13 19:30:59 UTC
tiktok;tt_camp_001;tt_adset_001;tt_ad_001;13.05.2024;3269.3574;148606;2229;690;607;2024-05-14 00:07:59 UTC
tiktok;tt_camp_001;tt_adset_001;tt_ad_001;14.05.2024;3286.7976;149398;2240;693;610;2024-05-14 01:08:00 UTC
tiktok;tt_camp_001;tt_adset_001;tt_ad_001;14.05.2024;3304.2378;150191;2252;697;613;2024-05-14 07:01:14 UTC
tiktok;tt_camp_001;tt_adset_001;tt_ad_001;14.05.2024;3321.6779;150984;2264;700;616;2024-05-14 12:39:29 UTC
tiktok;tt_camp_001;tt_adset_001;tt_ad_001;14.05.2024;3339.1181;151777;2276;704;619;2024-05-14 18:17:44 UTC
tiktok;tt_camp_001;tt_adset_001;tt_ad_001;14.05.2024;3356.5583;152570;2288;708;623;2024-05-15 00:13:59 UTC
tiktok;tt_camp_001;tt_adset_001;tt_ad_001;15.05.2024;3357.5483;152615;2288;708;623;2024-05-15 03:33:00 UTC
tiktok;tt_camp_001;tt_adset_001;tt_ad_001;15.05.2024;3358.5383;152660;2289;708;623;2024-05-15 13:55:29 UTC
tiktok;tt_camp_001;tt_adset_001;tt_ad_001;15.05.2024;3359.5283;152705;2290;709;624;2024-05-16 00:10:59 UTC
tiktok;tt_camp_001;tt_adset_001;tt_ad_001;16.05.2024;3364.3551;152924;2293;710;624;2024-05-16 01:22:00 UTC
tiktok;tt_camp_001;tt_adset_001;tt_ad_001;16.05.2024;3369.182;153143;2296;711;625;2024-05-16 12:44:29 UTC
tiktok;tt_camp_001;tt_adset_001;tt_ad_001;16.05.2024;3374.0088;153363;2300;712;626;2024-05-17 00:04:59 UTC
tiktok;tt_camp_001;tt_adset_001;tt_ad_001;17.05.2024;3388.998;154044;2310;715;629;2024-05-17 01:16:00 UTC
tiktok;tt_camp_001;tt_adset_001;tt_ad_001;17.05.2024;3403.9871;154725;2320;718;632;2024-05-17 12:46:29 UTC
tiktok;tt_camp_001;tt_adset_001;tt_ad_001;17.05.2024;3418.9763;155407;2331;722;635;2024-05-18 00:06:59 UTC
tiktok;tt_camp_001;tt_adset_001;tt_ad_001;18.05.2024;3421.8736;155538;2332;722;635;2024-05-18 03:43:00 UTC
tiktok;tt_camp_001;tt_adset_001;tt_ad_001;18.05.2024;3424.7708;155670;2334;723;636;2024-05-18 10:26:39 UTC
tiktok;tt_camp_001;tt_adset_001;tt_ad_001;18.05.2024;3427.6681;155802;2336;723;636;2024-05-18 17:14:19 UTC
tiktok;tt_camp_001;tt_adset_001;tt_ad_001;18.05.2024;3430.5654;155934;2338;724;637;2024-05-19 00:13:59 UTC
tiktok;tt_camp_001;tt_adset_001;tt_ad_001;19.05.2024;3436.3539;156197;2342;725;638;2024-05-19 02:46:00 UTC
tiktok;tt_camp_001;tt_adset_001;tt_ad_001;19.05.2024;3442.1424;156460;2346;726;639;2024-05-19 06:53:47 UTC
tiktok;tt_camp_001;tt_adset_001;tt_ad_001;19.05.2024;3447.9309;156723;2350;727;640;2024-05-19 11:19:35 UTC
tiktok;tt_camp_001;tt_adset_001;tt_ad_001;19.05.2024;3453.7194;156986;2354;728;641;2024-05-19 15:38:23 UTC
tiktok;tt_camp_001;tt_adset_001;tt_ad_001;19.05.2024;3459.5079;157249;2358;729;642;2024-05-19 19:45:11 UTC
tiktok;tt_camp_001;tt_adset_001;tt_ad_001;19.05.2024;3465.2964;157512;2362;731;643;2024-05-20 00:12:59 UTC
tiktok;tt_camp_001;tt_adset_001;tt_ad_001;20.05.2024;3470.8333;157763;2365;732;644;2024-05-20 01:27:00 UTC
tiktok;tt_camp_001;tt_adset_001;tt_ad_001;20.05.2024;3476.3702;158015;2369;733;645;2024-05-20 08:52:39 UTC
tiktok;tt_camp_001;tt_adset_001;tt_ad_001;20.05.2024;3481.907;158267;2373;734;646;2024-05-20 16:28:19 UTC
tiktok;tt_camp_001;tt_adset_001;tt_ad_001;20.05.2024;3487.4439;158519;2377;736;647;2024-05-21 00:03:59 UTC
tiktok;tt_camp_001;tt_adset_001;tt_ad_001;21.05.2024;3490.5201;158658;2379;736;647;2024-05-21 00:11:00 UTC
tiktok;tt_camp_001;tt_adset_001;tt_ad_001;21.05.2024;3493.5962;158798;2381;737;648;2024-05-21 08:13:39 UTC
tiktok;tt_camp_001;tt_adset_001;tt_ad_001;21.05.2024;3496.6724;158938;2383;738;649;2024-05-21 16:11:19 UTC
tiktok;tt_camp_001;tt_adset_001;tt_ad_001;21.05.2024;3499.7486;159078;2386;739;650;2024-05-22 00:11:59 UTC
tiktok;tt_camp_001;tt_adset_001;tt_ad_001;22.05.2024;3500.1357;159095;2386;739;650;2024-05-22 02:06:00 UTC
tiktok;tt_camp_001;tt_adset_001;tt_ad_001;22.05.2024;3500.5227;159113;2386;739;650;2024-05-22 06:30:35 UTC
tiktok;tt_camp_001;tt_adset_001;tt_ad_001;22.05.2024;3500.9098;159131;2386;739;650;2024-05-22 11:01:11 UTC
tiktok;tt_camp_001;tt_adset_001;tt_ad_001;22.05.2024;3501.2969;159148;2386;739;650;2024-05-22 15:17:47 UTC
tiktok;tt_camp_001;tt_adset_001;tt_ad_001;22.05.2024;3501.6839;159166;2386;739;650;2024-05-22 19:48:23 UTC
tiktok;tt_camp_001;tt_adset_001;tt_ad_001;22.05.2024;3502.071;159184;2387;739;650;2024-05-23 00:13:59 UTC
tiktok;tt_camp_001;tt_adset_001;tt_ad_001;23.05.2024;3506.1748;159370;2389;739;650;2024-05-23 00:47:00 UTC
tiktok;tt_camp_001;tt_adset_001;tt_ad_001;23.05.2024;3510.2787;159557;2392;740;651;2024-05-23 05:37:23 UTC
tiktok;tt_camp_001;tt_adset_001;tt_ad_001;23.05.2024;3514.3826;159743;2395;741;652;2024-05-23 10:06:47 UTC
tiktok;tt_camp_001;tt_adset_001;tt_ad_001;23.05.2024;3518.4864;159930;2398;742;653;2024-05-23 14:54:11 UTC
tiktok;tt_camp_001;tt_adset_001;tt_ad_001;23.05.2024;3522.5902;160116;2401;743;654;2024-05-23 19:33:35 UTC
tiktok;tt_camp_001;tt_adset_001;tt_ad_001;23.05.2024;3526.6941;160303;2404;744;655;2024-05-24 00:10:59 UTC
tiktok;tt_camp_001;tt_adset_001;tt_ad_001;24.05.2024;3529.384;160425;2405;744;655;2024-05-24 03:16:00 UTC
tiktok;tt_camp_001;tt_adset_001;tt_ad_001;24.05.2024;3532.0738;160547;2407;745;656;2024-05-24 10:08:39 UTC
tiktok;tt_camp_001;tt_adset_001;tt_ad_001;24.05.2024;3534.7637;160669;2409;746;656;2024-05-24 17:13:19 UTC
tiktok;tt_camp_001;tt_adset_001;tt_ad_001;24.05.2024;3537.4536;160792;2411;747;657;2024-05-25 00:02:59 UTC
tiktok;tt_camp_001;tt_adset_001;tt_ad_001;25.05.2024;3541.3614;160969;2413;747;657;2024-05-25 01:05:00 UTC
tiktok;tt_camp_001;tt_adset_001;tt_ad_001;25.05.2024;3545.2692;161147;2416;748;658;2024-05-25 06:50:59 UTC
tiktok;tt_camp_001;tt_adset_001;tt_ad_001;25.05.2024;3549.177;161324;2419;749;658;2024-05-25 12:44:59 UTC
tiktok;tt_camp_001;tt_adset_001;tt_ad_001;25.05.2024;3553.0848;161502;2422;750;659;2024-05-25 18:20:59 UTC
tiktok;tt_camp_001;tt_adset_001;tt_ad_001;25.05.2024;3556.9926;161680;2425;751;660;2024-05-26 00:09:59 UTC
tiktok;tt_camp_001;tt_adset_001;tt_ad_001;26.05.2024;3563.1698;161960;2429;752;661;2024-05-26 03:15:00 UTC
tiktok;tt_camp_001;tt_adset_001;tt_ad_001;26.05.2024;3569.347;162241;2433;753;662;2024-05-26 08:32:14 UTC
tiktok;tt_camp_001;tt_adset_001;tt_ad_001;26.05.2024;3575.5243;162522;2437;754;663;2024-05-26 13:38:29 UTC
tiktok;tt_camp_001;tt_adset_001;tt_ad_001;26.05.2024;3581.7015;162803;2441;755;664;2024-05-26 18:58:44 UTC
tiktok;tt_camp_001;tt_adset_001;tt_ad_001;26.05.2024;3587.8787;163084;2446;757;666;2024-05-27 00:06:59 UTC
tiktok;tt_camp_001;tt_adset_001;tt_ad_001;27.05.2024;3595.7123;163440;2451;758;667;2024-05-27 03:30:00 UTC
tiktok;tt_camp_001;tt_adset_001;tt_ad_001;27.05.2024;3603.546;163796;2456;760;668;2024-05-27 08:45:59 UTC
tiktok;tt_camp_001;tt_adset_001;tt_ad_001;27.05.2024;3611.3796;164152;2461;762;670;2024-05-27 13:44:59 UTC
tiktok;tt_camp_001;tt_adset_001;tt_ad_001;27.05.2024;3619.2133;164508;2466;764;671;2024-05-27 19:06:59 UTC
tiktok;tt_camp_001;tt_adset_001;tt_ad_001;27.05.2024;3627.0469;164865;2472;766;673;2024-05-28 00:06:59 UTC
tiktok;tt_camp_001;tt_adset_001;tt_ad_001;28.05.2024;3629.9353;164996;2474;766;673;2024-05-28 02:03:00 UTC
tiktok;tt_camp_001;tt_adset_001;tt_ad_001;28.05.2024;3632.8237;165127;2476;767;674;2024-05-28 07:34:44 UTC
tiktok;tt_camp_001;tt_adset_001;tt_ad_001;28.05.2024;3635.7122;165258;2478;767;674;2024-05-28 13:11:29 UTC
tiktok;tt_camp_001;tt_adset_001;tt_ad_001;28.05.2024;3638.6006;165389;2480;768;675;2024-05-28 18:44:14 UTC
tiktok;tt_camp_001;tt_adset_001;tt_ad_001;28.05.2024;3641.489;165521;2482;769;676;2024-05-29 00:13:59 UTC
tiktok;tt_camp_001;tt_adset_001;tt_ad_001;29.05.2024;3645.584;165707;2485;769;676;2024-05-29 02:37:00 UTC
tiktok;tt_camp_001;tt_adset_001;tt_ad_001;29.05.2024;3649.679;165893;2488;770;677;2024-05-29 13:30:59 UTC
tiktok;tt_camp_001;tt_adset_001;tt_ad_001;29.05.2024;3653.774;166080;2491;771;678;2024-05-30 00:12:59 UTC
tiktok;tt_camp_001;tt_adset_001;tt_ad_001;30.05.2024;3655.414;166154;2492;771;678;2024-05-30 03:44:00 UTC
tiktok;tt_camp_001;tt_adset_001;tt_ad_001;30.05.2024;3657.054;166229;2493;772;679;2024-05-30 10:29:59 UTC
tiktok;tt_camp_001;tt_adset_001;tt_ad_001;30.05.2024;3658.6941;166303;2494;772;679;2024-05-30 17:25:59 UTC
tiktok;tt_camp_001;tt_adset_001;tt_ad_001;30.05.2024;3660.3341;166378;2495;773;680;2024-05-31 00:04:59 UTC
tiktok;tt_camp_001;tt_adset_001;tt_ad_001;31.05.2024;3670.4527;166838;2502;775;681;2024-05-31 03:54:00 UTC
tiktok;tt_camp_001;tt_adset_001;tt_ad_001;31.05.2024;3680.5714;167298;2509;777;683;2024-05-31 10:34:39 UTC
tiktok;tt_camp_001;tt_adset_001;tt_ad_001;31.05.2024;3690.69;167758;2516;779;685;2024-05-31 17:15:19 UTC
tiktok;tt_camp_001;tt_adset_001;tt_ad_001;31.05.2024;3700.8086;168218;2523;781;687;2024-06-01 00:07:59 UTC
tiktok;tt_camp_001;tt_adset_001;tt_ad_001;01.06.2024;3716.6712;168939;2533;784;690;2024-06-01 03:27:00 UTC
tiktok;tt_camp_001;tt_adset_001;tt_ad_001;01.06.2024;3732.5337;169660;2544;787;693;2024-06-01 08:41:44 UTC
tiktok;tt_camp_001;tt_adset_001;tt_ad_001;01.06.2024;3748.3963;170381;2555;791;696;2024-06-01 13:42:29 UTC
tiktok;tt_camp_001;tt_adset_001;tt_ad_001;01.06.2024;3764.2588;171102;2566;794;699;2024-06-01 19:04:14 UTC
tiktok;tt_camp_001;tt_adset_001;tt_ad_001;01.06.2024;3780.1214;171823;2577;798;702;2024-06-02 00:02:59 UTC
tiktok;tt_camp_001;tt_adset_001;tt_ad_001;02.06.2024;3788.8112;172218;2582;799;703;2024-06-02 03:52:00 UTC
tiktok;tt_camp_001;tt_adset_001;tt_ad_001;02.06.2024;3797.5011;172613;2588;801;705;2024-06-02 08:52:59 UTC
tiktok;tt_camp_001;tt_adset_001;tt_ad_001;02.06.2024;3806.1909;173008;2594;803;706;2024-06-02 14:02:59 UTC
tiktok;tt_camp_001;tt_adset_001;tt_ad_001;02.06.2024;3814.8808;173403;2600;805;708;2024-06-02 19:02:59 UTC
tiktok;tt_camp_001;tt_adset_001;tt_ad_001;02.06.2024;3823.5706;173798;2606;807;710;2024-06-03 00:13:59 UTC
tiktok;tt_camp_001;tt_adset_001;tt_ad_001;03.06.2024;3840.231;174555;2617;810;713;2024-06-03 03:11:00 UTC
tiktok;tt_camp_001;tt_adset_001;tt_ad_001;03.06.2024;3856.8915;175312;2628;814;716;2024-06-03 13:37:29 UTC
tiktok;tt_camp_001;tt_adset_001;tt_ad_001;03.06.2024;3873.5519;176069;2640;818;719;2024-06-04 00:05:59 UTC
tiktok;tt_camp_001;tt_adset_001;tt_ad_001;04.06.2024;3877.443;176246;2642;818;719;2024-06-04 04:04:00 UTC
tiktok;tt_camp_001;tt_adset_001;tt_ad_001;04.06.2024;3881.3342;176423;2645;819;720;2024-06-04 14:11:29 UTC
tiktok;tt_camp_001;tt_adset_001;tt_ad_001;04.06.2024;3885.2253;176600;2648;820;721;2024-06-05 00:00:59 UTC
tiktok;tt_camp_001;tt_adset_001;tt_ad_001;05.06.2024;3890.1602;176824;2651;821;722;2024-06-05 03:07:00 UTC
tiktok;tt_camp_001;tt_adset_001;tt_ad_001;05.06.2024;3895.0951;177048;2655;822;723;2024-06-05 07:23:23 UTC
tiktok;tt_camp_001;tt_adset_001;tt_ad_001;05.06.2024;3900.03;177273;2658;823;724;2024-06-05 11:31:47 UTC
tiktok;tt_camp_001;tt_adset_001;tt_ad_001;05.06.2024;3904.965;177497;2662;824;725;2024-06-05 15:47:11 UTC
tiktok;tt_camp_001;tt_adset_001;tt_ad_001;05.06.2024;3909.8999;177721;2665;825;726;2024-06-05 20:01:35 UTC
tiktok;tt_camp_001;tt_adset_001;tt_ad_001;05.06.2024;3914.8348;177946;2669;826;727;2024-06-06 00:07:59 UTC
tiktok;tt_camp_001;tt_adset_001;tt_ad_001;06.06.2024;3920.9934;178226;2673;827;728;2024-06-06 00:18:00 UTC
tiktok;tt_camp_001;tt_adset_001;tt_ad_001;06.06.2024;3927.1521;178506;2677;828;729;2024-06-06 05:07:23 UTC
tiktok;tt_camp_001;tt_adset_001;tt_ad_001;06.06.2024;3933.3108;178786;2681;830;730;2024-06-06 09:46:47 UTC
tiktok;tt_camp_001;tt_adset_001;tt_ad_001;06.06.2024;3939.4694;179066;2685;831;731;2024-06-06 14:44:11 UTC
tiktok;tt_camp_001;tt_adset_001;tt_ad_001;06.06.2024;3945.628;179346;2689;832;732;2024-06-06 19:19:35 UTC
tiktok;tt_camp_001;tt_adset_001;tt_ad_001;06.06.2024;3951.7867;179626;2694;834;734;2024-06-07 00:07:59 UTC
tiktok;tt_camp_001;tt_adset_001;tt_ad_001;07.06.2024;3953.2047;179690;2695;834;734;2024-06-07 00:12:00 UTC
tiktok;tt_camp_001;tt_adset_001;tt_ad_001;07.06.2024;3954.6228;179754;2696;834;734;2024-06-07 04:58:47 UTC
tiktok;tt_camp_001;tt_adset_001;tt_ad_001;07.06.2024;3956.0408;179819;2697;835;734;2024-06-07 09:49:35 UTC
tiktok;tt_camp_001;tt_adset_001;tt_ad_001;07.06.2024;3957.4588;179883;2698;835;734;2024-06-07 14:28:23 UTC
tiktok;tt_camp_001;tt_adset_001;tt_ad_001;07.06.2024;3958.8769;179947;2699;835;734;2024-06-07 19:24:11 UTC
tiktok;tt_camp_001;tt_adset_001;tt_ad_001;07.06.2024;3960.2949;180012;2700;836;735;2024-06-08 00:02:59 UTC
tiktok;tt_camp_001;tt_adset_001;tt_ad_001;08.06.2024;3972.5789;180570;2708;838;737;2024-06-08 00:42:00 UTC
tiktok;tt_camp_001;tt_adset_001;tt_ad_001;08.06.2024;3984.8629;181128;2716;841;739;2024-06-08 06:28:14 UTC
tiktok;tt_camp_001;tt_adset_001;tt_ad_001;08.06.2024;3997.147;181687;2725;843;742;2024-06-08 12:21:29 UTC
tiktok;tt_camp_001;tt_adset_001;tt_ad_001;08.06.2024;4009.431;182245;2733;846;744;2024-06-08 18:22:44 UTC
tiktok;tt_camp_001;tt_adset_001;tt_ad_001;08.06.2024;4021.715;182804;2742;849;747;2024-06-09 00:14:59 UTC
tiktok;tt_camp_001;tt_adset_001;tt_ad_001;09.06.2024;4023.5036;182885;2743;849;747;2024-06-09 03:18:00 UTC
tiktok;tt_camp_001;tt_adset_001;tt_ad_001;09.06.2024;4025.2922;182966;2744;849;747;2024-06-09 13:47:29 UTC
tiktok;tt_camp_001;tt_adset_001;tt_ad_001;09.06.2024;4027.0808;183048;2745;850;748;2024-06-10 00:02:59 UTC
tiktok;tt_camp_001;tt_adset_001;tt_ad_001;10.06.2024;4036.2879;183466;2751;852;749;2024-06-10 02:44:00 UTC
tiktok;tt_camp_001;tt_adset_001;tt_ad_001;10.06.2024;4045.4949;183885;2757;854;751;2024-06-10 06:54:35 UTC
tiktok;tt_camp_001;tt_adset_001;tt_ad_001;10.06.2024;4054.702;184303;2764;856;753;2024-06-10 11:14:11 UTC
tiktok;tt_camp_001;tt_adset_001;tt_ad_001;10.06.2024;4063.9091;184722;2770;858;754;2024-06-10 15:38:47 UTC
tiktok;tt_camp_001;tt_adset_001;tt_ad_001;10.06.2024;4073.1161;185140;2776;860;756;2024-06-10 19:50:23 UTC
tiktok;tt_camp_001;tt_adset_001;tt_ad_001;10.06.2024;4082.3232;185559;2783;862;758;2024-06-11 00:07:59 UTC
tiktok;tt_camp_001;tt_adset_001;tt_ad_001;11.06.2024;4083.6552;185619;2783;862;758;2024-06-11 03:38:00 UTC
tiktok;tt_camp_001;tt_adset_001;tt_ad_001;11.06.2024;4084.9873;185680;2784;862;758;2024-06-11 10:30:19 UTC
tiktok;tt_camp_001;tt_adset_001;tt_ad_001;11.06.2024;4086.3194;185740;2785;862;758;2024-06-11 17:15:39 UTC
tiktok;tt_camp_001;tt_adset_001;tt_ad_001;11.06.2024;4087.6514;185801;2786;863;759;2024-06-12 00:14:59 UTC
tiktok;tt_camp_001;tt_adset_001;tt_ad_001;12.06.2024;4089.876;185902;2787;863;759;2024-06-12 00:30:00 UTC
tiktok;tt_camp_001;tt_adset_001;tt_ad_001;12.06.2024;4092.1005;186003;2789;864;760;2024-06-12 08:24:19 UTC
tiktok;tt_camp_001;tt_adset_001;tt_ad_001;12.06.2024;4094.3251;186104;2791;864;760;2024-06-12 16:19:39 UTC
tiktok;tt_camp_001;tt_adset_001;tt_ad_001;12.06.2024;4096.5496;186206;2793;865;761;2024-06-13 00:06:59 UTC
tiktok;tt_camp_001;tt_adset_001;tt_ad_001;13.06.2024;4102.5471;186478;2797;866;762;2024-06-13 02:53:00 UTC
tiktok;tt_camp_001;tt_adset_001;tt_ad_001;13.06.2024;4108.5446;186751;2801;867;763;2024-06-13 08:13:59 UTC
tiktok;tt_camp_001;tt_adset_001;tt_ad_001;13.06.2024;4114.542;187023;2805;868;764;2024-06-13 13:37:59 UTC
tiktok;tt_camp_001;tt_adset_001;tt_ad_001;13.06.2024;4120.5395;187296;2809;869;765;2024-06-13 18:47:59 UTC
tiktok;tt_camp_001;tt_adset_001;tt_ad_001;13.06.2024;4126.537;187569;2813;871;766;2024-06-14 00:13:59 UTC
tiktok;tt_camp_001;tt_adset_001;tt_ad_001;14.06.2024;4130.2971;187739;2815;871;766;2024-06-14 01:37:00 UTC
tiktok;tt_camp_001;tt_adset_001;tt_ad_001;14.06.2024;4134.0573;187910;2818;872;767;2024-06-14 06:06:23 UTC
tiktok;tt_camp_001;tt_adset_001;tt_ad_001;14.06.2024;4137.8174;188081;2820;873;768;2024-06-14 10:34:47 UTC
tiktok;tt_camp_001;tt_adset_001;tt_ad_001;14.06.2024;4141.5775;188252;2823;874;768;2024-06-14 15:05:11 UTC
tiktok;tt_camp_001;tt_adset_001;tt_ad_001;14.06.2024;4145.3377;188423;2825;875;769;2024-06-14 19:38:35 UTC
tiktok;tt_camp_001;tt_adset_001;tt_ad_001;14.06.2024;4149.0978;188594;2828;876;770;2024-06-15 00:12:59 UTC
tiktok;tt_camp_001;tt_adset_001;tt_ad_001;15.06.2024;4151.7003;188712;2829;876;770;2024-06-15 04:05:00 UTC
tiktok;tt_camp_001;tt_adset_001;tt_ad_001;15.06.2024;4154.3029;188830;2831;877;771;2024-06-15 08:13:11 UTC
tiktok;tt_camp_001;tt_adset_001;tt_ad_001;15.06.2024;4156.9054;188949;2833;877;771;2024-06-15 12:03:23 UTC
tiktok;tt_camp_001;tt_adset_001;tt_ad_001;15.06.2024;4159.508;189067;2835;878;772;2024-06-15 16:11:35 UTC
tiktok;tt_camp_001;tt_adset_001;tt_ad_001;15.06.2024;4162.1105;189185;2837;878;772;2024-06-15 20:03:47 UTC
tiktok;tt_camp_001;tt_adset_001;tt_ad_001;15.06.2024;4164.7131;189304;2839;879;773;2024-06-16 00:09:59 UTC
tiktok;tt_camp_001;tt_adset_001;tt_ad_001;16.06.2024;4174.6932;189757;2845;881;774;2024-06-16 02:07:00 UTC
tiktok;tt_camp_001;tt_adset_001;tt_ad_001;16.06.2024;4184.6732;190211;2852;883;776;2024-06-16 06:26:11 UTC
tiktok;tt_camp_001;tt_adset_001;tt_ad_001;16.06.2024;4194.6533;190665;2859;885;778;2024-06-16 10:45:23 UTC
tiktok;tt_camp_001;tt_adset_001;tt_ad_001;16.06.2024;4204.6334;191118;2866;887;780;2024-06-16 15:15:35 UTC
tiktok;tt_camp_001;tt_adset_001;tt_ad_001;16.06.2024;4214.6134;191572;2873;889;782;2024-06-16 19:46:47 UTC
tiktok;tt_camp_001;tt_adset_001;tt_ad_001;16.06.2024;4224.5935;192026;2880;892;784;2024-06-17 00:07:59 UTC
tiktok;tt_camp_001;tt_adset_001;tt_ad_001;17.06.2024;4225.7161;192077;2880;892;784;2024-06-17 03:55:00 UTC
tiktok;tt_camp_001;tt_adset_001;tt_ad_001;17.06.2024;4226.8387;192128;2881;892;784;2024-06-17 07:59:35 UTC
tiktok;tt_camp_001;tt_adset_001;tt_ad_001;17.06.2024;4227.9612;192179;2882;892;785;2024-06-17 12:00:11 UTC
tiktok;tt_camp_001;tt_adset_001;tt_ad_001;17.06.2024;4229.0838;192230;2882;892;785;2024-06-17 15:55:47 UTC
tiktok;tt_camp_001;tt_adset_001;tt_ad_001;17.06.2024;4230.2064;192281;2883;892;785;2024-06-17 20:04:23 UTC
tiktok;tt_camp_001;tt_adset_001;tt_ad_001;17.06.2024;4231.329;192332;2884;893;786;2024-06-18 00:00:59 UTC
tiktok;tt_camp_001;tt_adset_001;tt_ad_001;18.06.2024;4236.0707;192547;2887;894;786;2024-06-18 02:57:00 UTC
tiktok;tt_camp_001;tt_adset_001;tt_ad_001;18.06.2024;4240.8124;192763;2890;895;787;2024-06-18 10:10:39 UTC
tiktok;tt_camp_001;tt_adset_001;tt_ad_001;18.06.2024;4245.5541;192978;2893;896;788;2024-06-18 17:12:19 UTC
tiktok;tt_camp_001;tt_adset_001;tt_ad_001;18.06.2024;4250.2958;193194;2897;897;789;2024-06-19 00:07:59 UTC
tiktok;tt_camp_001;tt_adset_001;tt_ad_001;19.06.2024;4261.1903;193689;2904;899;791;2024-06-19 03:12:00 UTC
tiktok;tt_camp_001;tt_adset_001;tt_ad_001;19.06.2024;4272.0849;194184;2912;901;793;2024-06-19 13:32:59 UTC
tiktok;tt_camp_001;tt_adset_001;tt_ad_001;19.06.2024;4282.9794;194680;2920;904;795;2024-06-20 00:06:59 UTC
tiktok;tt_camp_001;tt_adset_001;tt_ad_001;20.06.2024;4289.5754;194979;2924;905;796;2024-06-20 00:43:00 UTC
tiktok;tt_camp_001;tt_adset_001;tt_ad_001;20.06.2024;4296.1713;195279;2929;907;797;2024-06-20 08:24:59 UTC
tiktok;tt_camp_001;tt_adset_001;tt_ad_001;20.06.2024;4302.7672;195579;2933;908;798;2024-06-20 16:15:59 UTC
tiktok;tt_camp_001;tt_adset_001;tt_ad_001;20.06.2024;4309.3632;195879;2938;910;800;2024-06-21 00:09:59 UTC
tiktok;tt_camp_001;tt_adset_001;tt_ad_001;21.06.2024;4311.4697;195974;2939;910;800;2024-06-21 01:00:00 UTC
tiktok;tt_camp_001;tt_adset_001;tt_ad_001;21.06.2024;4313.5761;196070;2940;910;801;2024-06-21 05:45:11 UTC
tiktok;tt_camp_001;tt_adset_001;tt_ad_001;21.06.2024;4315.6826;196166;2942;911;801;2024-06-21 10:19:23 UTC
tiktok;tt_camp_001;tt_adset_001;tt_ad_001;21.06.2024;4317.7891;196262;2943;911;802;2024-06-21 14:59:35 UTC
tiktok;tt_camp_001;tt_adset_001;tt_ad_001;21.06.2024;4319.8955;196358;2944;911;802;2024-06-21 19:31:47 UTC
tiktok;tt_camp_001;tt_adset_001;tt_ad_001;21.06.2024;4322.002;196454;2946;912;803;2024-06-22 00:06:59 UTC
tiktok;tt_camp_001;tt_adset_001;tt_ad_001;22.06.2024;4324.6084;196572;2947;912;803;2024-06-22 04:04:00 UTC
tiktok;tt_camp_001;tt_adset_001;tt_ad_001;22.06.2024;4327.2147;196690;2949;913;803;2024-06-22 08:57:14 UTC
tiktok;tt_camp_001;tt_adset_001;tt_ad_001;22.06.2024;4329.8211;196809;2951;913;804;2024-06-22 14:07:29 UTC
tiktok;tt_camp_001;tt_adset_001;tt_ad_001;22.06.2024;4332.4274;196927;2953;914;804;2024-06-22 19:00:44 UTC
tiktok;tt_camp_001;tt_adset_001;tt_ad_001;22.06.2024;4335.0338;197046;2955;915;805;2024-06-23 00:03:59 UTC
tiktok;tt_camp_001;tt_adset_001;tt_ad_001;23.06.2024;4342.7876;197398;2960;916;806;2024-06-23 01:49:00 UTC
tiktok;tt_camp_001;tt_adset_001;tt_ad_001;23.06.2024;4350.5414;197750;2965;918;807;2024-06-23 07:27:14 UTC
tiktok;tt_camp_001;tt_adset_001;tt_ad_001;23.06.2024;4358.2952;198103;2971;919;809;2024-06-23 12:55:29 UTC
tiktok;tt_camp_001;tt_adset_001;tt_ad_001;23.06.2024;4366.049;198455;2976;921;810;2024-06-23 18:39:44 UTC
tiktok;tt_camp_001;tt_adset_001;tt_ad_001;23.06.2024;4373.8028;198808;2982;923;812;2024-06-24 00:10:59 UTC
tiktok;tt_camp_001;tt_adset_001;tt_ad_001;24.06.2024;4387.1406;199414;2991;926;814;2024-06-24 03:22:00 UTC
tiktok;tt_camp_001;tt_adset_001;tt_ad_001;24.06.2024;4400.4785;200020;3000;929;817;2024-06-24 13:39:59 UTC
tiktok;tt_camp_001;tt_adset_001;tt_ad_001;24.06.2024;4413.8163;200627;3009;932;820;2024-06-25 00:14:59 UTC
tiktok;tt_camp_001;tt_adset_001;tt_ad_001;25.06.2024;4422.779;201034;3015;933;821;2024-06-25 00:33:00 UTC
tiktok;tt_camp_001;tt_adset_001;tt_ad_001;25.06.2024;4431.7418;201441;3021;935;823;2024-06-25 12:10:59 UTC
tiktok;tt_camp_001;tt_adset_001;tt_ad_001;25.06.2024;4440.7045;201849;3027;937;825;2024-06-26 00:04:59 UTC
tiktok;tt_camp_001;tt_adset_001;tt_ad_001;26.06.2024;4442.7809;201943;3028;937;825;2024-06-26 02:30:00 UTC
tiktok;tt_camp_001;tt_adset_001;tt_ad_001;26.06.2024;4444.8572;202037;3029;938;825;2024-06-26 07:54:14 UTC
tiktok;tt_camp_001;tt_adset_001;tt_ad_001;26.06.2024;4446.9336;202132;3031;938;826;2024-06-26 13:22:29 UTC
tiktok;tt_camp_001;tt_adset_001;tt_ad_001;26.06.2024;4449.0099;202226;3032;939;826;2024-06-26 18:43:44 UTC
tiktok;tt_camp_001;tt_adset_001;tt_ad_001;26.06.2024;4451.0863;202321;3034;940;827;2024-06-27 00:09:59 UTC
tiktok;tt_camp_001;tt_adset_001;tt_ad_001;27.06.2024;4454.4319;202473;3036;940;827;2024-06-27 01:13:00 UTC
tiktok;tt_camp_001;tt_adset_001;tt_ad_001;27.06.2024;4457.7775;202625;3038;941;828;2024-06-27 08:57:19 UTC
tiktok;tt_camp_001;tt_adset_001;tt_ad_001;27.06.2024;4461.1231;202777;3040;941;828;2024-06-27 16:37:39 UTC
tiktok;tt_camp_001;tt_adset_001;tt_ad_001;27.06.2024;4464.4687;202929;3043;942;829;2024-06-28 00:06:59 UTC
tiktok;tt_camp_001;tt_adset_001;tt_ad_001;28.06.2024;4469.7285;203168;3046;943;830;2024-06-28 04:08:00 UTC
tiktok;tt_camp_001;tt_adset_001;tt_ad_001;28.06.2024;4474.9884;203407;3050;944;831;2024-06-28 10:41:39 UTC
tiktok;tt_camp_001;tt_adset_001;tt_ad_001;28.06.2024;4480.2482;203646;3054;945;832;2024-06-28 17:23:19 UTC
tiktok;tt_camp_001;tt_adset_001;tt_ad_001;28.06.2024;4485.508;203886;3058;947;833;2024-06-29 00:07:59 UTC
tiktok;tt_camp_001;tt_adset_001;tt_ad_001;29.06.2024;4490.1853;204098;3061;948;833;2024-06-29 03:27:00 UTC
tiktok;tt_camp_001;tt_adset_001;tt_ad_001;29.06.2024;4494.8626;204311;3064;949;834;2024-06-29 08:27:59 UTC
tiktok;tt_camp_001;tt_adset_001;tt_ad_001;29.06.2024;4499.5399;204523;3067;950;835;2024-06-29 13:52:59 UTC
tiktok;tt_camp_001;tt_adset_001;tt_ad_001;29.06.2024;4504.2172;204736;3070;951;836;2024-06-29 19:01:59 UTC
tiktok;tt_camp_001;tt_adset_001;tt_ad_001;29.06.2024;4508.8945;204949;3074;952;837;2024-06-30 00:07:59 UTC
tiktok;tt_camp_001;tt_adset_001;tt_ad_001;30.06.2024;4515.2517;205237;3078;953;838;2024-06-30 01:12:00 UTC
tiktok;tt_camp_001;tt_adset_001;tt_ad_001;30.06.2024;4521.6089;205526;3082;954;839;2024-06-30 06:53:59 UTC
tiktok;tt_camp_001;tt_adset_001;tt_ad_001;30.06.2024;4527.9661;205815;3086;955;840;2024-06-30 12:41:59 UTC
tiktok;tt_camp_001;tt_adset_001;tt_ad_001;30.06.2024;4534.3233;206104;3090;956;841;2024-06-30 18:20:59 UTC
tiktok;tt_camp_001;tt_adset_001;tt_ad_001;30.06.2024;4540.6805;206393;3095;958;843;2024-07-01 00:10:59 UTC
tiktok;tt_camp_001;tt_adset_001;tt_ad_001;01.07.2024;4543.7149;206531;3097;958;843;2024-07-01 02:43:00 UTC
tiktok;tt_camp_001;tt_adset_001;tt_ad_001;01.07.2024;4546.7493;206669;3099;959;844;2024-07-01 06:52:11 UTC
tiktok;tt_camp_001;tt_adset_001;tt_ad_001;01.07.2024;4549.7837;206807;3101;960;845;2024-07-01 11:09:23 UTC
tiktok;tt_camp_001;tt_adset_001;tt_ad_001;01.07.2024;4552.8181;206945;3103;960;845;2024-07-01 15:30:35 UTC
tiktok;tt_camp_001;tt_adset_001;tt_ad_001;01.07.2024;4555.8525;207083;3105;961;846;2024-07-01 19:55:47 UTC
tiktok;tt_camp_001;tt_adset_001;tt_ad_001;01.07.2024;4558.8869;207221;3108;962;847;2024-07-02 00:07:59 UTC
tiktok;tt_camp_001;tt_adset_001;tt_ad_001;02.07.2024;4571.6124;207799;3116;964;849;2024-07-02 01:34:00 UTC
tiktok;tt_camp_001;tt_adset_001;tt_ad_001;02.07.2024;4584.3378;208377;3125;967;851;2024-07-02 12:47:59 UTC
tiktok;tt_camp_001;tt_adset_001;tt_ad_001;02.07.2024;4597.0633;208956;3134;970;854;2024-07-03 00:09:59 UTC
tiktok;tt_camp_001;tt_adset_001;tt_ad_001;03.07.2024;4604.6407;209300;3139;971;855;2024-07-03 02:15:00 UTC
tiktok;tt_camp_001;tt_adset_001;tt_ad_001;03.07.2024;4612.2181;209644;3144;973;856;2024-07-03 07:41:44 UTC
tiktok;tt_camp_001;tt_adset_001;tt_ad_001;03.07.2024;4619.7954;209989;3149;974;858;2024-07-03 13:07:29 UTC
tiktok;tt_camp_001;tt_adset_001;tt_ad_001;03.07.2024;4627.3728;210333;3154;976;859;2024-07-03 18:35:14 UTC
tiktok;tt_camp_001;tt_adset_001;tt_ad_001;03.07.2024;4634.9502;210678;3160;978;861;2024-07-04 00:00:59 UTC
tiktok;tt_camp_001;tt_adset_001;tt_ad_001;04.07.2024;4651.9885;211452;3171;981;864;2024-07-04 04:08:00 UTC
tiktok;tt_camp_001;tt_adset_001;tt_ad_001;04.07.2024;4669.0268;212227;3182;985;867;2024-07-04 14:11:29 UTC
tiktok;tt_camp_001;tt_adset_001;tt_ad_001;04.07.2024;4686.0651;213002;3194;989;870;2024-07-05 00:04:59 UTC
tiktok;tt_camp_001;tt_adset_001;tt_ad_001;05.07.2024;4691.4985;213249;3197;990;871;2024-07-05 02:25:00 UTC
tiktok;tt_camp_001;tt_adset_001;tt_ad_001;05.07.2024;4696.9318;213496;3201;991;872;2024-07-05 09:33:19 UTC
tiktok;tt_camp_001;tt_adset_001;tt_ad_001;05.07.2024;4702.3652;213743;3205;992;873;2024-07-05 16:54:39 UTC
tiktok;tt_camp_001;tt_adset_001;tt_ad_001;05.07.2024;4707.7986;213990;3209;994;874;2024-07-06 00:04:59 UTC
tiktok;tt_camp_001;tt_adset_001;tt_ad_001;06.07.2024;4714.6024;214299;3213;995;875;2024-07-06 01:08:00 UTC
tiktok;tt_camp_001;tt_adset_001;tt_ad_001;06.07.2024;4721.4061;214608;3218;997;876;2024-07-06 08:48:59 UTC
tiktok;tt_camp_001;tt_adset_001;tt_ad_001;06.07.2024;4728.2098;214917;3223;998;877;2024-07-06 16:19:59 UTC
tiktok;tt_camp_001;tt_adset_001;tt_ad_001;06.07.2024;4735.0136;215227;3228;1000;879;2024-07-07 00:04:59 UTC
tiktok;tt_camp_001;tt_adset_001;tt_ad_001;07.07.2024;4738.2302;215373;3230;1000;879;2024-07-07 00:43:00 UTC
tiktok;tt_camp_001;tt_adset_001;tt_ad_001;07.07.2024;4741.4468;215519;3232;1001;880;2024-07-07 05:29:35 UTC
tiktok;tt_camp_001;tt_adset_001;tt_ad_001;07.07.2024;4744.6634;215665;3234;1002;881;2024-07-07 10:01:11 UTC
tiktok;tt_camp_001;tt_adset_001;tt_ad_001;07.07.2024;4747.8801;215811;3236;1002;881;2024-07-07 14:40:47 UTC
tiktok;tt_camp_001;tt_adset_001;tt_ad_001;07.07.2024;4751.0967;215957;3238;1003;882;2024-07-07 19:34:23 UTC
tiktok;tt_camp_001;tt_adset_001;tt_ad_001;07.07.2024;4754.3133;216104;3241;1004;883;2024-07-08 00:04:59 UTC
tiktok;tt_camp_001;tt_adset_001;tt_ad_001;08.07.2024;4756.4118;216199;3242;1004;883;2024-07-08 03:15:00 UTC
tiktok;tt_camp_001;tt_adset_001;tt_ad_001;08.07.2024;4758.5103;216294;3243;1004;883;2024-07-08 08:26:14 UTC
tiktok;tt_camp_001;tt_adset_001;tt_ad_001;08.07.2024;4760.6087;216390;3245;1005;884;2024-07-08 13:48:29 UTC
tiktok;tt_camp_001;tt_adset_001;tt_ad_001;08.07.2024;4762.7072;216485;3246;1005;884;2024-07-08 18:56:44 UTC
tiktok;tt_camp_001;tt_adset_001;tt_ad_001;08.07.2024;4764.8057;216581;3248;1006;885;2024-07-09 00:14:59 UTC
tiktok;tt_camp_001;tt_adset_001;tt_ad_001;09.07.2024;4780.4331;217291;3258;1009;887;2024-07-09 02:56:00 UTC
tiktok;tt_camp_001;tt_adset_001;tt_ad_001;09.07.2024;4796.0606;218001;3269;1012;890;2024-07-09 08:14:44 UTC
tiktok;tt_camp_001;tt_adset_001;tt_ad_001;09.07.2024;4811.688;218712;3279;1015;893;2024-07-09 13:41:29 UTC
tiktok;tt_camp_001;tt_adset_001;tt_ad_001;09.07.2024;4827.3155;219422;3290;1018;896;2024-07-09 18:57:14 UTC
tiktok;tt_camp_001;tt_adset_001;tt_ad_001;09.07.2024;4842.9429;220133;3301;1022;899;2024-07-10 00:07:59 UTC
tiktok;tt_camp_001;tt_adset_001;tt_ad_001;10.07.2024;4852.3177;220559;3307;1024;900;2024-07-10 02:53:00 UTC
tiktok;tt_camp_001;tt_adset_001;tt_ad_001;10.07.2024;4861.6925;220985;3313;1026;902;2024-07-10 08:16:14 UTC
tiktok;tt_camp_001;tt_adset_001;tt_ad_001;10.07.2024;4871.0673;221411;3320;1028;904;2024-07-10 13:27:29 UTC
tiktok;tt_camp_001;tt_adset_001;tt_ad_001;10.07.2024;4880.4421;221837;3326;1030;906;2024-07-10 18:45:44 UTC
tiktok;tt_camp_001;tt_adset_001;tt_ad_001;10.07.2024;4889.8169;222263;3333;1032;908;2024-07-11 00:12:59 UTC
tiktok;tt_camp_001;tt_adset_001;tt_ad_001;11.07.2024;4899.1568;222687;3339;1034;909;2024-07-11 04:07:00 UTC
tiktok;tt_camp_001;tt_adset_001;tt_ad_001;11.07.2024;4908.4967;223112;3346;1036;911;2024-07-11 10:44:59 UTC
tiktok;tt_camp_001;tt_adset_001;tt_ad_001;11.07.2024;4917.8366;223536;3352;1038;913;2024-07-11 17:23:59 UTC
tiktok;tt_camp_001;tt_adset_001;tt_ad_001;11.07.2024;4927.1765;223961;3359;1040;915;2024-07-12 00:01:59 UTC
tiktok;tt_camp_001;tt_adset_001;tt_ad_001;12.07.2024;4930.7067;224121;3361;1040;915;2024-07-12 00:25:00 UTC
tiktok;tt_camp_001;tt_adset_001;tt_ad_001;12.07.2024;4934.237;224282;3363;1041;916;2024-07-12 05:02:47 UTC
tiktok;tt_camp_001;tt_adset_001;tt_ad_001;12.07.2024;4937.7672;224442;3366;1042;917;2024-07-12 09:53:35 UTC
tiktok;tt_camp_001;tt_adset_001;tt_ad_001;12.07.2024;4941.2974;224603;3368;1043;917;2024-07-12 14:36:23 UTC
tiktok;tt_camp_001;tt_adset_001;tt_ad_001;12.07.2024;4944.8277;224763;3370;1044;918;2024-07-12 19:26:11 UTC
tiktok;tt_camp_001;tt_adset_001;tt_ad_001;12.07.2024;4948.3579;224924;3373;1045;919;2024-07-13 00:11:59 UTC
tiktok;tt_camp_001;tt_adset_001;tt_ad_001;13.07.2024;4950.2977;225012;3374;1045;919;2024-07-13 04:03:00 UTC
tiktok;tt_camp_001;tt_adset_001;tt_ad_001;13.07.2024;4952.2375;225100;3375;1045;919;2024-07-13 08:59:59 UTC
tiktok;tt_camp_001;tt_adset_001;tt_ad_001;13.07.2024;4954.1773;225188;3377;1046;920;2024-07-13 13:57:59 UTC
tiktok;tt_camp_001;tt_adset_001;tt_ad_001;13.07.2024;4956.1171;225276;3378;1046;920;2024-07-13 19:08:59 UTC
tiktok;tt_camp_001;tt_adset_001;tt_ad_001;13.07.2024;4958.0569;225365;3380;1047;921;2024-07-14 00:03:59 UTC
tiktok;tt_camp_001;tt_adset_001;tt_ad_001;14.07.2024;4965.0474;225682;3384;1048;922;2024-07-14 00:54:00 UTC
tiktok;tt_camp_001;tt_adset_001;tt_ad_001;14.07.2024;4972.0379;226000;3389;1049;923;2024-07-14 03:38:30 UTC
tiktok;tt_camp_001;tt_adset_001;tt_ad_001;14.07.2024;4979.0284;226318;3394;1051;924;2024-07-14 06:26:01 UTC
tiktok;tt_camp_001;tt_adset_001;tt_ad_001;14.07.2024;4986.019;226635;3398;1052;925;2024-07-14 09:25:32 UTC
tiktok;tt_camp_001;tt_adset_001;tt_ad_001;14.07.2024;4993.0095;226953;3403;1053;926;2024-07-14 12:11:03 UTC
tiktok;tt_camp_001;tt_adset_001;tt_ad_001;14.07.2024;5000.0;227271;3408;1055;928;2024-07-14 14:51:34 UTC
tiktok;tt_camp_001;tt_adset_002;tt_ad_002;02.01.2024;6.4221;291;4;1;1;2024-01-02 04:10:00 UTC
tiktok;tt_camp_001;tt_adset_002;tt_ad_002;02.01.2024;12.8442;583;8;2;2;2024-01-02 14:03:59 UTC
tiktok;tt_camp_001;tt_adset_002;tt_ad_002;02.01.2024;19.2663;875;13;4;3;2024-01-03 00:10:59 UTC
tiktok;tt_camp_001;tt_adset_002;tt_ad_002;03.01.2024;24.1537;1097;16;5;4;2024-01-03 00:09:00 UTC
tiktok;tt_camp_001;tt_adset_002;tt_ad_002;03.01.2024;29.0411;1319;19;6;5;2024-01-03 04:55:23 UTC
tiktok;tt_camp_001;tt_adset_002;tt_ad_002;03.01.2024;33.9284;1541;23;7;6;2024-01-03 09:45:47 UTC
tiktok;tt_camp_001;tt_adset_002;tt_ad_002;03.01.2024;38.8158;1763;26;8;7;2024-01-03 14:35:11 UTC
tiktok;tt_camp_001;tt_adset_002;tt_ad_002;03.01.2024;43.7032;1985;29;9;8;2024-01-03 19:15:35 UTC
tiktok;tt_camp_001;tt_adset_002;tt_ad_002;03.01.2024;48.5906;2208;33;10;9;2024-01-04 00:01:59 UTC
tiktok;tt_camp_001;tt_adset_002;tt_ad_002;04.01.2024;51.9652;2361;35;10;9;2024-01-04 01:32:00 UTC
tiktok;tt_camp_001;tt_adset_002;tt_ad_002;04.01.2024;55.3399;2515;37;11;10;2024-01-04 09:01:59 UTC
tiktok;tt_camp_001;tt_adset_002;tt_ad_002;04.01.2024;58.7146;2668;39;12;10;2024-01-04 16:38:59 UTC
tiktok;tt_camp_001;tt_adset_002;tt_ad_002;04.01.2024;62.0892;2822;42;13;11;2024-01-05 00:11:59 UTC
tiktok;tt_camp_001;tt_adset_002;tt_ad_002;05.01.2024;66.4242;3019;45;13;11;2024-01-05 02:03:00 UTC
tiktok;tt_camp_001;tt_adset_002;tt_ad_002;05.01.2024;70.7592;3216;48;14;12;2024-01-05 06:31:47 UTC
tiktok;tt_camp_001;tt_adset_002;tt_ad_002;05.01.2024;75.0942;3413;51;15;13;2024-01-05 10:47:35 UTC
tiktok;tt_camp_001;tt_adset_002;tt_ad_002;05.01.2024;79.4291;3610;54;16;14;2024-01-05 15:24:23 UTC
tiktok;tt_camp_001;tt_adset_002;tt_ad_002;05.01.2024;83.7641;3807;57;17;15;2024-01-05 19:43:11 UTC
tiktok;tt_camp_001;tt_adset_002;tt_ad_002;05.01.2024;88.0991;4004;60;18;16;2024-01-06 00:09:59 UTC
tiktok;tt_camp_001;tt_adset_002;tt_ad_002;06.01.2024;90.4667;4111;61;18;16;2024-01-06 02:14:00 UTC
tiktok;tt_camp_001;tt_adset_002;tt_ad_002;06.01.2024;92.8342;4219;63;19;17;2024-01-06 06:31:35 UTC
tiktok;tt_camp_001;tt_adset_002;tt_ad_002;06.01.2024;95.2018;4327;64;19;17;2024-01-06 10:53:11 UTC
tiktok;tt_camp_001;tt_adset_002;tt_ad_002;06.01.2024;97.5694;4434;66;20;18;2024-01-06 15:20:47 UTC
tiktok;tt_camp_001;tt_adset_002;tt_ad_002;06.01.2024;99.9369;4542;67;20;18;2024-01-06 19:44:23 UTC
tiktok;tt_camp_001;tt_adset_002;tt_ad_002;06.01.2024;102.3045;4650;69;21;19;2024-01-07 00:03:59 UTC
tiktok;tt_camp_001;tt_adset_002;tt_ad_002;07.01.2024;105.2375;4783;71;21;19;2024-01-07 00:49:00 UTC
tiktok;tt_camp_001;tt_adset_002;tt_ad_002;07.01.2024;108.1705;4916;73;22;19;2024-01-07 06:41:14 UTC
tiktok;tt_camp_001;tt_adset_002;tt_ad_002;07.01.2024;111.1034;5049;75;22;20;2024-01-07 12:36:29 UTC
tiktok;tt_camp_001;tt_adset_002;tt_ad_002;07.01.2024;114.0364;5182;77;23;20;2024-01-07 18:21:44 UTC
tiktok;tt_camp_001;tt_adset_002;tt_ad_002;07.01.2024;116.9694;5316;79;24;21;2024-01-08 00:05:59 UTC
tiktok;tt_camp_001;tt_adset_002;tt_ad_002;08.01.2024;125.5581;5706;85;26;22;2024-01-08 03:21:00 UTC
tiktok;tt_camp_001;tt_adset_002;tt_ad_002;08.01.2024;134.1467;6096;91;28;24;2024-01-08 13:40:29 UTC
tiktok;tt_camp_001;tt_adset_002;tt_ad_002;08.01.2024;142.7354;6487;97;30;26;2024-01-09 00:13:59 UTC
tiktok;tt_camp_001;tt_adset_002;tt_ad_002;09.01.2024;143.6206;6527;97;30;26;2024-01-09 00:46:00 UTC
tiktok;tt_camp_001;tt_adset_002;tt_ad_002;09.01.2024;144.5057;6567;98;30;26;2024-01-09 05:32:35 UTC
tiktok;tt_camp_001;tt_adset_002;tt_ad_002;09.01.2024;145.3909;6608;98;30;26;2024-01-09 10:12:11 UTC
tiktok;tt_camp_001;tt_adset_002;tt_ad_002;09.01.2024;146.2761;6648;99;30;26;2024-01-09 14:50:47 UTC
tiktok;tt_camp_001;tt_adset_002;tt_ad_002;09.01.2024;147.1612;6688;99;30;26;2024-01-09 19:21:23 UTC
tiktok;tt_camp_001;tt_adset_002;tt_ad_002;09.01.2024;148.0464;6729;100;31;27;2024-01-10 00:00:59 UTC
tiktok;tt_camp_001;tt_adset_002;tt_ad_002;10.01.2024;149.1629;6779;100;31;27;2024-01-10 01:21:00 UTC
tiktok;tt_camp_001;tt_adset_002;tt_ad_002;10.01.2024;150.2794;6830;101;31;27;2024-01-10 07:00:59 UTC
tiktok;tt_camp_001;tt_adset_002;tt_ad_002;10.01.2024;151.3958;6881;102;31;27;2024-01-10 12:37:59 UTC
tiktok;tt_camp_001;tt_adset_002;tt_ad_002;10.01.2024;152.5123;6932;103;31;27;2024-01-10 18:18:59 UTC
tiktok;tt_camp_001;tt_adset_002;tt_ad_002;10.01.2024;153.6288;6983;104;32;28;2024-01-11 00:13:59 UTC
tiktok;tt_camp_001;tt_adset_002;tt_ad_002;11.01.2024;156.5519;7115;106;32;28;2024-01-11 02:06:00 UTC
tiktok;tt_camp_001;tt_adset_002;tt_ad_002;11.01.2024;159.475;7248;108;33;29;2024-01-11 09:18:39 UTC
tiktok;tt_camp_001;tt_adset_002;tt_ad_002;11.01.2024;162.3981;7381;110;33;29;2024-01-11 16:43:19 UTC
tiktok;tt_camp_001;tt_adset_002;tt_ad_002;11.01.2024;165.3212;7514;112;34;30;2024-01-12 00:12:59 UTC
tiktok;tt_camp_001;tt_adset_002;tt_ad_002;12.01.2024;169.8849;7721;115;35;31;2024-01-12 00:31:00 UTC
tiktok;tt_camp_001;tt_adset_002;tt_ad_002;12.01.2024;174.4486;7929;118;36;32;2024-01-12 08:14:19 UTC
tiktok;tt_camp_001;tt_adset_002;tt_ad_002;12.01.2024;179.0122;8136;121;37;33;2024-01-12 16:08:39 UTC
tiktok;tt_camp_001;tt_adset_002;tt_ad_002;12.01.2024;183.5759;8344;125;38;34;2024-01-13 00:08:59 UTC
tiktok;tt_camp_001;tt_adset_002;tt_ad_002;13.01.2024;191.4624;8702;130;39;35;2024-01-13 01:18:00 UTC
tiktok;tt_camp_001;tt_adset_002;tt_ad_002;13.01.2024;199.349;9060;135;41;36;2024-01-13 07:04:14 UTC
tiktok;tt_camp_001;tt_adset_002;tt_ad_002;13.01.2024;207.2355;9419;141;43;38;2024-01-13 12:34:29 UTC
tiktok;tt_camp_001;tt_adset_002;tt_ad_002;13.01.2024;215.1221;9777;146;45;39;2024-01-13 18:19:44 UTC
tiktok;tt_camp_001;tt_adset_002;tt_ad_002;13.01.2024;223.0086;10136;152;47;41;2024-01-14 00:00:59 UTC
tiktok;tt_camp_001;tt_adset_002;tt_ad_002;14.01.2024;226.822;10309;154;47;41;2024-01-14 01:43:00 UTC
tiktok;tt_camp_001;tt_adset_002;tt_ad_002;14.01.2024;230.6355;10482;157;48;42;2024-01-14 07:13:44 UTC
tiktok;tt_camp_001;tt_adset_002;tt_ad_002;14.01.2024;234.4489;10656;159;49;42;2024-01-14 12:51:29 UTC
tiktok;tt_camp_001;tt_adset_002;tt_ad_002;14.01.2024;238.2624;10829;162;50;43;2024-01-14 18:29:14 UTC
tiktok;tt_camp_001;tt_adset_002;tt_ad_002;14.01.2024;242.0758;11003;165;51;44;2024-01-15 00:00:59 UTC
tiktok;tt_camp_001;tt_adset_002;tt_ad_002;15.01.2024;247.4083;11245;168;52;45;2024-01-15 03:35:00 UTC
tiktok;tt_camp_001;tt_adset_002;tt_ad_002;15.01.2024;252.7408;11487;172;53;46;2024-01-15 10:33:59 UTC
tiktok;tt_camp_001;tt_adset_002;tt_ad_002;15.01.2024;258.0733;11729;175;54;47;2024-01-15 17:12:59 UTC
tiktok;tt_camp_001;tt_adset_002;tt_ad_002;15.01.2024;263.4058;11972;179;55;48;2024-01-16 00:07:59 UTC
tiktok;tt_camp_001;tt_adset_002;tt_ad_002;16.01.2024;266.2645;12102;181;55;48;2024-01-16 02:42:00 UTC
tiktok;tt_camp_001;tt_adset_002;tt_ad_002;16.01.2024;269.1232;12232;183;56;49;2024-01-16 06:51:35 UTC
tiktok;tt_camp_001;tt_adset_002;tt_ad_002;16.01.2024;271.9818;12362;185;57;50;2024-01-16 11:15:11 UTC
tiktok;tt_camp_001;tt_adset_002;tt_ad_002;16.01.2024;274.8405;12492;187;57;50;2024-01-16 15:33:47 UTC
tiktok;tt_camp_001;tt_adset_002;tt_ad_002;16.01.2024;277.6992;12622;189;58;51;2024-01-16 19:46:23 UTC
tiktok;tt_camp_001;tt_adset_002;tt_ad_002;16.01.2024;280.5579;12752;191;59;52;2024-01-17 00:09:59 UTC
tiktok;tt_camp_001;tt_adset_002;tt_ad_002;17.01.2024;289.7283;13169;197;61;53;2024-01-17 02:40:00 UTC
tiktok;tt_camp_001;tt_adset_002;tt_ad_002;17.01.2024;298.8987;13586;203;63;55;2024-01-17 13:15:29 UTC
tiktok;tt_camp_001;tt_adset_002;tt_ad_002;17.01.2024;308.0691;14003;210;65;57;2024-01-18 00:00:59 UTC
tiktok;tt_camp_001;tt_adset_002;tt_ad_002;18.01.2024;309.8231;14082;211;65;57;2024-01-18 03:38:00 UTC
tiktok;tt_camp_001;tt_adset_002;tt_ad_002;18.01.2024;311.5771;14162;212;65;57;2024-01-18 07:35:35 UTC
tiktok;tt_camp_001;tt_adset_002;tt_ad_002;18.01.2024;313.3311;14242;213;66;58;2024-01-18 11:48:11 UTC
tiktok;tt_camp_001;tt_adset_002;tt_ad_002;18.01.2024;315.0851;14321;214;66;58;2024-01-18 15:58:47 UTC
tiktok;tt_camp_001;tt_adset_002;tt_ad_002;18.01.2024;316.8391;14401;215;66;58;2024-01-18 20:08:23 UTC
tiktok;tt_camp_001;tt_adset_002;tt_ad_002;18.01.2024;318.5931;14481;217;67;59;2024-01-19 00:07:59 UTC
tiktok;tt_camp_001;tt_adset_002;tt_ad_002;19.01.2024;325.2153;14782;221;68;60;2024-01-19 00:30:00 UTC
tiktok;tt_camp_001;tt_adset_002;tt_ad_002;19.01.2024;331.8375;15083;225;69;61;2024-01-19 12:12:59 UTC
tiktok;tt_camp_001;tt_adset_002;tt_ad_002;19.01.2024;338.4597;15384;230;71;62;2024-01-20 00:01:59 UTC
tiktok;tt_camp_001;tt_adset_002;tt_ad_002;20.01.2024;345.7333;15714;235;72;63;2024-01-20 02:50:00 UTC
tiktok;tt_camp_001;tt_adset_002;tt_ad_002;20.01.2024;353.0069;16045;240;74;65;2024-01-20 09:55:59 UTC
tiktok;tt_camp_001;tt_adset_002;tt_ad_002;20.01.2024;360.2806;16375;245;75;66;2024-01-20 17:01:59 UTC
tiktok;tt_camp_001;tt_adset_002;tt_ad_002;20.01.2024;367.5542;16706;250;77;68;2024-01-21 00:11:59 UTC
tiktok;tt_camp_001;tt_adset_002;tt_ad_002;21.01.2024;372.6775;16939;253;78;69;2024-01-21 03:47:00 UTC
tiktok;tt_camp_001;tt_adset_002;tt_ad_002;21.01.2024;377.8008;17172;257;79;70;2024-01-21 08:48:29 UTC
tiktok;tt_camp_001;tt_adset_002;tt_ad_002;21.01.2024;382.924;17405;260;80;71;2024-01-21 13:56:59 UTC
tiktok;tt_camp_001;tt_adset_002;tt_ad_002;21.01.2024;388.0473;17638;264;81;72;2024-01-21 19:03:29 UTC
tiktok;tt_camp_001;tt_adset_002;tt_ad_002;21.01.2024;393.1706;17871;268;83;73;2024-01-22 00:09:59 UTC
tiktok;tt_camp_001;tt_adset_002;tt_ad_002;22.01.2024;396.8124;18036;270;83;73;2024-01-22 01:02:00 UTC
tiktok;tt_camp_001;tt_adset_002;tt_ad_002;22.01.2024;400.4541;18202;272;84;74;2024-01-22 05:29:59 UTC
tiktok;tt_camp_001;tt_adset_002;tt_ad_002;22.01.2024;404.0959;18367;275;85;75;2024-01-22 10:19:59 UTC
tiktok;tt_camp_001;tt_adset_002;tt_ad_002;22.01.2024;407.7377;18533;277;85;75;2024-01-22 14:54:59 UTC
tiktok;tt_camp_001;tt_adset_002;tt_ad_002;22.01.2024;411.3794;18698;279;86;76;2024-01-22 19:32:59 UTC
tiktok;tt_camp_001;tt_adset_002;tt_ad_002;22.01.2024;415.0212;18864;282;87;77;2024-01-23 00:14:59 UTC
tiktok;tt_camp_001;tt_adset_002;tt_ad_002;23.01.2024;420.5342;19114;285;88;78;2024-01-23 03:43:00 UTC
tiktok;tt_camp_001;tt_adset_002;tt_ad_002;23.01.2024;426.0473;19365;289;89;79;2024-01-23 10:22:39 UTC
tiktok;tt_camp_001;tt_adset_002;tt_ad_002;23.01.2024;431.5604;19615;293;90;80;2024-01-23 17:16:19 UTC
tiktok;tt_camp_001;tt_adset_002;tt_ad_002;23.01.2024;437.0734;19866;297;92;81;2024-01-24 00:05:59 UTC
tiktok;tt_camp_001;tt_adset_002;tt_ad_002;24.01.2024;442.2576;20101;300;93;81;2024-01-24 03:38:00 UTC
tiktok;tt_camp_001;tt_adset_002;tt_ad_002;24.01.2024;447.4418;20337;304;94;82;2024-01-24 07:34:47 UTC
tiktok;tt_camp_001;tt_adset_002;tt_ad_002;24.01.2024;452.626;20573;308;95;83;2024-01-24 11:45:35 UTC
tiktok;tt_camp_001;tt_adset_002;tt_ad_002;24.01.2024;457.8102;20808;311;96;84;2024-01-24 15:53:23 UTC
tiktok;tt_camp_001;tt_adset_002;tt_ad_002;24.01.2024;462.9944;21044;315;97;85;2024-01-24 19:59:11 UTC
tiktok;tt_camp_001;tt_adset_002;tt_ad_002;24.01.2024;468.1786;21280;319;98;86;2024-01-25 00:10:59 UTC
tiktok;tt_camp_001;tt_adset_002;tt_ad_002;25.01.2024;484.4809;22021;330;101;89;2024-01-25 02:20:00 UTC
tiktok;tt_camp_001;tt_adset_002;tt_ad_002;25.01.2024;500.7832;22762;341;105;92;2024-01-25 07:51:44 UTC
tiktok;tt_camp_001;tt_adset_002;tt_ad_002;25.01.2024;517.0856;23503;352;108;95;2024-01-25 13:12:29 UTC
tiktok;tt_camp_001;tt_adset_002;tt_ad_002;25.01.2024;533.3879;24244;363;112;98;2024-01-25 18:34:14 UTC
tiktok;tt_camp_001;tt_adset_002;tt_ad_002;25.01.2024;549.6902;24985;374;116;102;2024-01-26 00:01:59 UTC
tiktok;tt_camp_001;tt_adset_002;tt_ad_002;26.01.2024;553.4092;25154;376;116;102;2024-01-26 00:29:00 UTC
tiktok;tt_camp_001;tt_adset_002;tt_ad_002;26.01.2024;557.1282;25323;379;117;103;2024-01-26 12:25:29 UTC
tiktok;tt_camp_001;tt_adset_002;tt_ad_002;26.01.2024;560.8472;25492;382;118;104;2024-01-27 00:11:59 UTC
tiktok;tt_camp_001;tt_adset_002;tt_ad_002;27.01.2024;577.4485;26246;393;121;107;2024-01-27 01:36:00 UTC
tiktok;tt_camp_001;tt_adset_002;tt_ad_002;27.01.2024;594.0499;27001;404;124;110;2024-01-27 07:21:14 UTC
tiktok;tt_camp_001;tt_adset_002;tt_ad_002;27.01.2024;610.6512;27755;415;128;113;2024-01-27 12:56:29 UTC
tiktok;tt_camp_001;tt_adset_002;tt_ad_002;27.01.2024;627.2526;28510;426;131;116;2024-01-27 18:32:44 UTC
tiktok;tt_camp_001;tt_adset_002;tt_ad_002;27.01.2024;643.8539;29265;438;135;119;2024-01-28 00:05:59 UTC
tiktok;tt_camp_001;tt_adset_002;tt_ad_002;28.01.2024;647.4277;29427;440;136;119;2024-01-28 03:36:00 UTC
tiktok;tt_camp_001;tt_adset_002;tt_ad_002;28.01.2024;651.0016;29590;443;137;120;2024-01-28 13:51:59 UTC
tiktok;tt_camp_001;tt_adset_002;tt_ad_002;28.01.2024;654.5754;29753;446;138;121;2024-01-29 00:12:59 UTC
tiktok;tt_camp_001;tt_adset_002;tt_ad_002;29.01.2024;654.9076;29768;446;138;121;2024-01-29 00:28:00 UTC
tiktok;tt_camp_001;tt_adset_002;tt_ad_002;29.01.2024;655.2398;29783;446;138;121;2024-01-29 05:07:23 UTC
tiktok;tt_camp_001;tt_adset_002;tt_ad_002;29.01.2024;655.572;29798;446;138;121;2024-01-29 09:52:47 UTC
tiktok;tt_camp_001;tt_adset_002;tt_ad_002;29.01.2024;655.9041;29813;446;138;121;2024-01-29 14:33:11 UTC
tiktok;tt_camp_001;tt_adset_002;tt_ad_002;29.01.2024;656.2363;29828;446;138;121;2024-01-29 19:25:35 UTC
tiktok;tt_camp_001;tt_adset_002;tt_ad_002;29.01.2024;656.5685;29843;447;138;121;2024-01-30 00:08:59 UTC
tiktok;tt_camp_001;tt_adset_002;tt_ad_002;30.01.2024;660.0606;30001;449;138;121;2024-01-30 01:50:00 UTC
tiktok;tt_camp_001;tt_adset_002;tt_ad_002;30.01.2024;663.5528;30160;452;139;122;2024-01-30 09:11:59 UTC
tiktok;tt_camp_001;tt_adset_002;tt_ad_002;30.01.2024;667.045;30319;454;140;123;2024-01-30 16:47:59 UTC
tiktok;tt_camp_001;tt_adset_002;tt_ad_002;30.01.2024;670.5371;30478;457;141;124;2024-01-31 00:01:59 UTC
tiktok;tt_camp_001;tt_adset_002;tt_ad_002;31.01.2024;676.1146;30731;460;142;125;2024-01-31 02:20:00 UTC
tiktok;tt_camp_001;tt_adset_002;tt_ad_002;31.01.2024;681.6921;30985;464;143;126;2024-01-31 07:40:14 UTC
tiktok;tt_camp_001;tt_adset_002;tt_ad_002;31.01.2024;687.2695;31238;468;144;127;2024-01-31 13:13:29 UTC
tiktok;tt_camp_001;tt_adset_002;tt_ad_002;31.01.2024;692.847;31492;472;145;128;2024-01-31 18:35:44 UTC
tiktok;tt_camp_001;tt_adset_002;tt_ad_002;31.01.2024;698.4245;31746;476;147;129;2024-02-01 00:12:59 UTC
tiktok;tt_camp_001;tt_adset_002;tt_ad_002;01.02.2024;710.2211;32282;484;149;131;2024-02-01 00:53:00 UTC
tiktok;tt_camp_001;tt_adset_002;tt_ad_002;01.02.2024;722.0177;32818;492;152;133;2024-02-01 05:29:23 UTC
tiktok;tt_camp_001;tt_adset_002;tt_ad_002;01.02.2024;733.8143;33354;500;154;135;2024-02-01 10:12:47 UTC
tiktok;tt_camp_001;tt_adset_002;tt_ad_002;01.02.2024;745.6109;33890;508;157;137;2024-02-01 14:51:11 UTC
tiktok;tt_camp_001;tt_adset_002;tt_ad_002;01.02.2024;757.4075;34426;516;159;139;2024-02-01 19:24:35 UTC
tiktok;tt_camp_001;tt_adset_002;tt_ad_002;01.02.2024;769.2041;34963;524;162;142;2024-02-02 00:00:59 UTC
tiktok;tt_camp_001;tt_adset_002;tt_ad_002;02.02.2024;771.6549;35074;525;162;142;2024-02-02 02:57:00 UTC
tiktok;tt_camp_001;tt_adset_002;tt_ad_002;02.02.2024;774.1057;35186;527;163;143;2024-02-02 09:54:19 UTC
tiktok;tt_camp_001;tt_adset_002;tt_ad_002;02.02.2024;776.5565;35297;529;163;143;2024-02-02 17:09:39 UTC
tiktok;tt_camp_001;tt_adset_002;tt_ad_002;02.02.2024;779.0073;35409;531;164;144;2024-02-03 00:05:59 UTC
tiktok;tt_camp_001;tt_adset_002;tt_ad_002;03.02.2024;785.2024;35690;535;165;145;2024-02-03 00:25:00 UTC
tiktok;tt_camp_001;tt_adset_002;tt_ad_002;03.02.2024;791.3975;35972;539;166;146;2024-02-03 06:11:14 UTC
tiktok;tt_camp_001;tt_adset_002;tt_ad_002;03.02.2024;797.5927;36253;543;168;147;2024-02-03 12:15:29 UTC
tiktok;tt_camp_001;tt_adset_002;tt_ad_002;03.02.2024;803.7878;36535;547;169;148;2024-02-03 18:13:44 UTC
tiktok;tt_camp_001;tt_adset_002;tt_ad_002;03.02.2024;809.9829;36817;552;171;150;2024-02-04 00:06:59 UTC
tiktok;tt_camp_001;tt_adset_002;tt_ad_002;04.02.2024;812.0483;36910;553;171;150;2024-02-04 01:58:00 UTC
tiktok;tt_camp_001;tt_adset_002;tt_ad_002;04.02.2024;814.1136;37004;554;171;150;2024-02-04 12:54:29 UTC
tiktok;tt_camp_001;tt_adset_002;tt_ad_002;04.02.2024;816.179;37098;556;172;151;2024-02-05 00:01:59 UTC
tiktok;tt_camp_001;tt_adset_002;tt_ad_002;05.02.2024;833.4643;37883;567;175;154;2024-02-05 03:34:00 UTC
tiktok;tt_camp_001;tt_adset_002;tt_ad_002;05.02.2024;850.7496;38669;579;179;157;2024-02-05 10:23:19 UTC
tiktok;tt_camp_001;tt_adset_002;tt_ad_002;05.02.2024;868.0348;39455;591;182;160;2024-02-05 17:11:39 UTC
tiktok;tt_camp_001;tt_adset_002;tt_ad_002;05.02.2024;885.3201;40241;603;186;164;2024-02-06 00:05:59 UTC
tiktok;tt_camp_001;tt_adset_002;tt_ad_002;06.02.2024;894.9279;40677;609;188;165;2024-02-06 02:59:00 UTC
tiktok;tt_camp_001;tt_adset_002;tt_ad_002;06.02.2024;904.5357;41114;616;190;167;2024-02-06 08:16:44 UTC
tiktok;tt_camp_001;tt_adset_002;tt_ad_002;06.02.2024;914.1436;41551;622;192;169;2024-02-06 13:26:29 UTC
tiktok;tt_camp_001;tt_adset_002;tt_ad_002;06.02.2024;923.7514;41988;629;194;171;2024-02-06 18:57:14 UTC
tiktok;tt_camp_001;tt_adset_002;tt_ad_002;06.02.2024;933.3592;42425;636;197;173;2024-02-07 00:00:59 UTC
tiktok;tt_camp_001;tt_adset_002;tt_ad_002;07.02.2024;937.0314;42591;638;197;173;2024-02-07 01:58:00 UTC
tiktok;tt_camp_001;tt_adset_002;tt_ad_002;07.02.2024;940.7037;42758;641;198;174;2024-02-07 09:12:59 UTC
tiktok;tt_camp_001;tt_adset_002;tt_ad_002;07.02.2024;944.376;42925;643;199;175;2024-02-07 16:46:59 UTC
tiktok;tt_camp_001;tt_adset_002;tt_ad_002;07.02.2024;948.0482;43092;646;200;176;2024-02-08 00:01:59 UTC
tiktok;tt_camp_001;tt_adset_002;tt_ad_002;08.02.2024;958.6859;43575;653;202;178;2024-02-08 03:49:00 UTC
tiktok;tt_camp_001;tt_adset_002;tt_ad_002;08.02.2024;969.3236;44059;660;204;180;2024-02-08 08:54:29 UTC
tiktok;tt_camp_001;tt_adset_002;tt_ad_002;08.02.2024;979.9613;44542;667;206;182;2024-02-08 14:00:59 UTC
tiktok;tt_camp_001;tt_adset_002;tt_ad_002;08.02.2024;990.599;45026;674;208;184;2024-02-08 19:03:29 UTC
tiktok;tt_camp_001;tt_adset_002;tt_ad_002;08.02.2024;1001.2367;45510;682;211;186;2024-02-09 00:06:59 UTC
tiktok;tt_camp_001;tt_adset_002;tt_ad_002;09.02.2024;1005.1917;45689;684;211;186;2024-02-09 01:57:00 UTC
tiktok;tt_camp_001;tt_adset_002;tt_ad_002;09.02.2024;1009.1468;45869;687;212;187;2024-02-09 07:22:59 UTC
tiktok;tt_camp_001;tt_adset_002;tt_ad_002;09.02.2024;1013.1018;46049;690;213;187;2024-02-09 12:59:59 UTC
tiktok;tt_camp_001;tt_adset_002;tt_ad_002;09.02.2024;1017.0569;46229;693;214;188;2024-02-09 18:33:59 UTC
tiktok;tt_camp_001;tt_adset_002;tt_ad_002;09.02.2024;1021.0119;46409;696;215;189;2024-02-10 00:01:59 UTC
tiktok;tt_camp_001;tt_adset_002;tt_ad_002;10.02.2024;1030.9566;46861;702;217;190;2024-02-10 03:44:00 UTC
tiktok;tt_camp_001;tt_adset_002;tt_ad_002;10.02.2024;1040.9013;47313;709;219;192;2024-02-10 08:44:44 UTC
tiktok;tt_camp_001;tt_adset_002;tt_ad_002;10.02.2024;1050.8461;47765;716;221;194;2024-02-10 13:47:29 UTC
tiktok;tt_camp_001;tt_adset_002;tt_ad_002;10.02.2024;1060.7908;48217;723;223;196;2024-02-10 18:57:14 UTC
tiktok;tt_camp_001;tt_adset_002;tt_ad_002;10.02.2024;1070.7355;48669;730;226;198;2024-02-11 00:06:59 UTC
tiktok;tt_camp_001;tt_adset_002;tt_ad_002;11.02.2024;1077.9778;48998;734;227;199;2024-02-11 00:18:00 UTC
tiktok;tt_camp_001;tt_adset_002;tt_ad_002;11.02.2024;1085.22;49327;739;228;200;2024-02-11 12:10:29 UTC
tiktok;tt_camp_001;tt_adset_002;tt_ad_002;11.02.2024;1092.4623;49657;744;230;202;2024-02-12 00:12:59 UTC
tiktok;tt_camp_001;tt_adset_002;tt_ad_002;12.02.2024;1098.0713;49912;748;231;203;2024-02-12 02:24:00 UTC
tiktok;tt_camp_001;tt_adset_002;tt_ad_002;12.02.2024;1103.6802;50167;752;232;204;2024-02-12 09:33:59 UTC
tiktok;tt_camp_001;tt_adset_002;tt_ad_002;12.02.2024;1109.2892;50422;756;233;205;2024-02-12 16:46:59 UTC
tiktok;tt_camp_001;tt_adset_002;tt_ad_002;12.02.2024;1114.8982;50677;760;235;207;2024-02-13 00:07:59 UTC
tiktok;tt_camp_001;tt_adset_002;tt_ad_002;13.02.2024;1117.3878;50790;761;235;207;2024-02-13 01:15:00 UTC
tiktok;tt_camp_001;tt_adset_002;tt_ad_002;13.02.2024;1119.8774;50903;763;236;207;2024-02-13 05:51:23 UTC
tiktok;tt_camp_001;tt_adset_002;tt_ad_002;13.02.2024;1122.367;51016;765;236;208;2024-02-13 10:28:47 UTC
tiktok;tt_camp_001;tt_adset_002;tt_ad_002;13.02.2024;1124.8567;51129;766;237;208;2024-02-13 14:55:11 UTC
tiktok;tt_camp_001;tt_adset_002;tt_ad_002;13.02.2024;1127.3463;51242;768;237;208;2024-02-13 19:34:35 UTC
tiktok;tt_camp_001;tt_adset_002;tt_ad_002;13.02.2024;1129.8359;51356;770;238;209;2024-02-14 00:08:59 UTC
tiktok;tt_camp_001;tt_adset_002;tt_ad_002;14.02.2024;1136.6054;51663;774;239;210;2024-02-14 00:39:00 UTC
tiktok;tt_camp_001;tt_adset_002;tt_ad_002;14.02.2024;1143.3749;51971;779;240;211;2024-02-14 06:30:44 UTC
tiktok;tt_camp_001;tt_adset_002;tt_ad_002;14.02.2024;1150.1445;52278;783;242;213;2024-02-14 12:13:29 UTC
tiktok;tt_camp_001;tt_adset_002;tt_ad_002;14.02.2024;1156.914;52586;788;243;214;2024-02-14 18:13:14 UTC
tiktok;tt_camp_001;tt_adset_002;tt_ad_002;14.02.2024;1163.6835;52894;793;245;216;2024-02-15 00:00:59 UTC
tiktok;tt_camp_001;tt_adset_002;tt_ad_002;15.02.2024;1167.6366;53073;795;245;216;2024-02-15 01:01:00 UTC
tiktok;tt_camp_001;tt_adset_002;tt_ad_002;15.02.2024;1171.5896;53253;798;246;217;2024-02-15 05:41:59 UTC
tiktok;tt_camp_001;tt_adset_002;tt_ad_002;15.02.2024;1175.5427;53433;801;247;218;2024-02-15 10:15:59 UTC
tiktok;tt_camp_001;tt_adset_002;tt_ad_002;15.02.2024;1179.4957;53612;803;248;218;2024-02-15 14:55:59 UTC
tiktok;tt_camp_001;tt_adset_002;tt_ad_002;15.02.2024;1183.4488;53792;806;249;219;2024-02-15 19:29:59 UTC
tiktok;tt_camp_001;tt_adset_002;tt_ad_002;15.02.2024;1187.4018;53972;809;250;220;2024-02-16 00:11:59 UTC
tiktok;tt_camp_001;tt_adset_002;tt_ad_002;16.02.2024;1192.6447;54210;812;251;221;2024-02-16 02:14:00 UTC
tiktok;tt_camp_001;tt_adset_002;tt_ad_002;16.02.2024;1197.8877;54448;816;252;222;2024-02-16 06:30:35 UTC
tiktok;tt_camp_001;tt_adset_002;tt_ad_002;16.02.2024;1203.1306;54687;820;253;223;2024-02-16 10:58:11 UTC
tiktok;tt_camp_001;tt_adset_002;tt_ad_002;16.02.2024;1208.3735;54925;823;254;224;2024-02-16 15:17:47 UTC
tiktok;tt_camp_001;tt_adset_002;tt_ad_002;16.02.2024;1213.6165;55163;827;255;225;2024-02-16 19:50:23 UTC
tiktok;tt_camp_001;tt_adset_002;tt_ad_002;16.02.2024;1218.8594;55402;831;257;226;2024-02-17 00:09:59 UTC
tiktok;tt_camp_001;tt_adset_002;tt_ad_002;17.02.2024;1219.6536;55438;831;257;226;2024-02-17 02:12:00 UTC
tiktok;tt_camp_001;tt_adset_002;tt_ad_002;17.02.2024;1220.4479;55474;832;257;226;2024-02-17 06:41:59 UTC
tiktok;tt_camp_001;tt_adset_002;tt_ad_002;17.02.2024;1221.2422;55510;832;257;226;2024-02-17 10:52:59 UTC
tiktok;tt_camp_001;tt_adset_002;tt_ad_002;17.02.2024;1222.0364;55546;833;257;226;2024-02-17 15:17:59 UTC
tiktok;tt_camp_001;tt_adset_002;tt_ad_002;17.02.2024;1222.8307;55582;833;257;226;2024-02-17 19:43:59 UTC
tiktok;tt_camp_001;tt_adset_002;tt_ad_002;17.02.2024;1223.6249;55619;834;258;227;2024-02-18 00:09:59 UTC
tiktok;tt_camp_001;tt_adset_002;tt_ad_002;18.02.2024;1232.1076;56004;839;259;228;2024-02-18 00:39:00 UTC
tiktok;tt_camp_001;tt_adset_002;tt_ad_002;18.02.2024;1240.5903;56390;845;261;230;2024-02-18 05:12:59 UTC
tiktok;tt_camp_001;tt_adset_002;tt_ad_002;18.02.2024;1249.073;56775;851;263;231;2024-02-18 10:02:59 UTC
tiktok;tt_camp_001;tt_adset_002;tt_ad_002;18.02.2024;1257.5557;57161;856;265;233;2024-02-18 14:39:59 UTC
tiktok;tt_camp_001;tt_adset_002;tt_ad_002;18.02.2024;1266.0384;57546;862;267;234;2024-02-18 19:20:59 UTC
tiktok;tt_camp_001;tt_adset_002;tt_ad_002;18.02.2024;1274.5211;57932;868;269;236;2024-02-19 00:05:59 UTC
tiktok;tt_camp_001;tt_adset_002;tt_ad_002;19.02.2024;1289.3814;58607;878;272;238;2024-02-19 00:43:00 UTC
tiktok;tt_camp_001;tt_adset_002;tt_ad_002;19.02.2024;1304.2417;59283;888;275;241;2024-02-19 08:23:19 UTC
tiktok;tt_camp_001;tt_adset_002;tt_ad_002;19.02.2024;1319.102;59958;898;278;244;2024-02-19 16:19:39 UTC
tiktok;tt_camp_001;tt_adset_002;tt_ad_002;19.02.2024;1333.9623;60634;909;281;247;2024-02-20 00:08:59 UTC
tiktok;tt_camp_001;tt_adset_002;tt_ad_002;20.02.2024;1339.8713;60902;913;282;248;2024-02-20 02:34:00 UTC
tiktok;tt_camp_001;tt_adset_002;tt_ad_002;20.02.2024;1345.7804;61171;917;283;249;2024-02-20 09:48:39 UTC
tiktok;tt_camp_001;tt_adset_002;tt_ad_002;20.02.2024;1351.6894;61439;921;284;250;2024-02-20 16:58:19 UTC
tiktok;tt_camp_001;tt_adset_002;tt_ad_002;20.02.2024;1357.5985;61708;925;286;252;2024-02-21 00:13:59 UTC
tiktok;tt_camp_001;tt_adset_002;tt_ad_002;21.02.2024;1377.053;62592;938;290;255;2024-02-21 01:09:00 UTC
tiktok;tt_camp_001;tt_adset_002;tt_ad_002;21.02.2024;1396.5074;63476;951;294;259;2024-02-21 08:48:59 UTC
tiktok;tt_camp_001;tt_adset_002;tt_ad_002;21.02.2024;1415.9619;64360;964;298;262;2024-02-21 16:25:59 UTC
tiktok;tt_camp_001;tt_adset_002;tt_ad_002;21.02.2024;1435.4164;65245;978;303;266;2024-02-22 00:02:59 UTC
tiktok;tt_camp_001;tt_adset_002;tt_ad_002;22.02.2024;1452.0189;65999;989;306;269;2024-02-22 00:24:00 UTC
tiktok;tt_camp_001;tt_adset_002;tt_ad_002;22.02.2024;1468.6214;66754;1000;310;272;2024-02-22 08:18:19 UTC
tiktok;tt_camp_001;tt_adset_002;tt_ad_002;22.02.2024;1485.2239;67509;1011;313;275;2024-02-22 16:11:39 UTC
tiktok;tt_camp_001;tt_adset_002;tt_ad_002;22.02.2024;1501.8264;68264;1023;317;279;2024-02-23 00:07:59 UTC
tiktok;tt_camp_001;tt_adset_002;tt_ad_002;23.02.2024;1507.5529;68524;1027;318;280;2024-02-23 03:06:00 UTC
tiktok;tt_camp_001;tt_adset_002;tt_ad_002;23.02.2024;1513.2794;68784;1031;319;281;2024-02-23 07:13:59 UTC
tiktok;tt_camp_001;tt_adset_002;tt_ad_002;23.02.2024;1519.0058;69045;1035;320;282;2024-02-23 11:23:59 UTC
tiktok;tt_camp_001;tt_adset_002;tt_ad_002;23.02.2024;1524.7323;69305;1039;321;283;2024-02-23 15:41:59 UTC
tiktok;tt_camp_001;tt_adset_002;tt_ad_002;23.02.2024;1530.4588;69565;1043;322;284;2024-02-23 19:48:59 UTC
tiktok;tt_camp_001;tt_adset_002;tt_ad_002;23.02.2024;1536.1853;69826;1047;324;285;2024-02-24 00:07:59 UTC
tiktok;tt_camp_001;tt_adset_002;tt_ad_002;24.02.2024;1545.1254;70232;1053;325;286;2024-02-24 02:55:00 UTC
tiktok;tt_camp_001;tt_adset_002;tt_ad_002;24.02.2024;1554.0654;70638;1059;327;288;2024-02-24 07:13:59 UTC
tiktok;tt_camp_001;tt_adset_002;tt_ad_002;24.02.2024;1563.0055;71045;1065;329;290;2024-02-24 11:18:59 UTC
tiktok;tt_camp_001;tt_adset_002;tt_ad_002;24.02.2024;1571.9455;71451;1071;331;291;2024-02-24 15:37:59 UTC
tiktok;tt_camp_001;tt_adset_002;tt_ad_002;24.02.2024;1580.8856;71857;1077;333;293;2024-02-24 19:54:59 UTC
tiktok;tt_camp_001;tt_adset_002;tt_ad_002;24.02.2024;1589.8256;72264;1083;335;295;2024-02-25 00:01:59 UTC
tiktok;tt_camp_001;tt_adset_002;tt_ad_002;25.02.2024;1598.7595;72670;1089;337;296;2024-02-25 03:29:00 UTC
tiktok;tt_camp_001;tt_adset_002;tt_ad_002;25.02.2024;1607.6933;73076;1095;339;298;2024-02-25 08:36:59 UTC
tiktok;tt_camp_001;tt_adset_002;tt_ad_002;25.02.2024;1616.6272;73482;1101;341;299;2024-02-25 13:49:59 UTC
tiktok;tt_camp_001;tt_adset_002;tt_ad_002;25.02.2024;1625.561;73888;1107;343;301;2024-02-25 19:05:59 UTC
tiktok;tt_camp_001;tt_adset_002;tt_ad_002;25.02.2024;1634.4949;74294;1114;345;303;2024-02-26 00:04:59 UTC
tiktok;tt_camp_001;tt_adset_002;tt_ad_002;26.02.2024;1635.6683;74347;1114;345;303;2024-02-26 00:49:00 UTC
tiktok;tt_camp_001;tt_adset_002;tt_ad_002;26.02.2024;1636.8417;74400;1115;345;303;2024-02-26 12:28:29 UTC
tiktok;tt_camp_001;tt_adset_002;tt_ad_002;26.02.2024;1638.0151;74454;1116;345;304;2024-02-27 00:06:59 UTC
tiktok;tt_camp_001;tt_adset_002;tt_ad_002;27.02.2024;1640.9201;74586;1118;345;304;2024-02-27 00:43:00 UTC
tiktok;tt_camp_001;tt_adset_002;tt_ad_002;27.02.2024;1643.8251;74718;1120;346;305;2024-02-27 05:23:23 UTC
tiktok;tt_camp_001;tt_adset_002;tt_ad_002;27.02.2024;1646.7301;74850;1122;347;305;2024-02-27 10:02:47 UTC
tiktok;tt_camp_001;tt_adset_002;tt_ad_002;27.02.2024;1649.6351;74982;1124;347;306;2024-02-27 14:46:11 UTC
tiktok;tt_camp_001;tt_adset_002;tt_ad_002;27.02.2024;1652.5401;75114;1126;348;306;2024-02-27 19:21:35 UTC
tiktok;tt_camp_001;tt_adset_002;tt_ad_002;27.02.2024;1655.4451;75247;1128;349;307;2024-02-28 00:05:59 UTC
tiktok;tt_camp_001;tt_adset_002;tt_ad_002;28.02.2024;1661.4504;75520;1132;350;308;2024-02-28 01:11:00 UTC
tiktok;tt_camp_001;tt_adset_002;tt_ad_002;28.02.2024;1667.4556;75793;1136;351;309;2024-02-28 05:40:23 UTC
tiktok;tt_camp_001;tt_adset_002;tt_ad_002;28.02.2024;1673.4609;76066;1140;353;310;2024-02-28 10:26:47 UTC
tiktok;tt_camp_001;tt_adset_002;tt_ad_002;28.02.2024;1679.4662;76339;1144;354;311;2024-02-28 15:04:11 UTC
tiktok;tt_camp_001;tt_adset_002;tt_ad_002;28.02.2024;1685.4714;76612;1148;355;312;2024-02-28 19:38:35 UTC
tiktok;tt_camp_001;tt_adset_002;tt_ad_002;28.02.2024;1691.4767;76885;1153;357;314;2024-02-29 00:05:59 UTC
tiktok;tt_camp_001;tt_adset_002;tt_ad_002;29.02.2024;1712.1515;77824;1167;361;317;2024-02-29 01:06:00 UTC
tiktok;tt_camp_001;tt_adset_002;tt_ad_002;29.02.2024;1732.8263;78764;1181;365;321;2024-02-29 12:42:59 UTC
tiktok;tt_camp_001;tt_adset_002;tt_ad_002;29.02.2024;1753.5011;79704;1195;370;325;2024-03-01 00:07:59 UTC
tiktok;tt_camp_001;tt_adset_002;tt_ad_002;01.03.2024;1754.4628;79747;1195;370;325;2024-03-01 01:29:00 UTC
tiktok;tt_camp_001;tt_adset_002;tt_ad_002;01.03.2024;1755.4246;79791;1196;370;325;2024-03-01 06:09:23 UTC
tiktok;tt_camp_001;tt_adset_002;tt_ad_002;01.03.2024;1756.3863;79835;1197;370;325;2024-03-01 10:30:47 UTC
tiktok;tt_camp_001;tt_adset_002;tt_ad_002;01.03.2024;1757.348;79878;1197;370;325;2024-03-01 15:04:11 UTC
tiktok;tt_camp_001;tt_adset_002;tt_ad_002;01.03.2024;1758.3098;79922;1198;370;325;2024-03-01 19:35:35 UTC
tiktok;tt_camp_001;tt_adset_002;tt_ad_002;01.03.2024;1759.2715;79966;1199;371;326;2024-03-02 00:12:59 UTC
tiktok;tt_camp_001;tt_adset_002;tt_ad_002;02.03.2024;1760.0323;80000;1199;371;326;2024-03-02 01:01:00 UTC
tiktok;tt_camp_001;tt_adset_002;tt_ad_002;02.03.2024;1760.7931;80035;1200;371;326;2024-03-02 06:48:29 UTC
tiktok;tt_camp_001;tt_adset_002;tt_ad_002;02.03.2024;1761.5538;80069;1200;371;326;2024-03-02 12:30:59 UTC
tiktok;tt_camp_001;tt_adset_002;tt_ad_002;02.03.2024;1762.3146;80104;1201;371;326;2024-03-02 18:14:29 UTC
tiktok;tt_camp_001;tt_adset_002;tt_ad_002;02.03.2024;1763.0754;80139;1202;372;327;2024-03-03 00:05:59 UTC
tiktok;tt_camp_001;tt_adset_002;tt_ad_002;03.03.2024;1769.9824;80453;1206;373;328;2024-03-03 03:23:00 UTC
tiktok;tt_camp_001;tt_adset_002;tt_ad_002;03.03.2024;1776.8895;80767;1211;374;329;2024-03-03 13:50:59 UTC
tiktok;tt_camp_001;tt_adset_002;tt_ad_002;03.03.2024;1783.7965;81081;1216;376;331;2024-03-04 00:13:59 UTC
tiktok;tt_camp_001;tt_adset_002;tt_ad_002;04.03.2024;1784.3446;81106;1216;376;331;2024-03-04 02:15:00 UTC
tiktok;tt_camp_001;tt_adset_002;tt_ad_002;04.03.2024;1784.8926;81131;1216;376;331;2024-03-04 09:34:19 UTC
tiktok;tt_camp_001;tt_adset_002;tt_ad_002;04.03.2024;1785.4407;81156;1216;376;331;2024-03-04 16:44:39 UTC
tiktok;tt_camp_001;tt_adset_002;tt_ad_002;04.03.2024;1785.9888;81181;1217;377;331;2024-03-05 00:14:59 UTC
tiktok;tt_camp_001;tt_adset_002;tt_ad_002;05.03.2024;1790.0246;81364;1219;377;331;2024-03-05 02:53:00 UTC
tiktok;tt_camp_001;tt_adset_002;tt_ad_002;05.03.2024;1794.0605;81547;1222;378;332;2024-03-05 08:11:44 UTC
tiktok;tt_camp_001;tt_adset_002;tt_ad_002;05.03.2024;1798.0963;81731;1225;379;333;2024-03-05 13:27:29 UTC
tiktok;tt_camp_001;tt_adset_002;tt_ad_002;05.03.2024;1802.1322;81914;1228;380;334;2024-03-05 18:43:14 UTC
tiktok;tt_camp_001;tt_adset_002;tt_ad_002;05.03.2024;1806.168;82098;1231;381;335;2024-03-06 00:09:59 UTC
tiktok;tt_camp_001;tt_adset_002;tt_ad_002;06.03.2024;1815.6291;82528;1237;383;336;2024-03-06 02:42:00 UTC
tiktok;tt_camp_001;tt_adset_002;tt_ad_002;06.03.2024;1825.0903;82958;1243;385;338;2024-03-06 13:28:29 UTC
tiktok;tt_camp_001;tt_adset_002;tt_ad_002;06.03.2024;1834.5514;83388;1250;387;340;2024-03-07 00:12:59 UTC
tiktok;tt_camp_001;tt_adset_002;tt_ad_002;07.03.2024;1836.4312;83473;1251;387;340;2024-03-07 01:54:00 UTC
tiktok;tt_camp_001;tt_adset_002;tt_ad_002;07.03.2024;1838.311;83558;1252;387;340;2024-03-07 07:30:29 UTC
tiktok;tt_camp_001;tt_adset_002;tt_ad_002;07.03.2024;1840.1908;83644;1254;388;341;2024-03-07 13:02:59 UTC
tiktok;tt_camp_001;tt_adset_002;tt_ad_002;07.03.2024;1842.0706;83729;1255;388;341;2024-03-07 18:36:29 UTC
tiktok;tt_camp_001;tt_adset_002;tt_ad_002;07.03.2024;1843.9504;83815;1257;389;342;2024-03-08 00:14:59 UTC
tiktok;tt_camp_001;tt_adset_002;tt_ad_002;08.03.2024;1850.8188;84127;1261;390;343;2024-03-08 03:38:00 UTC
tiktok;tt_camp_001;tt_adset_002;tt_ad_002;08.03.2024;1857.6871;84439;1266;391;344;2024-03-08 13:46:59 UTC
tiktok;tt_camp_001;tt_adset_002;tt_ad_002;08.03.2024;1864.5555;84752;1271;393;346;2024-03-09 00:05:59 UTC
tiktok;tt_camp_001;tt_adset_002;tt_ad_002;09.03.2024;1872.9397;85133;1276;394;347;2024-03-09 01:19:00 UTC
tiktok;tt_camp_001;tt_adset_002;tt_ad_002;09.03.2024;1881.3239;85514;1282;396;349;2024-03-09 07:07:44 UTC
tiktok;tt_camp_001;tt_adset_002;tt_ad_002;09.03.2024;1889.7081;85895;1287;398;350;2024-03-09 12:44:29 UTC
tiktok;tt_camp_001;tt_adset_002;tt_ad_002;09.03.2024;1898.0923;86276;1293;400;352;2024-03-09 18:22:14 UTC
tiktok;tt_camp_001;tt_adset_002;tt_ad_002;09.03.2024;1906.4765;86657;1299;402;354;2024-03-10 00:03:59 UTC
tiktok;tt_camp_001;tt_adset_002;tt_ad_002;10.03.2024;1909.9546;86815;1301;402;354;2024-03-10 01:09:00 UTC
tiktok;tt_camp_001;tt_adset_002;tt_ad_002;10.03.2024;1913.4326;86973;1304;403;355;2024-03-10 08:56:39 UTC
tiktok;tt_camp_001;tt_adset_002;tt_ad_002;10.03.2024;1916.9107;87131;1306;404;355;2024-03-10 16:34:19 UTC
tiktok;tt_camp_001;tt_adset_002;tt_ad_002;10.03.2024;1920.3888;87290;1309;405;356;2024-03-11 00:01:59 UTC
tiktok;tt_camp_001;tt_adset_002;tt_ad_002;11.03.2024;1924.0169;87454;1311;405;356;2024-03-11 03:09:00 UTC
tiktok;tt_camp_001;tt_adset_002;tt_ad_002;11.03.2024;1927.6449;87619;1313;406;357;2024-03-11 13:37:59 UTC
tiktok;tt_camp_001;tt_adset_002;tt_ad_002;11.03.2024;1931.273;87784;1316;407;358;2024-03-12 00:02:59 UTC
tiktok;tt_camp_001;tt_adset_002;tt_ad_002;12.03.2024;1934.5886;87934;1318;407;358;2024-03-12 01:13:00 UTC
tiktok;tt_camp_001;tt_adset_002;tt_ad_002;12.03.2024;1937.9043;88085;1320;408;359;2024-03-12 05:57:59 UTC
tiktok;tt_camp_001;tt_adset_002;tt_ad_002;12.03.2024;1941.22;88236;1323;409;360;2024-03-12 10:29:59 UTC
tiktok;tt_camp_001;tt_adset_002;tt_ad_002;12.03.2024;1944.5356;88387;1325;410;360;2024-03-12 15:04:59 UTC
tiktok;tt_camp_001;tt_adset_002;tt_ad_002;12.03.2024;1947.8512;88538;1327;411;361;2024-03-12 19:35:59 UTC
tiktok;tt_camp_001;tt_adset_002;tt_ad_002;12.03.2024;1951.1669;88689;1330;412;362;2024-03-13 00:12:59 UTC
tiktok;tt_camp_001;tt_adset_002;tt_ad_002;13.03.2024;1953.2948;88785;1331;412;362;2024-03-13 03:09:00 UTC
tiktok;tt_camp_001;tt_adset_002;tt_ad_002;13.03.2024;1955.4228;88882;1333;412;363;2024-03-13 10:07:19 UTC
tiktok;tt_camp_001;tt_adset_002;tt_ad_002;13.03.2024;1957.5507;88979;1334;412;363;2024-03-13 17:11:39 UTC
tiktok;tt_camp_001;tt_adset_002;tt_ad_002;13.03.2024;1959.6786;89076;1336;413;364;2024-03-14 00:11:59 UTC
tiktok;tt_camp_001;tt_adset_002;tt_ad_002;14.03.2024;1978.2038;89918;1348;417;367;2024-03-14 03:44:00 UTC
tiktok;tt_camp_001;tt_adset_002;tt_ad_002;14.03.2024;1996.729;90760;1361;421;370;2024-03-14 10:38:59 UTC
tiktok;tt_camp_001;tt_adset_002;tt_ad_002;14.03.2024;2015.2543;91602;1373;425;373;2024-03-14 17:24:59 UTC
tiktok;tt_camp_001;tt_adset_002;tt_ad_002;14.03.2024;2033.7795;92444;1386;429;377;2024-03-15 00:12:59 UTC
tiktok;tt_camp_001;tt_adset_002;tt_ad_002;15.03.2024;2037.4854;92612;1388;429;377;2024-03-15 01:38:00 UTC
tiktok;tt_camp_001;tt_adset_002;tt_ad_002;15.03.2024;2041.1912;92780;1391;430;378;2024-03-15 06:08:11 UTC
tiktok;tt_camp_001;tt_adset_002;tt_ad_002;15.03.2024;2044.8971;92949;1393;431;379;2024-03-15 10:45:23 UTC
tiktok;tt_camp_001;tt_adset_002;tt_ad_002;15.03.2024;2048.603;93117;1396;432;380;2024-03-15 15:14:35 UTC
tiktok;tt_camp_001;tt_adset_002;tt_ad_002;15.03.2024;2052.3088;93285;1398;433;381;2024-03-15 19:38:47 UTC
tiktok;tt_camp_001;tt_adset_002;tt_ad_002;15.03.2024;2056.0147;93454;1401;434;382;2024-03-16 00:14:59 UTC
tiktok;tt_camp_001;tt_adset_002;tt_ad_002;16.03.2024;2058.9902;93589;1403;434;382;2024-03-16 02:53:00 UTC
tiktok;tt_camp_001;tt_adset_002;tt_ad_002;16.03.2024;2061.9656;93724;1405;435;383;2024-03-16 09:56:39 UTC
tiktok;tt_camp_001;tt_adset_002;tt_ad_002;16.03.2024;2064.941;93859;1407;435;383;2024-03-16 17:02:19 UTC
tiktok;tt_camp_001;tt_adset_002;tt_ad_002;16.03.2024;2067.9165;93995;1409;436;384;2024-03-17 00:12:59 UTC
tiktok;tt_camp_001;tt_adset_002;tt_ad_002;17.03.2024;2073.0019;94226;1412;437;384;2024-03-17 03:41:00 UTC
tiktok;tt_camp_001;tt_adset_002;tt_ad_002;17.03.2024;2078.0874;94457;1416;438;385;2024-03-17 08:45:59 UTC
tiktok;tt_camp_001;tt_adset_002;tt_ad_002;17.03.2024;2083.1728;94688;1419;439;386;2024-03-17 13:48:59 UTC
tiktok;tt_camp_001;tt_adset_002;tt_ad_002;17.03.2024;2088.2583;94919;1423;440;387;2024-03-17 19:06:59 UTC
tiktok;tt_camp_001;tt_adset_002;tt_ad_002;17.03.2024;2093.3437;95151;1427;442;388;2024-03-18 00:03:59 UTC
tiktok;tt_camp_001;tt_adset_002;tt_ad_002;18.03.2024;2098.2962;95376;1430;443;389;2024-03-18 02:14:00 UTC
tiktok;tt_camp_001;tt_adset_002;tt_ad_002;18.03.2024;2103.2487;95601;1433;444;390;2024-03-18 09:29:59 UTC
tiktok;tt_camp_001;tt_adset_002;tt_ad_002;18.03.2024;2108.2013;95826;1436;445;391;2024-03-18 16:54:59 UTC
tiktok;tt_camp_001;tt_adset_002;tt_ad_002;18.03.2024;2113.1538;96052;1440;446;392;2024-03-19 00:05:59 UTC
tiktok;tt_camp_001;tt_adset_002;tt_ad_002;19.03.2024;2119.2013;96326;1444;447;393;2024-03-19 00:20:00 UTC
tiktok;tt_camp_001;tt_adset_002;tt_ad_002;19.03.2024;2125.2487;96601;1448;448;394;2024-03-19 12:21:59 UTC
tiktok;tt_camp_001;tt_adset_002;tt_ad_002;19.03.2024;2131.2962;96876;1453;450;395;2024-03-20 00:02:59 UTC
tiktok;tt_camp_001;tt_adset_002;tt_ad_002;20.03.2024;2134.078;97002;1454;450;395;2024-03-20 04:06:00 UTC
tiktok;tt_camp_001;tt_adset_002;tt_ad_002;20.03.2024;2136.8599;97129;1456;451;396;2024-03-20 09:00:44 UTC
tiktok;tt_camp_001;tt_adset_002;tt_ad_002;20.03.2024;2139.6417;97255;1458;451;396;2024-03-20 14:12:29 UTC
tiktok;tt_camp_001;tt_adset_002;tt_ad_002;20.03.2024;2142.4236;97382;1460;452;397;2024-03-20 19:06:14 UTC
tiktok;tt_camp_001;tt_adset_002;tt_ad_002;20.03.2024;2145.2054;97509;1462;453;398;2024-03-21 00:01:59 UTC
tiktok;tt_camp_001;tt_adset_002;tt_ad_002;21.03.2024;2148.5432;97660;1464;453;398;2024-03-21 04:02:00 UTC
tiktok;tt_camp_001;tt_adset_002;tt_ad_002;21.03.2024;2151.881;97812;1466;454;399;2024-03-21 10:52:19 UTC
tiktok;tt_camp_001;tt_adset_002;tt_ad_002;21.03.2024;2155.2188;97963;1468;454;400;2024-03-21 17:19:39 UTC
tiktok;tt_camp_001;tt_adset_002;tt_ad_002;21.03.2024;2158.5566;98115;1471;455;401;2024-03-22 00:06:59 UTC
tiktok;tt_camp_001;tt_adset_002;tt_ad_002;22.03.2024;2160.184;98189;1472;455;401;2024-03-22 03:38:00 UTC
tiktok;tt_camp_001;tt_adset_002;tt_ad_002;22.03.2024;2161.8113;98263;1473;455;401;2024-03-22 13:49:59 UTC
tiktok;tt_camp_001;tt_adset_002;tt_ad_002;22.03.2024;2163.4387;98337;1475;456;401;2024-03-23 00:06:59 UTC
tiktok;tt_camp_001;tt_adset_002;tt_ad_002;23.03.2024;2181.3008;99149;1487;460;404;2024-03-23 02:15:00 UTC
tiktok;tt_camp_001;tt_adset_002;tt_ad_002;23.03.2024;2199.163;99961;1499;464;407;2024-03-23 13:12:59 UTC
tiktok;tt_camp_001;tt_adset_002;tt_ad_002;23.03.2024;2217.0251;100773;1511;468;411;2024-03-24 00:14:59 UTC
tiktok;tt_camp_001;tt_adset_002;tt_ad_002;24.03.2024;2227.9627;101270;1518;470;413;2024-03-24 02:53:00 UTC
tiktok;tt_camp_001;tt_adset_002;tt_ad_002;24.03.2024;2238.9002;101767;1525;472;415;2024-03-24 13:27:59 UTC
tiktok;tt_camp_001;tt_adset_002;tt_ad_002;24.03.2024;2249.8378;102265;1533;475;418;2024-03-25 00:00:59 UTC
tiktok;tt_camp_001;tt_adset_002;tt_ad_002;25.03.2024;2255.2951;102513;1536;476;419;2024-03-25 03:58:00 UTC
tiktok;tt_camp_001;tt_adset_002;tt_ad_002;25.03.2024;2260.7523;102761;1540;477;420;2024-03-25 08:50:59 UTC
tiktok;tt_camp_001;tt_adset_002;tt_ad_002;25.03.2024;2266.2096;103009;1544;478;421;2024-03-25 14:04:59 UTC
tiktok;tt_camp_001;tt_adset_002;tt_ad_002;25.03.2024;2271.6668;103257;1548;479;422;2024-03-25 19:07:59 UTC
tiktok;tt_camp_001;tt_adset_002;tt_ad_002;25.03.2024;2277.1241;103505;1552;480;423;2024-03-26 00:07:59 UTC
tiktok;tt_camp_001;tt_adset_002;tt_ad_002;26.03.2024;2280.3849;103653;1554;480;423;2024-03-26 00:59:00 UTC
tiktok;tt_camp_001;tt_adset_002;tt_ad_002;26.03.2024;2283.6457;103801;1556;481;424;2024-03-26 05:34:35 UTC
tiktok;tt_camp_001;tt_adset_002;tt_ad_002;26.03.2024;2286.9064;103949;1558;482;424;2024-03-26 10:15:11 UTC
tiktok;tt_camp_001;tt_adset_002;tt_ad_002;26.03.2024;2290.1672;104097;1560;483;425;2024-03-26 14:50:47 UTC
tiktok;tt_camp_001;tt_adset_002;tt_ad_002;26.03.2024;2293.428;104245;1562;484;425;2024-03-26 19:37:23 UTC
tiktok;tt_camp_001;tt_adset_002;tt_ad_002;26.03.2024;2296.6888;104394;1565;485;426;2024-03-27 00:02:59 UTC
tiktok;tt_camp_001;tt_adset_002;tt_ad_002;27.03.2024;2298.2303;104464;1566;485;426;2024-03-27 00:54:00 UTC
tiktok;tt_camp_001;tt_adset_002;tt_ad_002;27.03.2024;2299.7719;104534;1567;485;426;2024-03-27 05:31:11 UTC
tiktok;tt_camp_001;tt_adset_002;tt_ad_002;27.03.2024;2301.3134;104604;1568;486;427;2024-03-27 10:10:23 UTC
tiktok;tt_camp_001;tt_adset_002;tt_ad_002;27.03.2024;2302.8549;104674;1569;486;427;2024-03-27 14:45:35 UTC
tiktok;tt_camp_001;tt_adset_002;tt_ad_002;27.03.2024;2304.3965;104744;1570;486;427;2024-03-27 19:22:47 UTC
tiktok;tt_camp_001;tt_adset_002;tt_ad_002;27.03.2024;2305.938;104815;1572;487;428;2024-03-28 00:03:59 UTC
tiktok;tt_camp_001;tt_adset_002;tt_ad_002;28.03.2024;2307.8173;104900;1573;487;428;2024-03-28 03:06:00 UTC
tiktok;tt_camp_001;tt_adset_002;tt_ad_002;28.03.2024;2309.6967;104985;1574;487;428;2024-03-28 07:29:11 UTC
tiktok;tt_camp_001;tt_adset_002;tt_ad_002;28.03.2024;2311.576;105071;1575;488;429;2024-03-28 11:41:23 UTC
tiktok;tt_camp_001;tt_adset_002;tt_ad_002;28.03.2024;2313.4553;105156;1576;488;429;2024-03-28 15:45:35 UTC
tiktok;tt_camp_001;tt_adset_002;tt_ad_002;28.03.2024;2315.3347;105241;1577;488;429;2024-03-28 19:58:47 UTC
tiktok;tt_camp_001;tt_adset_002;tt_ad_002;28.03.2024;2317.214;105327;1579;489;430;2024-03-29 00:08:59 UTC
tiktok;tt_camp_001;tt_adset_002;tt_ad_002;29.03.2024;2319.0415;105410;1580;489;430;2024-03-29 01:48:00 UTC
tiktok;tt_camp_001;tt_adset_002;tt_ad_002;29.03.2024;2320.869;105493;1581;489;430;2024-03-29 12:57:29 UTC
tiktok;tt_camp_001;tt_adset_002;tt_ad_002;29.03.2024;2322.6965;105576;1583;490;431;2024-03-30 00:06:59 UTC
tiktok;tt_camp_001;tt_adset_002;tt_ad_002;30.03.2024;2326.8665;105765;1586;491;431;2024-03-30 02:25:00 UTC
tiktok;tt_camp_001;tt_adset_002;tt_ad_002;30.03.2024;2331.0365;105955;1589;492;432;2024-03-30 13:14:29 UTC
tiktok;tt_camp_001;tt_adset_002;tt_ad_002;30.03.2024;2335.2065;106145;1592;493;433;2024-03-31 00:02:59 UTC
tiktok;tt_camp_001;tt_adset_002;tt_ad_002;31.03.2024;2337.9071;106267;1593;493;433;2024-03-31 02:13:00 UTC
tiktok;tt_camp_001;tt_adset_002;tt_ad_002;31.03.2024;2340.6076;106390;1595;493;434;2024-03-31 13:10:59 UTC
tiktok;tt_camp_001;tt_adset_002;tt_ad_002;31.03.2024;2343.3082;106513;1597;494;435;2024-04-01 00:08:59 UTC
tiktok;tt_camp_001;tt_adset_002;tt_ad_002;01.04.2024;2364.6499;107483;1611;498;439;2024-04-01 04:03:00 UTC
tiktok;tt_camp_001;tt_adset_002;tt_ad_002;01.04.2024;2385.9916;108453;1626;503;443;2024-04-01 13:58:29 UTC
tiktok;tt_camp_001;tt_adset_002;tt_ad_002;01.04.2024;2407.3333;109423;1641;508;447;2024-04-02 00:10:59 UTC
tiktok;tt_camp_001;tt_adset_002;tt_ad_002;02.04.2024;2414.0059;109726;1645;509;448;2024-04-02 02:28:00 UTC
tiktok;tt_camp_001;tt_adset_002;tt_ad_002;02.04.2024;2420.6784;110029;1650;510;449;2024-04-02 06:37:47 UTC
tiktok;tt_camp_001;tt_adset_002;tt_ad_002;02.04.2024;2427.351;110333;1654;512;450;2024-04-02 11:03:35 UTC
tiktok;tt_camp_001;tt_adset_002;tt_ad_002;02.04.2024;2434.0236;110636;1659;513;451;2024-04-02 15:31:23 UTC
tiktok;tt_camp_001;tt_adset_002;tt_ad_002;02.04.2024;2440.6961;110939;1663;514;452;2024-04-02 19:41:11 UTC
tiktok;tt_camp_001;tt_adset_002;tt_ad_002;02.04.2024;2447.3687;111243;1668;516;454;2024-04-03 00:05:59 UTC
tiktok;tt_camp_001;tt_adset_002;tt_ad_002;03.04.2024;2453.1091;111504;1672;517;455;2024-04-03 00:59:00 UTC
tiktok;tt_camp_001;tt_adset_002;tt_ad_002;03.04.2024;2458.8496;111765;1676;518;456;2024-04-03 08:44:39 UTC
tiktok;tt_camp_001;tt_adset_002;tt_ad_002;03.04.2024;2464.59;112026;1680;519;457;2024-04-03 16:29:19 UTC
tiktok;tt_camp_001;tt_adset_002;tt_ad_002;03.04.2024;2470.3304;112287;1684;521;458;2024-04-04 00:05:59 UTC
tiktok;tt_camp_001;tt_adset_002;tt_ad_002;04.04.2024;2472.8741;112402;1685;521;458;2024-04-04 00:31:00 UTC
tiktok;tt_camp_001;tt_adset_002;tt_ad_002;04.04.2024;2475.4178;112518;1687;522;459;2024-04-04 08:20:39 UTC
tiktok;tt_camp_001;tt_adset_002;tt_ad_002;04.04.2024;2477.9616;112633;1689;522;459;2024-04-04 16:21:19 UTC
tiktok;tt_camp_001;tt_adset_002;tt_ad_002;04.04.2024;2480.5053;112749;1691;523;460;2024-04-05 00:10:59 UTC
tiktok;tt_camp_001;tt_adset_002;tt_ad_002;05.04.2024;2482.6287;112845;1692;523;460;2024-04-05 03:52:00 UTC
tiktok;tt_camp_001;tt_adset_002;tt_ad_002;05.04.2024;2484.7521;112942;1693;524;461;2024-04-05 10:40:19 UTC
tiktok;tt_camp_001;tt_adset_002;tt_ad_002;05.04.2024;2486.8755;113038;1694;524;461;2024-04-05 17:17:39 UTC
tiktok;tt_camp_001;tt_adset_002;tt_ad_002;05.04.2024;2488.9989;113135;1696;525;462;2024-04-06 00:12:59 UTC
tiktok;tt_camp_001;tt_adset_002;tt_ad_002;06.04.2024;2493.6496;113346;1699;526;462;2024-04-06 00:58:00 UTC
tiktok;tt_camp_001;tt_adset_002;tt_ad_002;06.04.2024;2498.3003;113558;1702;527;463;2024-04-06 08:37:59 UTC
tiktok;tt_camp_001;tt_adset_002;tt_ad_002;06.04.2024;2502.9509;113769;1705;528;464;2024-04-06 16:15:59 UTC
tiktok;tt_camp_001;tt_adset_002;tt_ad_002;06.04.2024;2507.6016;113981;1709;529;465;2024-04-07 00:04:59 UTC
tiktok;tt_camp_001;tt_adset_002;tt_ad_002;07.04.2024;2517.8944;114448;1716;531;467;2024-04-07 00:54:00 UTC
tiktok;tt_camp_001;tt_adset_002;tt_ad_002;07.04.2024;2528.1871;114916;1723;533;469;2024-04-07 08:48:19 UTC
tiktok;tt_camp_001;tt_adset_002;tt_ad_002;07.04.2024;2538.4799;115384;1730;535;471;2024-04-07 16:17:39 UTC
tiktok;tt_camp_001;tt_adset_002;tt_ad_002;07.04.2024;2548.7727;115852;1737;538;473;2024-04-08 00:05:59 UTC
tiktok;tt_camp_001;tt_adset_002;tt_ad_002;08.04.2024;2549.9013;115903;1737;538;473;2024-04-08 04:01:00 UTC
tiktok;tt_camp_001;tt_adset_002;tt_ad_002;08.04.2024;2551.0299;115954;1738;538;473;2024-04-08 09:01:59 UTC
tiktok;tt_camp_001;tt_adset_002;tt_ad_002;08.04.2024;2552.1586;116006;1739;538;473;2024-04-08 14:00:59 UTC
tiktok;tt_camp_001;tt_adset_002;tt_ad_002;08.04.2024;2553.2872;116057;1740;538;473;2024-04-08 18:58:59 UTC
tiktok;tt_camp_001;tt_adset_002;tt_ad_002;08.04.2024;2554.4158;116109;1741;539;474;2024-04-09 00:12:59 UTC
tiktok;tt_camp_001;tt_adset_002;tt_ad_002;09.04.2024;2562.544;116478;1746;540;475;2024-04-09 02:36:00 UTC
tiktok;tt_camp_001;tt_adset_002;tt_ad_002;09.04.2024;2570.6722;116848;1752;542;477;2024-04-09 09:47:39 UTC
tiktok;tt_camp_001;tt_adset_002;tt_ad_002;09.04.2024;2578.8005;117217;1757;544;478;2024-04-09 16:48:19 UTC
tiktok;tt_camp_001;tt_adset_002;tt_ad_002;09.04.2024;2586.9287;117587;1763;546;480;2024-04-10 00:13:59 UTC
tiktok;tt_camp_001;tt_adset_002;tt_ad_002;10.04.2024;2589.4212;117700;1764;546;480;2024-04-10 02:20:00 UTC
tiktok;tt_camp_001;tt_adset_002;tt_ad_002;10.04.2024;2591.9138;117813;1766;546;480;2024-04-10 07:41:14 UTC
tiktok;tt_camp_001;tt_adset_002;tt_ad_002;10.04.2024;2594.4063;117926;1768;547;481;2024-04-10 13:10:29 UTC
tiktok;tt_camp_001;tt_adset_002;tt_ad_002;10.04.2024;2596.8989;118039;1770;547;481;2024-04-10 18:46:44 UTC
tiktok;tt_camp_001;tt_adset_002;tt_ad_002;10.04.2024;2599.3914;118153;1772;548;482;2024-04-11 00:06:59 UTC
tiktok;tt_camp_001;tt_adset_002;tt_ad_002;11.04.2024;2601.801;118262;1773;548;482;2024-04-11 03:24:00 UTC
tiktok;tt_camp_001;tt_adset_002;tt_ad_002;11.04.2024;2604.2107;118372;1775;549;483;2024-04-11 07:36:47 UTC
tiktok;tt_camp_001;tt_adset_002;tt_ad_002;11.04.2024;2606.6203;118481;1777;550;483;2024-04-11 11:48:35 UTC
tiktok;tt_camp_001;tt_adset_002;tt_ad_002;11.04.2024;2609.0299;118591;1778;550;484;2024-04-11 15:52:23 UTC
tiktok;tt_camp_001;tt_adset_002;tt_ad_002;11.04.2024;2611.4396;118700;1780;551;484;2024-04-11 19:58:11 UTC
tiktok;tt_camp_001;tt_adset_002;tt_ad_002;11.04.2024;2613.8492;118810;1782;552;485;2024-04-12 00:14:59 UTC
tiktok;tt_camp_001;tt_adset_002;tt_ad_002;12.04.2024;2618.3417;119014;1785;552;485;2024-04-12 00:53:00 UTC
tiktok;tt_camp_001;tt_adset_002;tt_ad_002;12.04.2024;2622.8341;119218;1788;553;486;2024-04-12 06:36:29 UTC
tiktok;tt_camp_001;tt_adset_002;tt_ad_002;12.04.2024;2627.3266;119422;1791;554;487;2024-04-12 12:29:59 UTC
tiktok;tt_camp_001;tt_adset_002;tt_ad_002;12.04.2024;2631.819;119626;1794;555;488;2024-04-12 18:21:29 UTC
tiktok;tt_camp_001;tt_adset_002;tt_ad_002;12.04.2024;2636.3115;119831;1797;556;489;2024-04-13 00:13:59 UTC
tiktok;tt_camp_001;tt_adset_002;tt_ad_002;13.04.2024;2638.9329;119950;1798;556;489;2024-04-13 02:22:00 UTC
tiktok;tt_camp_001;tt_adset_002;tt_ad_002;13.04.2024;2641.5542;120069;1800;557;490;2024-04-13 09:35:19 UTC
tiktok;tt_camp_001;tt_adset_002;tt_ad_002;13.04.2024;2644.1756;120188;1802;558;490;2024-04-13 16:52:39 UTC
tiktok;tt_camp_001;tt_adset_002;tt_ad_002;13.04.2024;2646.797;120308;1804;559;491;2024-04-14 00:10:59 UTC
tiktok;tt_camp_001;tt_adset_002;tt_ad_002;14.04.2024;2650.3721;120470;1806;559;491;2024-04-14 02:38:00 UTC
tiktok;tt_camp_001;tt_adset_002;tt_ad_002;14.04.2024;2653.9473;120633;1808;560;492;2024-04-14 08:02:59 UTC
tiktok;tt_camp_001;tt_adset_002;tt_ad_002;14.04.2024;2657.5224;120795;1811;560;493;2024-04-14 13:20:59 UTC
tiktok;tt_camp_001;tt_adset_002;tt_ad_002;14.04.2024;2661.0976;120958;1813;561;494;2024-04-14 18:39:59 UTC
tiktok;tt_camp_001;tt_adset_002;tt_ad_002;14.04.2024;2664.6727;121121;1816;562;495;2024-04-15 00:11:59 UTC
tiktok;tt_camp_001;tt_adset_002;tt_ad_002;15.04.2024;2666.2916;121194;1817;562;495;2024-04-15 02:29:00 UTC
tiktok;tt_camp_001;tt_adset_002;tt_ad_002;15.04.2024;2667.9104;121268;1818;562;495;2024-04-15 06:58:23 UTC
tiktok;tt_camp_001;tt_adset_002;tt_ad_002;15.04.2024;2669.5292;121341;1819;563;495;2024-04-15 11:18:47 UTC
tiktok;tt_camp_001;tt_adset_002;tt_ad_002;15.04.2024;2671.1481;121415;1820;563;495;2024-04-15 15:38:11 UTC
tiktok;tt_camp_001;tt_adset_002;tt_ad_002;15.04.2024;2672.767;121488;1821;563;495;2024-04-15 19:47:35 UTC
tiktok;tt_camp_001;tt_adset_002;tt_ad_002;15.04.2024;2674.3858;121562;1823;564;496;2024-04-16 00:09:59 UTC
tiktok;tt_camp_001;tt_adset_002;tt_ad_002;16.04.2024;2676.609;121663;1824;564;496;2024-04-16 02:53:00 UTC
tiktok;tt_camp_001;tt_adset_002;tt_ad_002;16.04.2024;2678.8323;121764;1826;565;497;2024-04-16 06:56:59 UTC
tiktok;tt_camp_001;tt_adset_002;tt_ad_002;16.04.2024;2681.0556;121865;1827;565;497;2024-04-16 11:13:59 UTC
tiktok;tt_camp_001;tt_adset_002;tt_ad_002;16.04.2024;2683.2788;121966;1829;566;498;2024-04-16 15:38:59 UTC
tiktok;tt_camp_001;tt_adset_002;tt_ad_002;16.04.2024;2685.502;122067;1830;566;498;2024-04-16 19:54:59 UTC
tiktok;tt_camp_001;tt_adset_002;tt_ad_002;16.04.2024;2687.7253;122168;1832;567;499;2024-04-17 00:06:59 UTC
tiktok;tt_camp_001;tt_adset_002;tt_ad_002;17.04.2024;2695.1113;122503;1837;568;500;2024-04-17 01:04:00 UTC
tiktok;tt_camp_001;tt_adset_002;tt_ad_002;17.04.2024;2702.4974;122839;1842;570;501;2024-04-17 06:59:44 UTC
tiktok;tt_camp_001;tt_adset_002;tt_ad_002;17.04.2024;2709.8834;123175;1847;571;503;2024-04-17 12:40:29 UTC
tiktok;tt_camp_001;tt_adset_002;tt_ad_002;17.04.2024;2717.2695;123511;1852;573;504;2024-04-17 18:26:14 UTC
tiktok;tt_camp_001;tt_adset_002;tt_ad_002;17.04.2024;2724.6555;123847;1857;575;506;2024-04-18 00:12:59 UTC
tiktok;tt_camp_001;tt_adset_002;tt_ad_002;18.04.2024;2728.5466;124023;1859;575;506;2024-04-18 00:10:00 UTC
tiktok;tt_camp_001;tt_adset_002;tt_ad_002;18.04.2024;2732.4378;124200;1862;576;507;2024-04-18 04:58:23 UTC
tiktok;tt_camp_001;tt_adset_002;tt_ad_002;18.04.2024;2736.3289;124377;1865;577;508;2024-04-18 09:53:47 UTC
tiktok;tt_camp_001;tt_adset_002;tt_ad_002;18.04.2024;2740.22;124554;1867;578;508;2024-04-18 14:38:11 UTC
tiktok;tt_camp_001;tt_adset_002;tt_ad_002;18.04.2024;2744.1112;124731;1870;579;509;2024-04-18 19:19:35 UTC
tiktok;tt_camp_001;tt_adset_002;tt_ad_002;18.04.2024;2748.0023;124908;1873;580;510;2024-04-19 00:05:59 UTC
tiktok;tt_camp_001;tt_adset_002;tt_ad_002;19.04.2024;2754.1414;125187;1877;581;511;2024-04-19 00:41:00 UTC
tiktok;tt_camp_001;tt_adset_002;tt_ad_002;19.04.2024;2760.2805;125466;1881;582;512;2024-04-19 05:29:23 UTC
tiktok;tt_camp_001;tt_adset_002;tt_ad_002;19.04.2024;2766.4196;125745;1885;584;513;2024-04-19 10:06:47 UTC
tiktok;tt_camp_001;tt_adset_002;tt_ad_002;19.04.2024;2772.5586;126024;1889;585;514;2024-04-19 14:45:11 UTC
tiktok;tt_camp_001;tt_adset_002;tt_ad_002;19.04.2024;2778.6977;126303;1893;586;515;2024-04-19 19:25:35 UTC
tiktok;tt_camp_001;tt_adset_002;tt_ad_002;19.04.2024;2784.8368;126583;1898;588;517;2024-04-20 00:07:59 UTC
tiktok;tt_camp_001;tt_adset_002;tt_ad_002;20.04.2024;2788.9448;126769;1901;588;517;2024-04-20 01:39:00 UTC
tiktok;tt_camp_001;tt_adset_002;tt_ad_002;20.04.2024;2793.0529;126956;1904;589;518;2024-04-20 12:53:29 UTC
tiktok;tt_camp_001;tt_adset_002;tt_ad_002;20.04.2024;2797.1609;127143;1907;590;519;2024-04-21 00:05:59 UTC
tiktok;tt_camp_001;tt_adset_002;tt_ad_002;21.04.2024;2803.6971;127440;1911;591;520;2024-04-21 01:08:00 UTC
tiktok;tt_camp_001;tt_adset_002;tt_ad_002;21.04.2024;2810.2333;127737;1915;592;521;2024-04-21 07:02:14 UTC
tiktok;tt_camp_001;tt_adset_002;tt_ad_002;21.04.2024;2816.7696;128034;1920;594;522;2024-04-21 12:36:29 UTC
tiktok;tt_camp_001;tt_adset_002;tt_ad_002;21.04.2024;2823.3058;128331;1924;595;523;2024-04-21 18:24:44 UTC
tiktok;tt_camp_001;tt_adset_002;tt_ad_002;21.04.2024;2829.842;128628;1929;597;525;2024-04-22 00:08:59 UTC
tiktok;tt_camp_001;tt_adset_002;tt_ad_002;22.04.2024;2830.5448;128660;1929;597;525;2024-04-22 00:29:00 UTC
tiktok;tt_camp_001;tt_adset_002;tt_ad_002;22.04.2024;2831.2477;128692;1930;597;525;2024-04-22 05:05:47 UTC
tiktok;tt_camp_001;tt_adset_002;tt_ad_002;22.04.2024;2831.9505;128724;1930;597;525;2024-04-22 09:57:35 UTC
tiktok;tt_camp_001;tt_adset_002;tt_ad_002;22.04.2024;2832.6533;128756;1931;597;525;2024-04-22 14:38:23 UTC
tiktok;tt_camp_001;tt_adset_002;tt_ad_002;22.04.2024;2833.3562;128788;1931;597;525;2024-04-22 19:19:11 UTC
tiktok;tt_camp_001;tt_adset_002;tt_ad_002;22.04.2024;2834.059;128820;1932;598;526;2024-04-23 00:09:59 UTC
tiktok;tt_camp_001;tt_adset_002;tt_ad_002;23.04.2024;2838.55;129024;1935;599;526;2024-04-23 03:14:00 UTC
tiktok;tt_camp_001;tt_adset_002;tt_ad_002;23.04.2024;2843.0409;129228;1938;600;527;2024-04-23 08:26:59 UTC
tiktok;tt_camp_001;tt_adset_002;tt_ad_002;23.04.2024;2847.5319;129432;1941;601;528;2024-04-23 13:49:59 UTC
tiktok;tt_camp_001;tt_adset_002;tt_ad_002;23.04.2024;2852.0228;129636;1944;602;529;2024-04-23 18:49:59 UTC
tiktok;tt_camp_001;tt_adset_002;tt_ad_002;23.04.2024;2856.5138;129841;1947;603;530;2024-04-24 00:07:59 UTC
tiktok;tt_camp_001;tt_adset_002;tt_ad_002;24.04.2024;2865.0649;130229;1952;604;531;2024-04-24 03:18:00 UTC
tiktok;tt_camp_001;tt_adset_002;tt_ad_002;24.04.2024;2873.616;130618;1958;606;533;2024-04-24 10:14:19 UTC
tiktok;tt_camp_001;tt_adset_002;tt_ad_002;24.04.2024;2882.167;131006;1964;608;535;2024-04-24 17:15:39 UTC
tiktok;tt_camp_001;tt_adset_002;tt_ad_002;24.04.2024;2890.7181;131395;1970;610;537;2024-04-25 00:05:59 UTC
tiktok;tt_camp_001;tt_adset_002;tt_ad_002;25.04.2024;2891.5238;131431;1970;610;537;2024-04-25 00:44:00 UTC
tiktok;tt_camp_001;tt_adset_002;tt_ad_002;25.04.2024;2892.3295;131468;1971;610;537;2024-04-25 06:31:14 UTC
tiktok;tt_camp_001;tt_adset_002;tt_ad_002;25.04.2024;2893.1351;131504;1971;610;537;2024-04-25 12:32:29 UTC
tiktok;tt_camp_001;tt_adset_002;tt_ad_002;25.04.2024;2893.9408;131541;1972;610;537;2024-04-25 18:13:44 UTC
tiktok;tt_camp_001;tt_adset_002;tt_ad_002;25.04.2024;2894.7465;131578;1973;611;537;2024-04-26 00:13:59 UTC
tiktok;tt_camp_001;tt_adset_002;tt_ad_002;26.04.2024;2897.8587;131719;1975;611;537;2024-04-26 01:56:00 UTC
tiktok;tt_camp_001;tt_adset_002;tt_ad_002;26.04.2024;2900.9709;131861;1977;612;538;2024-04-26 09:22:19 UTC
tiktok;tt_camp_001;tt_adset_002;tt_ad_002;26.04.2024;2904.0831;132002;1979;612;539;2024-04-26 16:40:39 UTC
tiktok;tt_camp_001;tt_adset_002;tt_ad_002;26.04.2024;2907.1953;132144;1982;613;540;2024-04-27 00:01:59 UTC
tiktok;tt_camp_001;tt_adset_002;tt_ad_002;27.04.2024;2912.8061;132399;1985;614;541;2024-04-27 01:28:00 UTC
tiktok;tt_camp_001;tt_adset_002;tt_ad_002;27.04.2024;2918.4168;132654;1989;615;542;2024-04-27 08:57:59 UTC
tiktok;tt_camp_001;tt_adset_002;tt_ad_002;27.04.2024;2924.0276;132909;1993;616;543;2024-04-27 16:25:59 UTC
tiktok;tt_camp_001;tt_adset_002;tt_ad_002;27.04.2024;2929.6384;133164;1997;618;544;2024-04-28 00:05:59 UTC
tiktok;tt_camp_001;tt_adset_002;tt_ad_002;28.04.2024;2938.2919;133557;2002;619;545;2024-04-28 04:00:00 UTC
tiktok;tt_camp_001;tt_adset_002;tt_ad_002;28.04.2024;2946.9454;133950;2008;621;547;2024-04-28 08:56:14 UTC
tiktok;tt_camp_001;tt_adset_002;tt_ad_002;28.04.2024;2955.5989;134344;2014;623;548;2024-04-28 14:05:29 UTC
tiktok;tt_camp_001;tt_adset_002;tt_ad_002;28.04.2024;2964.2524;134737;2020;625;550;2024-04-28 19:12:44 UTC
tiktok;tt_camp_001;tt_adset_002;tt_ad_002;28.04.2024;2972.9059;135131;2026;627;552;2024-04-29 00:01:59 UTC
tiktok;tt_camp_001;tt_adset_002;tt_ad_002;29.04.2024;2977.3519;135333;2029;628;552;2024-04-29 02:37:00 UTC
tiktok;tt_camp_001;tt_adset_002;tt_ad_002;29.04.2024;2981.798;135535;2032;629;553;2024-04-29 13:24:29 UTC
tiktok;tt_camp_001;tt_adset_002;tt_ad_002;29.04.2024;2986.244;135737;2036;630;554;2024-04-30 00:07:59 UTC
tiktok;tt_camp_001;tt_adset_002;tt_ad_002;30.04.2024;2991.5422;135977;2039;631;555;2024-04-30 04:02:00 UTC
tiktok;tt_camp_001;tt_adset_002;tt_ad_002;30.04.2024;2996.8404;136218;2043;632;556;2024-04-30 07:55:35 UTC
tiktok;tt_camp_001;tt_adset_002;tt_ad_002;30.04.2024;3002.1386;136459;2046;633;557;2024-04-30 11:58:11 UTC
tiktok;tt_camp_001;tt_adset_002;tt_ad_002;30.04.2024;3007.4368;136700;2050;634;558;2024-04-30 16:02:47 UTC
tiktok;tt_camp_001;tt_adset_002;tt_ad_002;30.04.2024;3012.735;136941;2053;635;559;2024-04-30 20:09:23 UTC
tiktok;tt_camp_001;tt_adset_002;tt_ad_002;30.04.2024;3018.0332;137182;2057;637;560;2024-05-01 00:01:59 UTC
tiktok;tt_camp_001;tt_adset_002;tt_ad_002;01.05.2024;3027.3517;137605;2063;639;561;2024-05-01 03:52:00 UTC
tiktok;tt_camp_001;tt_adset_002;tt_ad_002;01.05.2024;3036.6702;138029;2069;641;563;2024-05-01 07:52:23 UTC
tiktok;tt_camp_001;tt_adset_002;tt_ad_002;01.05.2024;3045.9887;138453;2076;643;565;2024-05-01 11:52:47 UTC
tiktok;tt_camp_001;tt_adset_002;tt_ad_002;01.05.2024;3055.3071;138876;2082;645;567;2024-05-01 16:08:11 UTC
tiktok;tt_camp_001;tt_adset_002;tt_ad_002;01.05.2024;3064.6256;139300;2088;647;569;2024-05-01 20:10:35 UTC
tiktok;tt_camp_001;tt_adset_002;tt_ad_002;01.05.2024;3073.9441;139724;2095;649;571;2024-05-02 00:12:59 UTC
tiktok;tt_camp_001;tt_adset_002;tt_ad_002;02.05.2024;3082.1501;140097;2100;650;572;2024-05-02 01:36:00 UTC
tiktok;tt_camp_001;tt_adset_002;tt_ad_002;02.05.2024;3090.3562;140470;2106;652;574;2024-05-02 09:12:59 UTC
tiktok;tt_camp_001;tt_adset_002;tt_ad_002;02.05.2024;3098.5622;140843;2112;654;575;2024-05-02 16:42:59 UTC
tiktok;tt_camp_001;tt_adset_002;tt_ad_002;02.05.2024;3106.7682;141216;2118;656;577;2024-05-03 00:00:59 UTC
tiktok;tt_camp_001;tt_adset_002;tt_ad_002;03.05.2024;3112.9051;141495;2122;657;578;2024-05-03 01:22:00 UTC
tiktok;tt_camp_001;tt_adset_002;tt_ad_002;03.05.2024;3119.042;141774;2126;658;579;2024-05-03 12:42:29 UTC
tiktok;tt_camp_001;tt_adset_002;tt_ad_002;03.05.2024;3125.1789;142053;2130;660;580;2024-05-04 00:05:59 UTC
tiktok;tt_camp_001;tt_adset_002;tt_ad_002;04.05.2024;3132.2976;142376;2135;661;581;2024-05-04 02:48:00 UTC
tiktok;tt_camp_001;tt_adset_002;tt_ad_002;04.05.2024;3139.4164;142700;2140;663;582;2024-05-04 09:46:59 UTC
tiktok;tt_camp_001;tt_adset_002;tt_ad_002;04.05.2024;3146.5351;143023;2145;664;583;2024-05-04 17:04:59 UTC
tiktok;tt_camp_001;tt_adset_002;tt_ad_002;04.05.2024;3153.6538;143347;2150;666;585;2024-05-05 00:01:59 UTC
tiktok;tt_camp_001;tt_adset_002;tt_ad_002;05.05.2024;3156.2562;143465;2151;666;585;2024-05-05 01:49:00 UTC
tiktok;tt_camp_001;tt_adset_002;tt_ad_002;05.05.2024;3158.8586;143583;2153;666;586;2024-05-05 07:19:59 UTC
tiktok;tt_camp_001;tt_adset_002;tt_ad_002;05.05.2024;3161.4609;143701;2155;667;586;2024-05-05 12:52:59 UTC
tiktok;tt_camp_001;tt_adset_002;tt_ad_002;05.05.2024;3164.0633;143819;2157;667;587;2024-05-05 18:35:59 UTC
tiktok;tt_camp_001;tt_adset_002;tt_ad_002;05.05.2024;3166.6657;143938;2159;668;588;2024-05-06 00:04:59 UTC
tiktok;tt_camp_001;tt_adset_002;tt_ad_002;06.05.2024;3174.3733;144288;2164;669;589;2024-05-06 01:47:00 UTC
tiktok;tt_camp_001;tt_adset_002;tt_ad_002;06.05.2024;3182.081;144638;2169;671;590;2024-05-06 12:51:29 UTC
tiktok;tt_camp_001;tt_adset_002;tt_ad_002;06.05.2024;3189.7886;144989;2174;673;592;2024-05-07 00:02:59 UTC
tiktok;tt_camp_001;tt_adset_002;tt_ad_002;07.05.2024;3193.6152;145163;2176;673;592;2024-05-07 01:06:00 UTC
tiktok;tt_camp_001;tt_adset_002;tt_ad_002;07.05.2024;3197.4418;145337;2179;674;593;2024-05-07 06:39:59 UTC
tiktok;tt_camp_001;tt_adset_002;tt_ad_002;07.05.2024;3201.2683;145511;2181;675;594;2024-05-07 12:27:59 UTC
tiktok;tt_camp_001;tt_adset_002;tt_ad_002;07.05.2024;3205.0949;145685;2184;676;595;2024-05-07 18:13:59 UTC
tiktok;tt_camp_001;tt_adset_002;tt_ad_002;07.05.2024;3208.9215;145859;2187;677;596;2024-05-08 00:10:59 UTC
tiktok;tt_camp_001;tt_adset_002;tt_ad_002;08.05.2024;3214.4825;146111;2190;678;597;2024-05-08 01:59:00 UTC
tiktok;tt_camp_001;tt_adset_002;tt_ad_002;08.05.2024;3220.0435;146364;2194;679;598;2024-05-08 07:28:44 UTC
tiktok;tt_camp_001;tt_adset_002;tt_ad_002;08.05.2024;3225.6046;146617;2198;680;599;2024-05-08 13:04:29 UTC
tiktok;tt_camp_001;tt_adset_002;tt_ad_002;08.05.2024;3231.1656;146870;2202;681;600;2024-05-08 18:38:14 UTC
tiktok;tt_camp_001;tt_adset_002;tt_ad_002;08.05.2024;3236.7266;147123;2206;683;601;2024-05-09 00:00:59 UTC
tiktok;tt_camp_001;tt_adset_002;tt_ad_002;09.05.2024;3239.3005;147240;2207;683;601;2024-05-09 02:46:00 UTC
tiktok;tt_camp_001;tt_adset_002;tt_ad_002;09.05.2024;3241.8744;147357;2209;684;602;2024-05-09 07:04:47 UTC
tiktok;tt_camp_001;tt_adset_002;tt_ad_002;09.05.2024;3244.4482;147474;2211;684;602;2024-05-09 11:16:35 UTC
tiktok;tt_camp_001;tt_adset_002;tt_ad_002;09.05.2024;3247.0221;147591;2213;685;603;2024-05-09 15:41:23 UTC
tiktok;tt_camp_001;tt_adset_002;tt_ad_002;09.05.2024;3249.596;147708;2215;685;603;2024-05-09 19:57:11 UTC
tiktok;tt_camp_001;tt_adset_002;tt_ad_002;09.05.2024;3252.1699;147825;2217;686;604;2024-05-10 00:10:59 UTC
tiktok;tt_camp_001;tt_adset_002;tt_ad_002;10.05.2024;3256.9943;148044;2220;687;604;2024-05-10 02:31:00 UTC
tiktok;tt_camp_001;tt_adset_002;tt_ad_002;10.05.2024;3261.8188;148263;2223;688;605;2024-05-10 06:59:11 UTC
tiktok;tt_camp_001;tt_adset_002;tt_ad_002;10.05.2024;3266.6432;148483;2227;689;606;2024-05-10 11:06:23 UTC
tiktok;tt_camp_001;tt_adset_002;tt_ad_002;10.05.2024;3271.4676;148702;2230;690;607;2024-05-10 15:26:35 UTC
tiktok;tt_camp_001;tt_adset_002;tt_ad_002;10.05.2024;3276.2921;148921;2233;691;608;2024-05-10 19:49:47 UTC
tiktok;tt_camp_001;tt_adset_002;tt_ad_002;10.05.2024;3281.1165;149141;2237;692;609;2024-05-11 00:06:59 UTC
tiktok;tt_camp_001;tt_adset_002;tt_ad_002;11.05.2024;3283.6701;149257;2238;692;609;2024-05-11 03:19:00 UTC
tiktok;tt_camp_001;tt_adset_002;tt_ad_002;11.05.2024;3286.2237;149373;2240;693;610;2024-05-11 07:32:23 UTC
tiktok;tt_camp_001;tt_adset_002;tt_ad_002;11.05.2024;3288.7774;149489;2242;694;610;2024-05-11 11:34:47 UTC
tiktok;tt_camp_001;tt_adset_002;tt_ad_002;11.05.2024;3291.331;149605;2243;694;611;2024-05-11 15:47:11 UTC
tiktok;tt_camp_001;tt_adset_002;tt_ad_002;11.05.2024;3293.8846;149721;2245;695;611;2024-05-11 20:04:35 UTC
tiktok;tt_camp_001;tt_adset_002;tt_ad_002;11.05.2024;3296.4382;149837;2247;696;612;2024-05-12 00:11:59 UTC
tiktok;tt_camp_001;tt_adset_002;tt_ad_002;12.05.2024;3304.3923;150198;2252;697;613;2024-05-12 02:28:00 UTC
tiktok;tt_camp_001;tt_adset_002;tt_ad_002;12.05.2024;3312.3464;150560;2257;699;614;2024-05-12 08:01:44 UTC
tiktok;tt_camp_001;tt_adset_002;tt_ad_002;12.05.2024;3320.3004;150921;2263;700;616;2024-05-12 13:18:29 UTC
tiktok;tt_camp_001;tt_adset_002;tt_ad_002;12.05.2024;3328.2545;151283;2268;702;617;2024-05-12 18:45:14 UTC
tiktok;tt_camp_001;tt_adset_002;tt_ad_002;12.05.2024;3336.2086;151645;2274;704;619;2024-05-13 00:08:59 UTC
tiktok;tt_camp_001;tt_adset_002;tt_ad_002;13.05.2024;3341.749;151896;2277;705;620;2024-05-13 02:23:00 UTC
tiktok;tt_camp_001;tt_adset_002;tt_ad_002;13.05.2024;3347.2895;152148;2281;706;621;2024-05-13 13:09:29 UTC
tiktok;tt_camp_001;tt_adset_002;tt_ad_002;13.05.2024;3352.8299;152400;2285;708;622;2024-05-14 00:04:59 UTC
tiktok;tt_camp_001;tt_adset_002;tt_ad_002;14.05.2024;3353.2134;152417;2285;708;622;2024-05-14 01:11:00 UTC
tiktok;tt_camp_001;tt_adset_002;tt_ad_002;14.05.2024;3353.5969;152435;2285;708;622;2024-05-14 05:44:11 UTC
tiktok;tt_camp_001;tt_adset_002;tt_ad_002;14.05.2024;3353.9804;152452;2286;708;622;2024-05-14 10:22:23 UTC
tiktok;tt_camp_001;tt_adset_002;tt_ad_002;14.05.2024;3354.3638;152470;2286;708;622;2024-05-14 14:58:35 UTC
tiktok;tt_camp_001;tt_adset_002;tt_ad_002;14.05.2024;3354.7473;152487;2286;708;622;2024-05-14 19:39:47 UTC
tiktok;tt_camp_001;tt_adset_002;tt_ad_002;14.05.2024;3355.1308;152505;2287;708;623;2024-05-15 00:09:59 UTC
tiktok;tt_camp_001;tt_adset_002;tt_ad_002;15.05.2024;3356.5905;152571;2288;708;623;2024-05-15 02:10:00 UTC
tiktok;tt_camp_001;tt_adset_002;tt_ad_002;15.05.2024;3358.0503;152637;2289;708;623;2024-05-15 06:22:59 UTC
tiktok;tt_camp_001;tt_adset_002;tt_ad_002;15.05.2024;3359.51;152704;2290;709;624;2024-05-15 10:58:59 UTC
tiktok;tt_camp_001;tt_adset_002;tt_ad_002;15.05.2024;3360.9697;152770;2291;709;624;2024-05-15 15:15:59 UTC
tiktok;tt_camp_001;tt_adset_002;tt_ad_002;15.05.2024;3362.4295;152836;2292;709;624;2024-05-15 19:49:59 UTC
tiktok;tt_camp_001;tt_adset_002;tt_ad_002;15.05.2024;3363.8892;152903;2293;710;625;2024-05-16 00:09:59 UTC
tiktok;tt_camp_001;tt_adset_002;tt_ad_002;16.05.2024;3368.279;153102;2296;711;625;2024-05-16 01:51:00 UTC
tiktok;tt_camp_001;tt_adset_002;tt_ad_002;16.05.2024;3372.6688;153302;2299;712;626;2024-05-16 07:28:59 UTC
tiktok;tt_camp_001;tt_adset_002;tt_ad_002;16.05.2024;3377.0586;153501;2302;713;627;2024-05-16 13:02:59 UTC
tiktok;tt_camp_001;tt_adset_002;tt_ad_002;16.05.2024;3381.4484;153701;2305;714;628;2024-05-16 18:34:59 UTC
tiktok;tt_camp_001;tt_adset_002;tt_ad_002;16.05.2024;3385.8382;153901;2308;715;629;2024-05-17 00:07:59 UTC
tiktok;tt_camp_001;tt_adset_002;tt_ad_002;17.05.2024;3398.5694;154479;2316;717;631;2024-05-17 03:03:00 UTC
tiktok;tt_camp_001;tt_adset_002;tt_ad_002;17.05.2024;3411.3006;155058;2325;720;633;2024-05-17 08:22:44 UTC
tiktok;tt_camp_001;tt_adset_002;tt_ad_002;17.05.2024;3424.0318;155636;2333;722;635;2024-05-17 13:39:29 UTC
tiktok;tt_camp_001;tt_adset_002;tt_ad_002;17.05.2024;3436.763;156215;2342;725;637;2024-05-17 18:53:14 UTC
tiktok;tt_camp_001;tt_adset_002;tt_ad_002;17.05.2024;3449.4942;156794;2351;728;640;2024-05-18 00:03:59 UTC
tiktok;tt_camp_001;tt_adset_002;tt_ad_002;18.05.2024;3459.1768;157234;2357;730;642;2024-05-18 02:04:00 UTC
tiktok;tt_camp_001;tt_adset_002;tt_ad_002;18.05.2024;3468.8594;157674;2364;732;644;2024-05-18 09:26:59 UTC
tiktok;tt_camp_001;tt_adset_002;tt_ad_002;18.05.2024;3478.542;158114;2371;734;646;2024-05-18 16:48:59 UTC
tiktok;tt_camp_001;tt_adset_002;tt_ad_002;18.05.2024;3488.2246;158555;2378;736;648;2024-05-19 00:09:59 UTC
tiktok;tt_camp_001;tt_adset_002;tt_ad_002;19.05.2024;3488.5095;158567;2378;736;648;2024-05-19 02:35:00 UTC
tiktok;tt_camp_001;tt_adset_002;tt_ad_002;19.05.2024;3488.7944;158580;2378;736;648;2024-05-19 07:05:11 UTC
tiktok;tt_camp_001;tt_adset_002;tt_ad_002;19.05.2024;3489.0794;158593;2378;736;648;2024-05-19 11:10:23 UTC
tiktok;tt_camp_001;tt_adset_002;tt_ad_002;19.05.2024;3489.3643;158606;2378;736;648;2024-05-19 15:32:35 UTC
tiktok;tt_camp_001;tt_adset_002;tt_ad_002;19.05.2024;3489.6492;158619;2378;736;648;2024-05-19 19:45:47 UTC
tiktok;tt_camp_001;tt_adset_002;tt_ad_002;19.05.2024;3489.9341;158632;2379;737;648;2024-05-20 00:14:59 UTC
tiktok;tt_camp_001;tt_adset_002;tt_ad_002;20.05.2024;3490.9567;158678;2379;737;648;2024-05-20 02:55:00 UTC
tiktok;tt_camp_001;tt_adset_002;tt_ad_002;20.05.2024;3491.9793;158725;2380;737;648;2024-05-20 08:11:59 UTC
tiktok;tt_camp_001;tt_adset_002;tt_ad_002;20.05.2024;3493.002;158771;2380;737;648;2024-05-20 13:24:59 UTC
tiktok;tt_camp_001;tt_adset_002;tt_ad_002;20.05.2024;3494.0246;158818;2381;737;648;2024-05-20 18:48:59 UTC
tiktok;tt_camp_001;tt_adset_002;tt_ad_002;20.05.2024;3495.0472;158865;2382;738;649;2024-05-21 00:00:59 UTC
tiktok;tt_camp_001;tt_adset_002;tt_ad_002;21.05.2024;3506.8043;159399;2390;740;651;2024-05-21 02:40:00 UTC
tiktok;tt_camp_001;tt_adset_002;tt_ad_002;21.05.2024;3518.5614;159933;2398;743;653;2024-05-21 09:45:19 UTC
tiktok;tt_camp_001;tt_adset_002;tt_ad_002;21.05.2024;3530.3185;160467;2406;745;655;2024-05-21 16:58:39 UTC
tiktok;tt_camp_001;tt_adset_002;tt_ad_002;21.05.2024;3542.0756;161002;2414;748;658;2024-05-22 00:08:59 UTC
tiktok;tt_camp_001;tt_adset_002;tt_ad_002;22.05.2024;3547.7543;161260;2418;749;659;2024-05-22 03:02:00 UTC
tiktok;tt_camp_001;tt_adset_002;tt_ad_002;22.05.2024;3553.433;161518;2422;750;660;2024-05-22 07:16:35 UTC
tiktok;tt_camp_001;tt_adset_002;tt_ad_002;22.05.2024;3559.1118;161776;2426;751;661;2024-05-22 11:29:11 UTC
tiktok;tt_camp_001;tt_adset_002;tt_ad_002;22.05.2024;3564.7905;162034;2430;752;662;2024-05-22 15:34:47 UTC
tiktok;tt_camp_001;tt_adset_002;tt_ad_002;22.05.2024;3570.4692;162292;2434;753;663;2024-05-22 19:49:23 UTC
tiktok;tt_camp_001;tt_adset_002;tt_ad_002;22.05.2024;3576.1479;162551;2438;755;664;2024-05-23 00:01:59 UTC
tiktok;tt_camp_001;tt_adset_002;tt_ad_002;23.05.2024;3590.5435;163205;2447;758;666;2024-05-23 02:56:00 UTC
tiktok;tt_camp_001;tt_adset_002;tt_ad_002;23.05.2024;3604.9391;163859;2457;761;669;2024-05-23 07:12:59 UTC
tiktok;tt_camp_001;tt_adset_002;tt_ad_002;23.05.2024;3619.3348;164514;2467;764;672;2024-05-23 11:23:59 UTC
tiktok;tt_camp_001;tt_adset_002;tt_ad_002;23.05.2024;3633.7304;165168;2477;767;674;2024-05-23 15:44:59 UTC
tiktok;tt_camp_001;tt_adset_002;tt_ad_002;23.05.2024;3648.126;165822;2487;770;677;2024-05-23 19:48:59 UTC
tiktok;tt_camp_001;tt_adset_002;tt_ad_002;23.05.2024;3662.5216;166477;2497;773;680;2024-05-24 00:03:59 UTC
tiktok;tt_camp_001;tt_adset_002;tt_ad_002;24.05.2024;3664.991;166589;2498;773;680;2024-05-24 00:03:00 UTC
tiktok;tt_camp_001;tt_adset_002;tt_ad_002;24.05.2024;3667.4604;166701;2500;774;681;2024-05-24 04:52:35 UTC
tiktok;tt_camp_001;tt_adset_002;tt_ad_002;24.05.2024;3669.9298;166814;2502;774;681;2024-05-24 09:49:11 UTC
tiktok;tt_camp_001;tt_adset_002;tt_ad_002;24.05.2024;3672.3992;166926;2503;775;682;2024-05-24 14:30:47 UTC
tiktok;tt_camp_001;tt_adset_002;tt_ad_002;24.05.2024;3674.8686;167038;2505;775;682;2024-05-24 19:25:23 UTC
tiktok;tt_camp_001;tt_adset_002;tt_ad_002;24.05.2024;3677.338;167151;2507;776;683;2024-05-25 00:07:59 UTC
tiktok;tt_camp_001;tt_adset_002;tt_ad_002;25.05.2024;3679.0532;167228;2508;776;683;2024-05-25 01:53:00 UTC
tiktok;tt_camp_001;tt_adset_002;tt_ad_002;25.05.2024;3680.7684;167306;2509;776;683;2024-05-25 06:15:23 UTC
tiktok;tt_camp_001;tt_adset_002;tt_ad_002;25.05.2024;3682.4836;167384;2510;777;684;2024-05-25 10:37:47 UTC
tiktok;tt_camp_001;tt_adset_002;tt_ad_002;25.05.2024;3684.1989;167462;2511;777;684;2024-05-25 15:09:11 UTC
tiktok;tt_camp_001;tt_adset_002;tt_ad_002;25.05.2024;3685.9141;167540;2512;777;684;2024-05-25 19:46:35 UTC
tiktok;tt_camp_001;tt_adset_002;tt_ad_002;25.05.2024;3687.6293;167618;2514;778;685;2024-05-26 00:09:59 UTC
tiktok;tt_camp_001;tt_adset_002;tt_ad_002;26.05.2024;3692.2014;167826;2517;779;685;2024-05-26 01:35:00 UTC
tiktok;tt_camp_001;tt_adset_002;tt_ad_002;26.05.2024;3696.7735;168034;2520;780;686;2024-05-26 07:15:44 UTC
tiktok;tt_camp_001;tt_adset_002;tt_ad_002;26.05.2024;3701.3457;168242;2523;781;687;2024-05-26 12:56:29 UTC
tiktok;tt_camp_001;tt_adset_002;tt_ad_002;26.05.2024;3705.9178;168450;2526;782;688;2024-05-26 18:26:14 UTC
tiktok;tt_camp_001;tt_adset_002;tt_ad_002;26.05.2024;3710.4899;168658;2529;783;689;2024-05-27 00:09:59 UTC
tiktok;tt_camp_001;tt_adset_002;tt_ad_002;27.05.2024;3713.4058;168790;2531;783;689;2024-05-27 03:55:00 UTC
tiktok;tt_camp_001;tt_adset_002;tt_ad_002;27.05.2024;3716.3217;168922;2533;784;690;2024-05-27 08:53:44 UTC
tiktok;tt_camp_001;tt_adset_002;tt_ad_002;27.05.2024;3719.2375;169055;2535;784;690;2024-05-27 14:00:29 UTC
tiktok;tt_camp_001;tt_adset_002;tt_ad_002;27.05.2024;3722.1534;169187;2537;785;691;2024-05-27 19:10:14 UTC
tiktok;tt_camp_001;tt_adset_002;tt_ad_002;27.05.2024;3725.0693;169320;2539;786;692;2024-05-28 00:00:59 UTC
tiktok;tt_camp_001;tt_adset_002;tt_ad_002;28.05.2024;3733.8901;169721;2545;788;693;2024-05-28 02:45:00 UTC
tiktok;tt_camp_001;tt_adset_002;tt_ad_002;28.05.2024;3742.711;170122;2551;790;695;2024-05-28 08:09:14 UTC
tiktok;tt_camp_001;tt_adset_002;tt_ad_002;28.05.2024;3751.5318;170523;2557;792;696;2024-05-28 13:31:29 UTC
tiktok;tt_camp_001;tt_adset_002;tt_ad_002;28.05.2024;3760.3527;170924;2563;794;698;2024-05-28 18:45:44 UTC
tiktok;tt_camp_001;tt_adset_002;tt_ad_002;28.05.2024;3769.1735;171325;2569;796;700;2024-05-29 00:12:59 UTC
tiktok;tt_camp_001;tt_adset_002;tt_ad_002;29.05.2024;3773.8957;171539;2572;797;700;2024-05-29 03:27:00 UTC
tiktok;tt_camp_001;tt_adset_002;tt_ad_002;29.05.2024;3778.6179;171754;2575;798;701;2024-05-29 13:50:59 UTC
tiktok;tt_camp_001;tt_adset_002;tt_ad_002;29.05.2024;3783.3401;171969;2579;799;702;2024-05-30 00:12:59 UTC
tiktok;tt_camp_001;tt_adset_002;tt_ad_002;30.05.2024;3787.6959;172167;2582;799;703;2024-05-30 00:45:00 UTC
tiktok;tt_camp_001;tt_adset_002;tt_ad_002;30.05.2024;3792.0517;172365;2585;800;704;2024-05-30 08:27:39 UTC
tiktok;tt_camp_001;tt_adset_002;tt_ad_002;30.05.2024;3796.4075;172563;2588;801;705;2024-05-30 16:21:19 UTC
tiktok;tt_camp_001;tt_adset_002;tt_ad_002;30.05.2024;3800.7633;172761;2591;802;706;2024-05-31 00:10:59 UTC
tiktok;tt_camp_001;tt_adset_002;tt_ad_002;31.05.2024;3802.2683;172829;2592;802;706;2024-05-31 02:03:00 UTC
tiktok;tt_camp_001;tt_adset_002;tt_ad_002;31.05.2024;3803.7733;172897;2593;802;706;2024-05-31 06:21:35 UTC
tiktok;tt_camp_001;tt_adset_002;tt_ad_002;31.05.2024;3805.2783;172966;2594;803;706;2024-05-31 10:44:11 UTC
tiktok;tt_camp_001;tt_adset_002;tt_ad_002;31.05.2024;3806.7833;173034;2595;803;706;2024-05-31 15:18:47 UTC
tiktok;tt_camp_001;tt_adset_002;tt_ad_002;31.05.2024;3808.2883;173102;2596;803;706;2024-05-31 19:46:23 UTC
tiktok;tt_camp_001;tt_adset_002;tt_ad_002;31.05.2024;3809.7933;173171;2597;804;707;2024-06-01 00:01:59 UTC
tiktok;tt_camp_001;tt_adset_002;tt_ad_002;01.06.2024;3819.0354;173591;2603;806;708;2024-06-01 00:34:00 UTC
tiktok;tt_camp_001;tt_adset_002;tt_ad_002;01.06.2024;3828.2776;174011;2609;808;710;2024-06-01 08:25:39 UTC
tiktok;tt_camp_001;tt_adset_002;tt_ad_002;01.06.2024;3837.5197;174431;2615;810;712;2024-06-01 16:12:19 UTC
tiktok;tt_camp_001;tt_adset_002;tt_ad_002;01.06.2024;3846.7618;174852;2622;812;714;2024-06-02 00:06:59 UTC
tiktok;tt_camp_001;tt_adset_002;tt_ad_002;02.06.2024;3849.1544;174960;2623;812;714;2024-06-02 03:45:00 UTC
tiktok;tt_camp_001;tt_adset_002;tt_ad_002;02.06.2024;3851.5469;175069;2625;813;715;2024-06-02 10:31:19 UTC
tiktok;tt_camp_001;tt_adset_002;tt_ad_002;02.06.2024;3853.9394;175178;2627;813;715;2024-06-02 17:25:39 UTC
tiktok;tt_camp_001;tt_adset_002;tt_ad_002;02.06.2024;3856.332;175287;2629;814;716;2024-06-03 00:07:59 UTC
tiktok;tt_camp_001;tt_adset_002;tt_ad_002;03.06.2024;3866.1102;175731;2635;816;717;2024-06-03 01:37:00 UTC
tiktok;tt_camp_001;tt_adset_002;tt_ad_002;03.06.2024;3875.8884;176175;2642;818;719;2024-06-03 12:55:29 UTC
tiktok;tt_camp_001;tt_adset_002;tt_ad_002;03.06.2024;3885.6666;176620;2649;820;721;2024-06-04 00:05:59 UTC
tiktok;tt_camp_001;tt_adset_002;tt_ad_002;04.06.2024;3897.467;177156;2657;822;723;2024-06-04 03:23:00 UTC
tiktok;tt_camp_001;tt_adset_002;tt_ad_002;04.06.2024;3909.2675;177692;2665;825;725;2024-06-04 07:35:59 UTC
tiktok;tt_camp_001;tt_adset_002;tt_ad_002;04.06.2024;3921.068;178229;2673;827;728;2024-06-04 11:50:59 UTC
tiktok;tt_camp_001;tt_adset_002;tt_ad_002;04.06.2024;3932.8684;178765;2681;830;730;2024-06-04 15:52:59 UTC
tiktok;tt_camp_001;tt_adset_002;tt_ad_002;04.06.2024;3944.6688;179301;2689;832;732;2024-06-04 19:57:59 UTC
tiktok;tt_camp_001;tt_adset_002;tt_ad_002;04.06.2024;3956.4693;179838;2697;835;735;2024-06-05 00:08:59 UTC
tiktok;tt_camp_001;tt_adset_002;tt_ad_002;05.06.2024;3957.1536;179869;2697;835;735;2024-06-05 02:47:00 UTC
tiktok;tt_camp_001;tt_adset_002;tt_ad_002;05.06.2024;3957.8378;179900;2697;835;735;2024-06-05 08:03:14 UTC
tiktok;tt_camp_001;tt_adset_002;tt_ad_002;05.06.2024;3958.5221;179931;2698;835;735;2024-06-05 13:23:29 UTC
tiktok;tt_camp_001;tt_adset_002;tt_ad_002;05.06.2024;3959.2063;179962;2698;835;735;2024-06-05 18:44:44 UTC
tiktok;tt_camp_001;tt_adset_002;tt_ad_002;05.06.2024;3959.8906;179994;2699;836;735;2024-06-06 00:08:59 UTC
tiktok;tt_camp_001;tt_adset_002;tt_ad_002;06.06.2024;3971.4202;180518;2707;838;737;2024-06-06 01:32:00 UTC
tiktok;tt_camp_001;tt_adset_002;tt_ad_002;06.06.2024;3982.9498;181042;2715;840;739;2024-06-06 07:04:14 UTC
tiktok;tt_camp_001;tt_adset_002;tt_ad_002;06.06.2024;3994.4793;181566;2723;843;741;2024-06-06 12:51:29 UTC
tiktok;tt_camp_001;tt_adset_002;tt_ad_002;06.06.2024;4006.0089;182090;2731;845;743;2024-06-06 18:23:44 UTC
tiktok;tt_camp_001;tt_adset_002;tt_ad_002;06.06.2024;4017.5385;182614;2739;848;746;2024-06-07 00:11:59 UTC
tiktok;tt_camp_001;tt_adset_002;tt_ad_002;07.06.2024;4021.985;182816;2742;849;746;2024-06-07 02:36:00 UTC
tiktok;tt_camp_001;tt_adset_002;tt_ad_002;07.06.2024;4026.4314;183018;2745;850;747;2024-06-07 06:56:59 UTC
tiktok;tt_camp_001;tt_adset_002;tt_ad_002;07.06.2024;4030.8779;183220;2748;851;748;2024-06-07 11:20:59 UTC
tiktok;tt_camp_001;tt_adset_002;tt_ad_002;07.06.2024;4035.3244;183422;2751;852;749;2024-06-07 15:38:59 UTC
tiktok;tt_camp_001;tt_adset_002;tt_ad_002;07.06.2024;4039.7708;183624;2754;853;750;2024-06-07 19:54:59 UTC
tiktok;tt_camp_001;tt_adset_002;tt_ad_002;07.06.2024;4044.2173;183827;2757;854;751;2024-06-08 00:11:59 UTC
tiktok;tt_camp_001;tt_adset_002;tt_ad_002;08.06.2024;4045.7623;183897;2758;854;751;2024-06-08 02:17:00 UTC
tiktok;tt_camp_001;tt_adset_002;tt_ad_002;08.06.2024;4047.3073;183967;2759;854;751;2024-06-08 07:46:14 UTC
tiktok;tt_camp_001;tt_adset_002;tt_ad_002;08.06.2024;4048.8524;184037;2760;854;751;2024-06-08 13:12:29 UTC
tiktok;tt_camp_001;tt_adset_002;tt_ad_002;08.06.2024;4050.3974;184107;2761;854;751;2024-06-08 18:38:44 UTC
tiktok;tt_camp_001;tt_adset_002;tt_ad_002;08.06.2024;4051.9424;184178;2762;855;752;2024-06-09 00:14:59 UTC
tiktok;tt_camp_001;tt_adset_002;tt_ad_002;09.06.2024;4055.8632;184356;2764;855;752;2024-06-09 03:02:00 UTC
tiktok;tt_camp_001;tt_adset_002;tt_ad_002;09.06.2024;4059.784;184534;2767;856;753;2024-06-09 07:06:11 UTC
tiktok;tt_camp_001;tt_adset_002;tt_ad_002;09.06.2024;4063.7048;184712;2770;857;754;2024-06-09 11:22:23 UTC
tiktok;tt_camp_001;tt_adset_002;tt_ad_002;09.06.2024;4067.6255;184890;2772;858;755;2024-06-09 15:32:35 UTC
tiktok;tt_camp_001;tt_adset_002;tt_ad_002;09.06.2024;4071.5463;185068;2775;859;756;2024-06-09 19:50:47 UTC
tiktok;tt_camp_001;tt_adset_002;tt_ad_002;09.06.2024;4075.4671;185247;2778;860;757;2024-06-10 00:11:59 UTC
tiktok;tt_camp_001;tt_adset_002;tt_ad_002;10.06.2024;4087.5423;185796;2786;862;759;2024-06-10 03:07:00 UTC
tiktok;tt_camp_001;tt_adset_002;tt_ad_002;10.06.2024;4099.6175;186345;2794;865;761;2024-06-10 13:40:29 UTC
tiktok;tt_camp_001;tt_adset_002;tt_ad_002;10.06.2024;4111.6927;186894;2803;868;763;2024-06-11 00:04:59 UTC
tiktok;tt_camp_001;tt_adset_002;tt_ad_002;11.06.2024;4113.511;186976;2804;868;763;2024-06-11 01:26:00 UTC
tiktok;tt_camp_001;tt_adset_002;tt_ad_002;11.06.2024;4115.3292;187059;2805;868;763;2024-06-11 05:54:35 UTC
tiktok;tt_camp_001;tt_adset_002;tt_ad_002;11.06.2024;4117.1475;187142;2806;869;764;2024-06-11 10:24:11 UTC
tiktok;tt_camp_001;tt_adset_002;tt_ad_002;11.06.2024;4118.9658;187224;2807;869;764;2024-06-11 15:07:47 UTC
tiktok;tt_camp_001;tt_adset_002;tt_ad_002;11.06.2024;4120.784;187307;2808;869;764;2024-06-11 19:35:23 UTC
tiktok;tt_camp_001;tt_adset_002;tt_ad_002;11.06.2024;4122.6023;187390;2810;870;765;2024-06-12 00:11:59 UTC
tiktok;tt_camp_001;tt_adset_002;tt_ad_002;12.06.2024;4128.7108;187667;2814;871;766;2024-06-12 01:16:00 UTC
tiktok;tt_camp_001;tt_adset_002;tt_ad_002;12.06.2024;4134.8192;187945;2818;872;767;2024-06-12 07:01:29 UTC
tiktok;tt_camp_001;tt_adset_002;tt_ad_002;12.06.2024;4140.9277;188222;2822;874;768;2024-06-12 12:42:59 UTC
tiktok;tt_camp_001;tt_adset_002;tt_ad_002;12.06.2024;4147.0361;188500;2826;875;769;2024-06-12 18:20:29 UTC
tiktok;tt_camp_001;tt_adset_002;tt_ad_002;12.06.2024;4153.1446;188778;2831;877;771;2024-06-13 00:03:59 UTC
tiktok;tt_camp_001;tt_adset_002;tt_ad_002;13.06.2024;4173.4226;189699;2845;881;774;2024-06-13 01:44:00 UTC
tiktok;tt_camp_001;tt_adset_002;tt_ad_002;13.06.2024;4193.7005;190621;2859;885;778;2024-06-13 12:50:59 UTC
tiktok;tt_camp_001;tt_adset_002;tt_ad_002;13.06.2024;4213.9785;191543;2873;889;782;2024-06-14 00:01:59 UTC
tiktok;tt_camp_001;tt_adset_002;tt_ad_002;14.06.2024;4216.3371;191650;2874;889;782;2024-06-14 02:53:00 UTC
tiktok;tt_camp_001;tt_adset_002;tt_ad_002;14.06.2024;4218.6956;191757;2876;890;783;2024-06-14 07:01:59 UTC
tiktok;tt_camp_001;tt_adset_002;tt_ad_002;14.06.2024;4221.0542;191865;2877;890;783;2024-06-14 11:25:59 UTC
tiktok;tt_camp_001;tt_adset_002;tt_ad_002;14.06.2024;4223.4128;191972;2879;891;784;2024-06-14 15:42:59 UTC
tiktok;tt_camp_001;tt_adset_002;tt_ad_002;14.06.2024;4225.7713;192079;2880;891;784;2024-06-14 19:47:59 UTC
tiktok;tt_camp_001;tt_adset_002;tt_ad_002;14.06.2024;4228.1299;192187;2882;892;785;2024-06-15 00:00:59 UTC
tiktok;tt_camp_001;tt_adset_002;tt_ad_002;15.06.2024;4230.3622;192288;2883;892;785;2024-06-15 03:56:00 UTC
tiktok;tt_camp_001;tt_adset_002;tt_ad_002;15.06.2024;4232.5944;192389;2885;893;786;2024-06-15 10:42:19 UTC
tiktok;tt_camp_001;tt_adset_002;tt_ad_002;15.06.2024;4234.8266;192490;2886;893;786;2024-06-15 17:28:39 UTC
tiktok;tt_camp_001;tt_adset_002;tt_ad_002;15.06.2024;4237.0589;192592;2888;894;787;2024-06-16 00:07:59 UTC
tiktok;tt_camp_001;tt_adset_002;tt_ad_002;16.06.2024;4240.3252;192740;2890;894;787;2024-06-16 01:53:00 UTC
tiktok;tt_camp_001;tt_adset_002;tt_ad_002;16.06.2024;4243.5916;192889;2892;895;788;2024-06-16 06:20:23 UTC
tiktok;tt_camp_001;tt_adset_002;tt_ad_002;16.06.2024;4246.8579;193037;2895;896;788;2024-06-16 10:45:47 UTC
tiktok;tt_camp_001;tt_adset_002;tt_ad_002;16.06.2024;4250.1243;193186;2897;897;789;2024-06-16 15:18:11 UTC
tiktok;tt_camp_001;tt_adset_002;tt_ad_002;16.06.2024;4253.3906;193334;2899;898;789;2024-06-16 19:34:35 UTC
tiktok;tt_camp_001;tt_adset_002;tt_ad_002;16.06.2024;4256.657;193483;2902;899;790;2024-06-17 00:14:59 UTC
tiktok;tt_camp_001;tt_adset_002;tt_ad_002;17.06.2024;4264.1858;193825;2907;900;791;2024-06-17 01:46:00 UTC
tiktok;tt_camp_001;tt_adset_002;tt_ad_002;17.06.2024;4271.7146;194167;2912;901;793;2024-06-17 12:58:59 UTC
tiktok;tt_camp_001;tt_adset_002;tt_ad_002;17.06.2024;4279.2434;194510;2917;903;795;2024-06-18 00:13:59 UTC
tiktok;tt_camp_001;tt_adset_002;tt_ad_002;18.06.2024;4294.4595;195201;2927;906;797;2024-06-18 01:41:00 UTC
tiktok;tt_camp_001;tt_adset_002;tt_ad_002;18.06.2024;4309.6756;195893;2937;909;800;2024-06-18 12:56:59 UTC
tiktok;tt_camp_001;tt_adset_002;tt_ad_002;18.06.2024;4324.8917;196585;2948;913;803;2024-06-19 00:02:59 UTC
tiktok;tt_camp_001;tt_adset_002;tt_ad_002;19.06.2024;4331.2573;196874;2952;914;804;2024-06-19 03:58:00 UTC
tiktok;tt_camp_001;tt_adset_002;tt_ad_002;19.06.2024;4337.623;197163;2956;915;805;2024-06-19 13:57:59 UTC
tiktok;tt_camp_001;tt_adset_002;tt_ad_002;19.06.2024;4343.9886;197453;2961;917;807;2024-06-20 00:14:59 UTC
tiktok;tt_camp_001;tt_adset_002;tt_ad_002;20.06.2024;4347.0373;197591;2963;917;807;2024-06-20 00:05:00 UTC
tiktok;tt_camp_001;tt_adset_002;tt_ad_002;20.06.2024;4350.086;197730;2965;918;807;2024-06-20 06:09:59 UTC
tiktok;tt_camp_001;tt_adset_002;tt_ad_002;20.06.2024;4353.1346;197868;2967;918;808;2024-06-20 12:09:59 UTC
tiktok;tt_camp_001;tt_adset_002;tt_ad_002;20.06.2024;4356.1833;198007;2969;919;808;2024-06-20 18:01:59 UTC
tiktok;tt_camp_001;tt_adset_002;tt_ad_002;20.06.2024;4359.232;198146;2972;920;809;2024-06-21 00:14:59 UTC
tiktok;tt_camp_001;tt_adset_002;tt_ad_002;21.06.2024;4360.9763;198225;2973;920;809;2024-06-21 02:40:00 UTC
tiktok;tt_camp_001;tt_adset_002;tt_ad_002;21.06.2024;4362.7206;198304;2974;920;809;2024-06-21 08:00:44 UTC
tiktok;tt_camp_001;tt_adset_002;tt_ad_002;21.06.2024;4364.465;198383;2975;921;810;2024-06-21 13:23:29 UTC
tiktok;tt_camp_001;tt_adset_002;tt_ad_002;21.06.2024;4366.2093;198462;2976;921;810;2024-06-21 18:45:14 UTC
tiktok;tt_camp_001;tt_adset_002;tt_ad_002;21.06.2024;4367.9536;198542;2978;922;811;2024-06-22 00:14:59 UTC
tiktok;tt_camp_001;tt_adset_002;tt_ad_002;22.06.2024;4368.9698;198588;2978;922;811;2024-06-22 03:21:00 UTC
tiktok;tt_camp_001;tt_adset_002;tt_ad_002;22.06.2024;4369.986;198634;2979;922;811;2024-06-22 10:24:19 UTC
tiktok;tt_camp_001;tt_adset_002;tt_ad_002;22.06.2024;4371.0023;198680;2979;922;811;2024-06-22 17:07:39 UTC
tiktok;tt_camp_001;tt_adset_002;tt_ad_002;22.06.2024;4372.0185;198727;2980;923;812;2024-06-23 00:05:59 UTC
tiktok;tt_camp_001;tt_adset_002;tt_ad_002;23.06.2024;4373.6233;198800;2981;923;812;2024-06-23 03:46:00 UTC
tiktok;tt_camp_001;tt_adset_002;tt_ad_002;23.06.2024;4375.2281;198873;2982;923;812;2024-06-23 10:39:19 UTC
tiktok;tt_camp_001;tt_adset_002;tt_ad_002;23.06.2024;4376.8329;198946;2983;923;812;2024-06-23 17:16:39 UTC
tiktok;tt_camp_001;tt_adset_002;tt_ad_002;23.06.2024;4378.4377;199019;2985;924;813;2024-06-24 00:00:59 UTC
tiktok;tt_camp_001;tt_adset_002;tt_ad_002;24.06.2024;4379.7139;199077;2985;924;813;2024-06-24 02:47:00 UTC
tiktok;tt_camp_001;tt_adset_002;tt_ad_002;24.06.2024;4380.9901;199135;2986;924;813;2024-06-24 08:09:59 UTC
tiktok;tt_camp_001;tt_adset_002;tt_ad_002;24.06.2024;4382.2664;199193;2987;925;813;2024-06-24 13:21:59 UTC
tiktok;tt_camp_001;tt_adset_002;tt_ad_002;24.06.2024;4383.5426;199251;2988;925;813;2024-06-24 18:41:59 UTC
tiktok;tt_camp_001;tt_adset_002;tt_ad_002;24.06.2024;4384.8188;199309;2989;926;814;2024-06-25 00:09:59 UTC
tiktok;tt_camp_001;tt_adset_002;tt_ad_002;25.06.2024;4387.7476;199442;2991;926;814;2024-06-25 03:38:00 UTC
tiktok;tt_camp_001;tt_adset_002;tt_ad_002;25.06.2024;4390.6764;199575;2993;927;815;2024-06-25 07:39:35 UTC
tiktok;tt_camp_001;tt_adset_002;tt_ad_002;25.06.2024;4393.6052;199708;2995;927;815;2024-06-25 11:50:11 UTC
tiktok;tt_camp_001;tt_adset_002;tt_ad_002;25.06.2024;4396.534;199841;2997;928;816;2024-06-25 15:59:47 UTC
tiktok;tt_camp_001;tt_adset_002;tt_ad_002;25.06.2024;4399.4628;199974;2999;928;816;2024-06-25 19:56:23 UTC
tiktok;tt_camp_001;tt_adset_002;tt_ad_002;25.06.2024;4402.3916;200108;3001;929;817;2024-06-26 00:02:59 UTC
tiktok;tt_camp_001;tt_adset_002;tt_ad_002;26.06.2024;4403.631;200164;3001;929;817;2024-06-26 03:35:00 UTC
tiktok;tt_camp_001;tt_adset_002;tt_ad_002;26.06.2024;4404.8703;200220;3002;929;817;2024-06-26 10:17:19 UTC
tiktok;tt_camp_001;tt_adset_002;tt_ad_002;26.06.2024;4406.1096;200276;3003;929;817;2024-06-26 17:07:39 UTC
tiktok;tt_camp_001;tt_adset_002;tt_ad_002;26.06.2024;4407.349;200333;3004;930;818;2024-06-27 00:04:59 UTC
tiktok;tt_camp_001;tt_adset_002;tt_ad_002;27.06.2024;4410.8059;200490;3006;930;818;2024-06-27 01:41:00 UTC
tiktok;tt_camp_001;tt_adset_002;tt_ad_002;27.06.2024;4414.2628;200647;3009;931;819;2024-06-27 06:03:23 UTC
tiktok;tt_camp_001;tt_adset_002;tt_ad_002;27.06.2024;4417.7198;200804;3011;932;820;2024-06-27 10:34:47 UTC
tiktok;tt_camp_001;tt_adset_002;tt_ad_002;27.06.2024;4421.1767;200961;3014;933;820;2024-06-27 15:04:11 UTC
tiktok;tt_camp_001;tt_adset_002;tt_ad_002;27.06.2024;4424.6336;201118;3016;934;821;2024-06-27 19:39:35 UTC
tiktok;tt_camp_001;tt_adset_002;tt_ad_002;27.06.2024;4428.0905;201276;3019;935;822;2024-06-28 00:11:59 UTC
tiktok;tt_camp_001;tt_adset_002;tt_ad_002;28.06.2024;4451.3502;202333;3034;939;826;2024-06-28 02:47:00 UTC
tiktok;tt_camp_001;tt_adset_002;tt_ad_002;28.06.2024;4474.61;203390;3050;944;830;2024-06-28 13:32:29 UTC
tiktok;tt_camp_001;tt_adset_002;tt_ad_002;28.06.2024;4497.8697;204447;3066;949;835;2024-06-29 00:03:59 UTC
tiktok;tt_camp_001;tt_adset_002;tt_ad_002;29.06.2024;4513.3852;205152;3076;952;838;2024-06-29 00:34:00 UTC
tiktok;tt_camp_001;tt_adset_002;tt_ad_002;29.06.2024;4528.9008;205857;3087;955;841;2024-06-29 12:17:29 UTC
tiktok;tt_camp_001;tt_adset_002;tt_ad_002;29.06.2024;4544.4163;206563;3098;959;844;2024-06-30 00:06:59 UTC
tiktok;tt_camp_001;tt_adset_002;tt_ad_002;30.06.2024;4547.9038;206721;3100;959;844;2024-06-30 00:55:00 UTC
tiktok;tt_camp_001;tt_adset_002;tt_ad_002;30.06.2024;4551.3913;206880;3102;960;845;2024-06-30 06:34:59 UTC
tiktok;tt_camp_001;tt_adset_002;tt_ad_002;30.06.2024;4554.8789;207038;3105;961;845;2024-06-30 12:25:59 UTC
tiktok;tt_camp_001;tt_adset_002;tt_ad_002;30.06.2024;4558.3664;207197;3107;962;846;2024-06-30 18:19:59 UTC
tiktok;tt_camp_001;tt_adset_002;tt_ad_002;30.06.2024;4561.8539;207356;3110;963;847;2024-07-01 00:03:59 UTC
tiktok;tt_camp_001;tt_adset_002;tt_ad_002;01.07.2024;4586.7985;208489;3127;968;851;2024-07-01 01:33:00 UTC
tiktok;tt_camp_001;tt_adset_002;tt_ad_002;01.07.2024;4611.7431;209623;3144;973;856;2024-07-01 09:07:59 UTC
tiktok;tt_camp_001;tt_adset_002;tt_ad_002;01.07.2024;4636.6877;210757;3161;978;861;2024-07-01 16:41:59 UTC
tiktok;tt_camp_001;tt_adset_002;tt_ad_002;01.07.2024;4661.6323;211891;3178;984;866;2024-07-02 00:09:59 UTC
tiktok;tt_camp_001;tt_adset_002;tt_ad_002;02.07.2024;4666.1616;212097;3181;985;866;2024-07-02 03:53:00 UTC
tiktok;tt_camp_001;tt_adset_002;tt_ad_002;02.07.2024;4670.6909;212303;3184;986;867;2024-07-02 09:02:59 UTC
tiktok;tt_camp_001;tt_adset_002;tt_ad_002;02.07.2024;4675.2203;212509;3187;987;868;2024-07-02 13:59:59 UTC
tiktok;tt_camp_001;tt_adset_002;tt_ad_002;02.07.2024;4679.7496;212715;3190;988;869;2024-07-02 19:08:59 UTC
tiktok;tt_camp_001;tt_adset_002;tt_ad_002;02.07.2024;4684.2789;212921;3193;989;870;2024-07-03 00:08:59 UTC
tiktok;tt_camp_001;tt_adset_002;tt_ad_002;03.07.2024;4690.5618;213206;3197;990;871;2024-07-03 01:56:00 UTC
tiktok;tt_camp_001;tt_adset_002;tt_ad_002;03.07.2024;4696.8448;213492;3201;991;872;2024-07-03 09:18:39 UTC
tiktok;tt_camp_001;tt_adset_002;tt_ad_002;03.07.2024;4703.1277;213777;3205;992;873;2024-07-03 16:48:19 UTC
tiktok;tt_camp_001;tt_adset_002;tt_ad_002;03.07.2024;4709.4106;214063;3210;994;875;2024-07-04 00:12:59 UTC
tiktok;tt_camp_001;tt_adset_002;tt_ad_002;04.07.2024;4715.8467;214355;3214;995;876;2024-07-04 03:45:00 UTC
tiktok;tt_camp_001;tt_adset_002;tt_ad_002;04.07.2024;4722.2827;214648;3219;996;877;2024-07-04 13:52:29 UTC
tiktok;tt_camp_001;tt_adset_002;tt_ad_002;04.07.2024;4728.7188;214941;3224;998;878;2024-07-05 00:01:59 UTC
tiktok;tt_camp_001;tt_adset_002;tt_ad_002;05.07.2024;4735.7503;215260;3228;999;879;2024-07-05 01:02:00 UTC
tiktok;tt_camp_001;tt_adset_002;tt_ad_002;05.07.2024;4742.7817;215579;3233;1001;880;2024-07-05 12:41:29 UTC
tiktok;tt_camp_001;tt_adset_002;tt_ad_002;05.07.2024;4749.8132;215899;3238;1003;882;2024-07-06 00:08:59 UTC
tiktok;tt_camp_001;tt_adset_002;tt_ad_002;06.07.2024;4753.2503;216055;3240;1003;882;2024-07-06 01:16:00 UTC
tiktok;tt_camp_001;tt_adset_002;tt_ad_002;06.07.2024;4756.6874;216211;3242;1004;883;2024-07-06 09:00:39 UTC
tiktok;tt_camp_001;tt_adset_002;tt_ad_002;06.07.2024;4760.1246;216367;3244;1005;884;2024-07-06 16:32:19 UTC
tiktok;tt_camp_001;tt_adset_002;tt_ad_002;06.07.2024;4763.5617;216524;3247;1006;885;2024-07-07 00:07:59 UTC
tiktok;tt_camp_001;tt_adset_002;tt_ad_002;07.07.2024;4769.4418;216791;3251;1007;886;2024-07-07 01:55:00 UTC
tiktok;tt_camp_001;tt_adset_002;tt_ad_002;07.07.2024;4775.3219;217058;3255;1008;887;2024-07-07 13:00:29 UTC
tiktok;tt_camp_001;tt_adset_002;tt_ad_002;07.07.2024;4781.202;217326;3259;1009;888;2024-07-08 00:01:59 UTC
tiktok;tt_camp_001;tt_adset_002;tt_ad_002;08.07.2024;4790.8527;217764;3265;1011;889;2024-07-08 00:32:00 UTC
tiktok;tt_camp_001;tt_adset_002;tt_ad_002;08.07.2024;4800.5034;218203;3272;1013;891;2024-07-08 05:20:11 UTC
tiktok;tt_camp_001;tt_adset_002;tt_ad_002;08.07.2024;4810.1541;218642;3279;1015;893;2024-07-08 10:00:23 UTC
tiktok;tt_camp_001;tt_adset_002;tt_ad_002;08.07.2024;4819.8048;219080;3285;1017;895;2024-07-08 14:43:35 UTC
tiktok;tt_camp_001;tt_adset_002;tt_ad_002;08.07.2024;4829.4555;219519;3292;1019;897;2024-07-08 19:27:47 UTC
tiktok;tt_camp_001;tt_adset_002;tt_ad_002;08.07.2024;4839.1062;219958;3299;1022;899;2024-07-09 00:00:59 UTC
tiktok;tt_camp_001;tt_adset_002;tt_ad_002;09.07.2024;4847.4338;220336;3304;1023;900;2024-07-09 02:47:00 UTC
tiktok;tt_camp_001;tt_adset_002;tt_ad_002;09.07.2024;4855.7613;220715;3310;1025;902;2024-07-09 07:07:47 UTC
tiktok;tt_camp_001;tt_adset_002;tt_ad_002;09.07.2024;4864.0889;221093;3316;1027;903;2024-07-09 11:20:35 UTC
tiktok;tt_camp_001;tt_adset_002;tt_ad_002;09.07.2024;4872.4165;221472;3321;1028;905;2024-07-09 15:44:23 UTC
tiktok;tt_camp_001;tt_adset_002;tt_ad_002;09.07.2024;4880.744;221850;3327;1030;906;2024-07-09 19:46:11 UTC
tiktok;tt_camp_001;tt_adset_002;tt_ad_002;09.07.2024;4889.0716;222229;3333;1032;908;2024-07-10 00:11:59 UTC
tiktok;tt_camp_001;tt_adset_002;tt_ad_002;10.07.2024;4889.6143;222253;3333;1032;908;2024-07-10 00:09:00 UTC
tiktok;tt_camp_001;tt_adset_002;tt_ad_002;10.07.2024;4890.157;222278;3333;1032;908;2024-07-10 08:07:19 UTC
tiktok;tt_camp_001;tt_adset_002;tt_ad_002;10.07.2024;4890.6997;222303;3333;1032;908;2024-07-10 16:12:39 UTC
tiktok;tt_camp_001;tt_adset_002;tt_ad_002;10.07.2024;4891.2424;222328;3334;1033;908;2024-07-11 00:01:59 UTC
tiktok;tt_camp_001;tt_adset_002;tt_ad_002;11.07.2024;4893.1031;222412;3335;1033;908;2024-07-11 01:07:00 UTC
tiktok;tt_camp_001;tt_adset_002;tt_ad_002;11.07.2024;4894.9638;222497;3336;1033;908;2024-07-11 12:30:29 UTC
tiktok;tt_camp_001;tt_adset_002;tt_ad_002;11.07.2024;4896.8245;222582;3338;1034;909;2024-07-12 00:04:59 UTC
tiktok;tt_camp_001;tt_adset_002;tt_ad_002;12.07.2024;4898.6652;222665;3339;1034;909;2024-07-12 01:52:00 UTC
tiktok;tt_camp_001;tt_adset_002;tt_ad_002;12.07.2024;4900.506;222749;3340;1034;909;2024-07-12 06:28:11 UTC
tiktok;tt_camp_001;tt_adset_002;tt_ad_002;12.07.2024;4902.3468;222833;3342;1035;910;2024-07-12 10:52:23 UTC
tiktok;tt_camp_001;tt_adset_002;tt_ad_002;12.07.2024;4904.1875;222916;3343;1035;910;2024-07-12 15:19:35 UTC
tiktok;tt_camp_001;tt_adset_002;tt_ad_002;12.07.2024;4906.0282;223000;3344;1035;910;2024-07-12 19:44:47 UTC
tiktok;tt_camp_001;tt_adset_002;tt_ad_002;12.07.2024;4907.869;223084;3346;1036;911;2024-07-13 00:06:59 UTC
tiktok;tt_camp_001;tt_adset_002;tt_ad_002;13.07.2024;4916.1522;223460;3351;1037;912;2024-07-13 03:42:00 UTC
tiktok;tt_camp_001;tt_adset_002;tt_ad_002;13.07.2024;4924.4354;223836;3357;1039;914;2024-07-13 08:50:59 UTC
tiktok;tt_camp_001;tt_adset_002;tt_ad_002;13.07.2024;4932.7187;224213;3362;1041;915;2024-07-13 13:58:59 UTC
tiktok;tt_camp_001;tt_adset_002;tt_ad_002;13.07.2024;4941.0019;224589;3368;1043;917;2024-07-13 18:58:59 UTC
tiktok;tt_camp_001;tt_adset_002;tt_ad_002;13.07.2024;4949.2851;224966;3374;1045;919;2024-07-14 00:06:59 UTC
tiktok;tt_camp_001;tt_adset_002;tt_ad_002;14.07.2024;4966.1901;225734;3385;1048;922;2024-07-14 01:55:00 UTC
tiktok;tt_camp_001;tt_adset_002;tt_ad_002;14.07.2024;4983.095;226503;3397;1052;925;2024-07-14 08:22:17 UTC
tiktok;tt_camp_001;tt_adset_002;tt_ad_002;14.07.2024;5000.0;227272;3409;1056;929;2024-07-14 14:51:34 UTC
tiktok;tt_camp_002;tt_adset_003;tt_ad_003;02.01.2024;8.5734;389;5;1;1;2024-01-02 03:36:00 UTC
tiktok;tt_camp_002;tt_adset_003;tt_ad_003;02.01.2024;17.1467;779;11;3;3;2024-01-02 10:33:59 UTC
tiktok;tt_camp_002;tt_adset_003;tt_ad_003;02.01.2024;25.72;1168;17;5;4;2024-01-02 17:14:59 UTC
tiktok;tt_camp_002;tt_adset_003;tt_ad_003;02.01.2024;34.2934;1558;23;7;6;2024-01-03 00:13:59 UTC
tiktok;tt_camp_002;tt_adset_003;tt_ad_003;03.01.2024;36.7281;1668;24;7;6;2024-01-03 00:27:00 UTC
tiktok;tt_camp_002;tt_adset_003;tt_ad_003;03.01.2024;39.1629;1779;26;7;6;2024-01-03 12:20:29 UTC
tiktok;tt_camp_002;tt_adset_003;tt_ad_003;03.01.2024;41.5976;1890;28;8;7;2024-01-04 00:11:59 UTC
tiktok;tt_camp_002;tt_adset_003;tt_ad_003;04.01.2024;43.8099;1990;29;8;7;2024-01-04 03:56:00 UTC
tiktok;tt_camp_002;tt_adset_003;tt_ad_003;04.01.2024;46.0221;2091;31;9;8;2024-01-04 07:57:35 UTC
tiktok;tt_camp_002;tt_adset_003;tt_ad_003;04.01.2024;48.2344;2192;32;9;8;2024-01-04 12:03:11 UTC
tiktok;tt_camp_002;tt_adset_003;tt_ad_003;04.01.2024;50.4467;2292;34;10;9;2024-01-04 16:02:47 UTC
tiktok;tt_camp_002;tt_adset_003;tt_ad_003;04.01.2024;52.6589;2393;35;10;9;2024-01-04 20:01:23 UTC
tiktok;tt_camp_002;tt_adset_003;tt_ad_003;04.01.2024;54.8712;2494;37;11;10;2024-01-05 00:04:59 UTC
tiktok;tt_camp_002;tt_adset_003;tt_ad_003;05.01.2024;62.2088;2827;42;12;11;2024-01-05 00:15:00 UTC
tiktok;tt_camp_002;tt_adset_003;tt_ad_003;05.01.2024;69.5464;3161;47;14;12;2024-01-05 08:12:19 UTC
tiktok;tt_camp_002;tt_adset_003;tt_ad_003;05.01.2024;76.8841;3494;52;15;13;2024-01-05 16:07:39 UTC
tiktok;tt_camp_002;tt_adset_003;tt_ad_003;05.01.2024;84.2217;3828;57;17;15;2024-01-06 00:09:59 UTC
tiktok;tt_camp_002;tt_adset_003;tt_ad_003;06.01.2024;89.8711;4084;60;18;16;2024-01-06 01:15:00 UTC
tiktok;tt_camp_002;tt_adset_003;tt_ad_003;06.01.2024;95.5206;4341;64;19;17;2024-01-06 12:38:29 UTC
tiktok;tt_camp_002;tt_adset_003;tt_ad_003;06.01.2024;101.17;4598;68;21;18;2024-01-07 00:09:59 UTC
tiktok;tt_camp_002;tt_adset_003;tt_ad_003;07.01.2024;106.2149;4827;71;22;19;2024-01-07 03:49:00 UTC
tiktok;tt_camp_002;tt_adset_003;tt_ad_003;07.01.2024;111.2597;5056;75;23;20;2024-01-07 14:00:59 UTC
tiktok;tt_camp_002;tt_adset_003;tt_ad_003;07.01.2024;116.3046;5286;79;24;21;2024-01-08 00:13:59 UTC
tiktok;tt_camp_002;tt_adset_003;tt_ad_003;08.01.2024;121.4097;5518;82;25;22;2024-01-08 01:48:00 UTC
tiktok;tt_camp_002;tt_adset_003;tt_ad_003;08.01.2024;126.5147;5750;85;26;23;2024-01-08 13:00:29 UTC
tiktok;tt_camp_002;tt_adset_003;tt_ad_003;08.01.2024;131.6198;5982;89;27;24;2024-01-09 00:07:59 UTC
tiktok;tt_camp_002;tt_adset_003;tt_ad_003;09.01.2024;142.8838;6494;96;29;26;2024-01-09 02:02:00 UTC
tiktok;tt_camp_002;tt_adset_003;tt_ad_003;09.01.2024;154.1479;7006;104;32;28;2024-01-09 09:24:59 UTC
tiktok;tt_camp_002;tt_adset_003;tt_ad_003;09.01.2024;165.412;7518;112;34;30;2024-01-09 16:36:59 UTC
tiktok;tt_camp_002;tt_adset_003;tt_ad_003;09.01.2024;176.676;8030;120;37;32;2024-01-10 00:02:59 UTC
tiktok;tt_camp_002;tt_adset_003;tt_ad_003;10.01.2024;182.9749;8316;124;38;33;2024-01-10 02:07:00 UTC
tiktok;tt_camp_002;tt_adset_003;tt_ad_003;10.01.2024;189.2737;8602;128;39;34;2024-01-10 07:35:59 UTC
tiktok;tt_camp_002;tt_adset_003;tt_ad_003;10.01.2024;195.5726;8889;132;40;35;2024-01-10 13:05:59 UTC
tiktok;tt_camp_002;tt_adset_003;tt_ad_003;10.01.2024;201.8714;9175;136;41;36;2024-01-10 18:33:59 UTC
tiktok;tt_camp_002;tt_adset_003;tt_ad_003;10.01.2024;208.1703;9462;141;43;38;2024-01-11 00:09:59 UTC
tiktok;tt_camp_002;tt_adset_003;tt_ad_003;11.01.2024;211.3699;9607;143;43;38;2024-01-11 01:34:00 UTC
tiktok;tt_camp_002;tt_adset_003;tt_ad_003;11.01.2024;214.5694;9752;145;44;39;2024-01-11 07:02:14 UTC
tiktok;tt_camp_002;tt_adset_003;tt_ad_003;11.01.2024;217.769;9898;147;45;39;2024-01-11 12:50:29 UTC
tiktok;tt_camp_002;tt_adset_003;tt_ad_003;11.01.2024;220.9685;10043;149;46;40;2024-01-11 18:28:44 UTC
tiktok;tt_camp_002;tt_adset_003;tt_ad_003;11.01.2024;224.1681;10189;152;47;41;2024-01-12 00:03:59 UTC
tiktok;tt_camp_002;tt_adset_003;tt_ad_003;12.01.2024;228.531;10387;155;47;41;2024-01-12 02:18:00 UTC
tiktok;tt_camp_002;tt_adset_003;tt_ad_003;12.01.2024;232.8939;10585;158;48;42;2024-01-12 06:46:35 UTC
tiktok;tt_camp_002;tt_adset_003;tt_ad_003;12.01.2024;237.2568;10784;161;49;43;2024-01-12 11:08:11 UTC
tiktok;tt_camp_002;tt_adset_003;tt_ad_003;12.01.2024;241.6196;10982;164;50;44;2024-01-12 15:33:47 UTC
tiktok;tt_camp_002;tt_adset_003;tt_ad_003;12.01.2024;245.9825;11180;167;51;45;2024-01-12 19:51:23 UTC
tiktok;tt_camp_002;tt_adset_003;tt_ad_003;12.01.2024;250.3454;11379;170;52;46;2024-01-13 00:14:59 UTC
tiktok;tt_camp_002;tt_adset_003;tt_ad_003;13.01.2024;251.9384;11451;171;52;46;2024-01-13 03:43:00 UTC
tiktok;tt_camp_002;tt_adset_003;tt_ad_003;13.01.2024;253.5315;11523;172;53;46;2024-01-13 10:24:19 UTC
tiktok;tt_camp_002;tt_adset_003;tt_ad_003;13.01.2024;255.1246;11595;173;53;46;2024-01-13 17:17:39 UTC
tiktok;tt_camp_002;tt_adset_003;tt_ad_003;13.01.2024;256.7176;11668;175;54;47;2024-01-14 00:10:59 UTC
tiktok;tt_camp_002;tt_adset_003;tt_ad_003;14.01.2024;258.9334;11768;176;54;47;2024-01-14 02:51:00 UTC
tiktok;tt_camp_002;tt_adset_003;tt_ad_003;14.01.2024;261.1492;11869;178;55;48;2024-01-14 07:06:11 UTC
tiktok;tt_camp_002;tt_adset_003;tt_ad_003;14.01.2024;263.365;11970;179;55;48;2024-01-14 11:17:23 UTC
tiktok;tt_camp_002;tt_adset_003;tt_ad_003;14.01.2024;265.5809;12071;181;56;49;2024-01-14 15:34:35 UTC
tiktok;tt_camp_002;tt_adset_003;tt_ad_003;14.01.2024;267.7967;12172;182;56;49;2024-01-14 19:51:47 UTC
tiktok;tt_camp_002;tt_adset_003;tt_ad_003;14.01.2024;270.0125;12273;184;57;50;2024-01-15 00:02:59 UTC
tiktok;tt_camp_002;tt_adset_003;tt_ad_003;15.01.2024;277.0388;12592;188;58;51;2024-01-15 01:58:00 UTC
tiktok;tt_camp_002;tt_adset_003;tt_ad_003;15.01.2024;284.065;12911;193;59;52;2024-01-15 06:24:11 UTC
tiktok;tt_camp_002;tt_adset_003;tt_ad_003;15.01.2024;291.0912;13231;198;61;54;2024-01-15 10:58:23 UTC
tiktok;tt_camp_002;tt_adset_003;tt_ad_003;15.01.2024;298.1175;13550;202;62;55;2024-01-15 15:21:35 UTC
tiktok;tt_camp_002;tt_adset_003;tt_ad_003;15.01.2024;305.1438;13869;207;63;56;2024-01-15 19:37:47 UTC
tiktok;tt_camp_002;tt_adset_003;tt_ad_003;15.01.2024;312.17;14189;212;65;58;2024-01-16 00:12:59 UTC
tiktok;tt_camp_002;tt_adset_003;tt_ad_003;16.01.2024;312.9024;14222;212;65;58;2024-01-16 00:42:00 UTC
tiktok;tt_camp_002;tt_adset_003;tt_ad_003;16.01.2024;313.6347;14255;213;65;58;2024-01-16 05:22:59 UTC
tiktok;tt_camp_002;tt_adset_003;tt_ad_003;16.01.2024;314.367;14289;213;65;58;2024-01-16 10:05:59 UTC
tiktok;tt_camp_002;tt_adset_003;tt_ad_003;16.01.2024;315.0994;14322;214;65;58;2024-01-16 14:46:59 UTC
tiktok;tt_camp_002;tt_adset_003;tt_ad_003;16.01.2024;315.8318;14355;214;65;58;2024-01-16 19:21:59 UTC
tiktok;tt_camp_002;tt_adset_003;tt_ad_003;16.01.2024;316.5641;14389;215;66;58;2024-01-17 00:06:59 UTC
tiktok;tt_camp_002;tt_adset_003;tt_ad_003;17.01.2024;324.5062;14750;220;67;59;2024-01-17 02:19:00 UTC
tiktok;tt_camp_002;tt_adset_003;tt_ad_003;17.01.2024;332.4482;15111;226;69;61;2024-01-17 09:39:39 UTC
tiktok;tt_camp_002;tt_adset_003;tt_ad_003;17.01.2024;340.3902;15472;231;71;62;2024-01-17 16:46:19 UTC
tiktok;tt_camp_002;tt_adset_003;tt_ad_003;17.01.2024;348.3323;15833;237;73;64;2024-01-18 00:14:59 UTC
tiktok;tt_camp_002;tt_adset_003;tt_ad_003;18.01.2024;348.6709;15848;237;73;64;2024-01-18 02:14:00 UTC
tiktok;tt_camp_002;tt_adset_003;tt_ad_003;18.01.2024;349.0094;15863;237;73;64;2024-01-18 06:39:59 UTC
tiktok;tt_camp_002;tt_adset_003;tt_ad_003;18.01.2024;349.348;15879;237;73;64;2024-01-18 11:04:59 UTC
tiktok;tt_camp_002;tt_adset_003;tt_ad_003;18.01.2024;349.6866;15894;237;73;64;2024-01-18 15:17:59 UTC
tiktok;tt_camp_002;tt_adset_003;tt_ad_003;18.01.2024;350.0251;15909;237;73;64;2024-01-18 19:37:59 UTC
tiktok;tt_camp_002;tt_adset_003;tt_ad_003;18.01.2024;350.3637;15925;238;73;65;2024-01-19 00:04:59 UTC
tiktok;tt_camp_002;tt_adset_003;tt_ad_003;19.01.2024;360.5434;16387;245;75;66;2024-01-19 00:57:00 UTC
tiktok;tt_camp_002;tt_adset_003;tt_ad_003;19.01.2024;370.7231;16850;252;77;68;2024-01-19 05:35:59 UTC
tiktok;tt_camp_002;tt_adset_003;tt_ad_003;19.01.2024;380.9028;17313;259;79;70;2024-01-19 10:21:59 UTC
tiktok;tt_camp_002;tt_adset_003;tt_ad_003;19.01.2024;391.0825;17775;266;81;72;2024-01-19 14:58:59 UTC
tiktok;tt_camp_002;tt_adset_003;tt_ad_003;19.01.2024;401.2622;18238;273;83;74;2024-01-19 19:32:59 UTC
tiktok;tt_camp_002;tt_adset_003;tt_ad_003;19.01.2024;411.4419;18701;280;86;76;2024-01-20 00:11:59 UTC
tiktok;tt_camp_002;tt_adset_003;tt_ad_003;20.01.2024;414.7;18849;282;86;76;2024-01-20 03:27:00 UTC
tiktok;tt_camp_002;tt_adset_003;tt_ad_003;20.01.2024;417.9581;18997;284;87;77;2024-01-20 10:23:39 UTC
tiktok;tt_camp_002;tt_adset_003;tt_ad_003;20.01.2024;421.2162;19145;286;88;77;2024-01-20 17:10:19 UTC
tiktok;tt_camp_002;tt_adset_003;tt_ad_003;20.01.2024;424.4743;19294;289;89;78;2024-01-21 00:04:59 UTC
tiktok;tt_camp_002;tt_adset_003;tt_ad_003;21.01.2024;433.6632;19711;295;91;79;2024-01-21 02:03:00 UTC
tiktok;tt_camp_002;tt_adset_003;tt_ad_003;21.01.2024;442.852;20129;301;93;81;2024-01-21 13:11:29 UTC
tiktok;tt_camp_002;tt_adset_003;tt_ad_003;21.01.2024;452.0409;20547;308;95;83;2024-01-22 00:01:59 UTC
tiktok;tt_camp_002;tt_adset_003;tt_ad_003;22.01.2024;455.776;20716;310;95;83;2024-01-22 01:54:00 UTC
tiktok;tt_camp_002;tt_adset_003;tt_ad_003;22.01.2024;459.5112;20886;313;96;84;2024-01-22 06:23:11 UTC
tiktok;tt_camp_002;tt_adset_003;tt_ad_003;22.01.2024;463.2464;21056;315;97;85;2024-01-22 10:42:23 UTC
tiktok;tt_camp_002;tt_adset_003;tt_ad_003;22.01.2024;466.9815;21225;318;98;86;2024-01-22 15:12:35 UTC
tiktok;tt_camp_002;tt_adset_003;tt_ad_003;22.01.2024;470.7166;21395;320;99;87;2024-01-22 19:47:47 UTC
tiktok;tt_camp_002;tt_adset_003;tt_ad_003;22.01.2024;474.4518;21565;323;100;88;2024-01-23 00:03:59 UTC
tiktok;tt_camp_002;tt_adset_003;tt_ad_003;23.01.2024;479.0567;21774;326;101;88;2024-01-23 02:32:00 UTC
tiktok;tt_camp_002;tt_adset_003;tt_ad_003;23.01.2024;483.6617;21983;329;102;89;2024-01-23 07:56:59 UTC
tiktok;tt_camp_002;tt_adset_003;tt_ad_003;23.01.2024;488.2666;22193;332;103;90;2024-01-23 13:22:59 UTC
tiktok;tt_camp_002;tt_adset_003;tt_ad_003;23.01.2024;492.8716;22402;335;104;91;2024-01-23 18:41:59 UTC
tiktok;tt_camp_002;tt_adset_003;tt_ad_003;23.01.2024;497.4765;22612;339;105;92;2024-01-24 00:04:59 UTC
tiktok;tt_camp_002;tt_adset_003;tt_ad_003;24.01.2024;502.6437;22846;342;106;93;2024-01-24 02:47:00 UTC
tiktok;tt_camp_002;tt_adset_003;tt_ad_003;24.01.2024;507.8109;23081;345;107;94;2024-01-24 08:01:59 UTC
tiktok;tt_camp_002;tt_adset_003;tt_ad_003;24.01.2024;512.9781;23316;349;108;95;2024-01-24 13:23:59 UTC
tiktok;tt_camp_002;tt_adset_003;tt_ad_003;24.01.2024;518.1453;23551;352;109;96;2024-01-24 18:39:59 UTC
tiktok;tt_camp_002;tt_adset_003;tt_ad_003;24.01.2024;523.3125;23786;356;110;97;2024-01-25 00:12:59 UTC
tiktok;tt_camp_002;tt_adset_003;tt_ad_003;25.01.2024;523.9086;23813;356;110;97;2024-01-25 03:02:00 UTC
tiktok;tt_camp_002;tt_adset_003;tt_ad_003;25.01.2024;524.5048;23840;357;110;97;2024-01-25 07:16:23 UTC
tiktok;tt_camp_002;tt_adset_003;tt_ad_003;25.01.2024;525.101;23867;357;110;97;2024-01-25 11:28:47 UTC
tiktok;tt_camp_002;tt_adset_003;tt_ad_003;25.01.2024;525.6971;23894;358;110;97;2024-01-25 15:42:11 UTC
tiktok;tt_camp_002;tt_adset_003;tt_ad_003;25.01.2024;526.2933;23921;358;110;97;2024-01-25 19:48:35 UTC
tiktok;tt_camp_002;tt_adset_003;tt_ad_003;25.01.2024;526.8894;23949;359;111;97;2024-01-26 00:09:59 UTC
tiktok;tt_camp_002;tt_adset_003;tt_ad_003;26.01.2024;532.7343;24214;363;112;98;2024-01-26 01:06:00 UTC
tiktok;tt_camp_002;tt_adset_003;tt_ad_003;26.01.2024;538.5792;24480;367;113;99;2024-01-26 08:49:39 UTC
tiktok;tt_camp_002;tt_adset_003;tt_ad_003;26.01.2024;544.4241;24746;371;114;100;2024-01-26 16:35:19 UTC
tiktok;tt_camp_002;tt_adset_003;tt_ad_003;26.01.2024;550.269;25012;375;116;102;2024-01-27 00:09:59 UTC
tiktok;tt_camp_002;tt_adset_003;tt_ad_003;27.01.2024;553.2272;25146;377;116;102;2024-01-27 02:13:00 UTC
tiktok;tt_camp_002;tt_adset_003;tt_ad_003;27.01.2024;556.1854;25280;379;117;103;2024-01-27 06:37:11 UTC
tiktok;tt_camp_002;tt_adset_003;tt_ad_003;27.01.2024;559.1436;25415;381;117;103;2024-01-27 10:57:23 UTC
tiktok;tt_camp_002;tt_adset_003;tt_ad_003;27.01.2024;562.1018;25549;383;118;104;2024-01-27 15:22:35 UTC
tiktok;tt_camp_002;tt_adset_003;tt_ad_003;27.01.2024;565.06;25683;385;118;104;2024-01-27 19:47:47 UTC
tiktok;tt_camp_002;tt_adset_003;tt_ad_003;27.01.2024;568.0182;25818;387;119;105;2024-01-28 00:13:59 UTC
tiktok;tt_camp_002;tt_adset_003;tt_ad_003;28.01.2024;571.2915;25967;389;119;105;2024-01-28 03:46:00 UTC
tiktok;tt_camp_002;tt_adset_003;tt_ad_003;28.01.2024;574.5648;26116;391;120;106;2024-01-28 10:34:19 UTC
tiktok;tt_camp_002;tt_adset_003;tt_ad_003;28.01.2024;577.838;26265;393;121;106;2024-01-28 17:17:39 UTC
tiktok;tt_camp_002;tt_adset_003;tt_ad_003;28.01.2024;581.1113;26414;396;122;107;2024-01-29 00:04:59 UTC
tiktok;tt_camp_002;tt_adset_003;tt_ad_003;29.01.2024;582.8577;26493;397;122;107;2024-01-29 03:32:00 UTC
tiktok;tt_camp_002;tt_adset_003;tt_ad_003;29.01.2024;584.6041;26572;398;122;107;2024-01-29 07:47:11 UTC
tiktok;tt_camp_002;tt_adset_003;tt_ad_003;29.01.2024;586.3506;26652;399;123;108;2024-01-29 11:54:23 UTC
tiktok;tt_camp_002;tt_adset_003;tt_ad_003;29.01.2024;588.097;26731;400;123;108;2024-01-29 15:53:35 UTC
tiktok;tt_camp_002;tt_adset_003;tt_ad_003;29.01.2024;589.8434;26810;401;123;108;2024-01-29 19:56:47 UTC
tiktok;tt_camp_002;tt_adset_003;tt_ad_003;29.01.2024;591.5898;26890;403;124;109;2024-01-30 00:02:59 UTC
tiktok;tt_camp_002;tt_adset_003;tt_ad_003;30.01.2024;595.559;27070;405;124;109;2024-01-30 02:13:00 UTC
tiktok;tt_camp_002;tt_adset_003;tt_ad_003;30.01.2024;599.5283;27250;408;125;110;2024-01-30 06:31:23 UTC
tiktok;tt_camp_002;tt_adset_003;tt_ad_003;30.01.2024;603.4976;27431;411;126;111;2024-01-30 10:57:47 UTC
tiktok;tt_camp_002;tt_adset_003;tt_ad_003;30.01.2024;607.4668;27611;413;127;112;2024-01-30 15:12:11 UTC
tiktok;tt_camp_002;tt_adset_003;tt_ad_003;30.01.2024;611.436;27791;416;128;113;2024-01-30 19:44:35 UTC
tiktok;tt_camp_002;tt_adset_003;tt_ad_003;30.01.2024;615.4053;27972;419;129;114;2024-01-31 00:00:59 UTC
tiktok;tt_camp_002;tt_adset_003;tt_ad_003;31.01.2024;618.2636;28102;421;129;114;2024-01-31 00:49:00 UTC
tiktok;tt_camp_002;tt_adset_003;tt_ad_003;31.01.2024;621.1218;28232;423;130;114;2024-01-31 12:30:59 UTC
tiktok;tt_camp_002;tt_adset_003;tt_ad_003;31.01.2024;623.9801;28362;425;131;115;2024-02-01 00:02:59 UTC
tiktok;tt_camp_002;tt_adset_003;tt_ad_003;01.02.2024;634.3925;28835;432;133;117;2024-02-01 00:48:00 UTC
tiktok;tt_camp_002;tt_adset_003;tt_ad_003;01.02.2024;644.8048;29308;439;135;119;2024-02-01 08:30:59 UTC
tiktok;tt_camp_002;tt_adset_003;tt_ad_003;01.02.2024;655.2171;29781;446;137;121;2024-02-01 16:18:59 UTC
tiktok;tt_camp_002;tt_adset_003;tt_ad_003;01.02.2024;665.6295;30255;453;140;123;2024-02-02 00:08:59 UTC
tiktok;tt_camp_002;tt_adset_003;tt_ad_003;02.02.2024;670.465;30474;456;141;124;2024-02-02 02:13:00 UTC
tiktok;tt_camp_002;tt_adset_003;tt_ad_003;02.02.2024;675.3006;30694;459;142;125;2024-02-02 06:37:23 UTC
tiktok;tt_camp_002;tt_adset_003;tt_ad_003;02.02.2024;680.1361;30914;463;143;126;2024-02-02 11:00:47 UTC
tiktok;tt_camp_002;tt_adset_003;tt_ad_003;02.02.2024;684.9716;31134;466;144;127;2024-02-02 15:28:11 UTC
tiktok;tt_camp_002;tt_adset_003;tt_ad_003;02.02.2024;689.8072;31354;469;145;128;2024-02-02 19:46:35 UTC
tiktok;tt_camp_002;tt_adset_003;tt_ad_003;02.02.2024;694.6427;31574;473;146;129;2024-02-03 00:14:59 UTC
tiktok;tt_camp_002;tt_adset_003;tt_ad_003;03.02.2024;698.7907;31762;475;146;129;2024-02-03 03:02:00 UTC
tiktok;tt_camp_002;tt_adset_003;tt_ad_003;03.02.2024;702.9387;31951;478;147;130;2024-02-03 07:21:47 UTC
tiktok;tt_camp_002;tt_adset_003;tt_ad_003;03.02.2024;707.0867;32139;481;148;131;2024-02-03 11:33:35 UTC
tiktok;tt_camp_002;tt_adset_003;tt_ad_003;03.02.2024;711.2347;32328;484;149;131;2024-02-03 15:43:23 UTC
tiktok;tt_camp_002;tt_adset_003;tt_ad_003;03.02.2024;715.3827;32516;487;150;132;2024-02-03 19:49:11 UTC
tiktok;tt_camp_002;tt_adset_003;tt_ad_003;03.02.2024;719.5307;32705;490;151;133;2024-02-04 00:00:59 UTC
tiktok;tt_camp_002;tt_adset_003;tt_ad_003;04.02.2024;727.626;33073;495;152;134;2024-02-04 02:10:00 UTC
tiktok;tt_camp_002;tt_adset_003;tt_ad_003;04.02.2024;735.7212;33441;501;154;136;2024-02-04 07:44:44 UTC
tiktok;tt_camp_002;tt_adset_003;tt_ad_003;04.02.2024;743.8165;33809;506;156;137;2024-02-04 13:12:29 UTC
tiktok;tt_camp_002;tt_adset_003;tt_ad_003;04.02.2024;751.9117;34177;512;158;139;2024-02-04 18:41:14 UTC
tiktok;tt_camp_002;tt_adset_003;tt_ad_003;04.02.2024;760.007;34545;518;160;141;2024-02-05 00:06:59 UTC
tiktok;tt_camp_002;tt_adset_003;tt_ad_003;05.02.2024;760.7487;34578;518;160;141;2024-02-05 01:00:00 UTC
tiktok;tt_camp_002;tt_adset_003;tt_ad_003;05.02.2024;761.4904;34612;519;160;141;2024-02-05 08:47:39 UTC
tiktok;tt_camp_002;tt_adset_003;tt_ad_003;05.02.2024;762.2321;34646;519;160;141;2024-02-05 16:22:19 UTC
tiktok;tt_camp_002;tt_adset_003;tt_ad_003;05.02.2024;762.9738;34680;520;161;141;2024-02-06 00:03:59 UTC
tiktok;tt_camp_002;tt_adset_003;tt_ad_003;06.02.2024;764.5155;34750;521;161;141;2024-02-06 02:58:00 UTC
tiktok;tt_camp_002;tt_adset_003;tt_ad_003;06.02.2024;766.0573;34820;522;161;141;2024-02-06 09:59:39 UTC
tiktok;tt_camp_002;tt_adset_003;tt_ad_003;06.02.2024;767.599;34890;523;161;141;2024-02-06 17:10:19 UTC
tiktok;tt_camp_002;tt_adset_003;tt_ad_003;06.02.2024;769.1407;34960;524;162;142;2024-02-07 00:06:59 UTC
tiktok;tt_camp_002;tt_adset_003;tt_ad_003;07.02.2024;779.1157;35413;530;164;144;2024-02-07 02:33:00 UTC
tiktok;tt_camp_002;tt_adset_003;tt_ad_003;07.02.2024;789.0908;35867;537;166;146;2024-02-07 13:22:29 UTC
tiktok;tt_camp_002;tt_adset_003;tt_ad_003;07.02.2024;799.0658;36321;544;168;148;2024-02-08 00:03:59 UTC
tiktok;tt_camp_002;tt_adset_003;tt_ad_003;08.02.2024;801.8212;36446;546;168;148;2024-02-08 02:57:00 UTC
tiktok;tt_camp_002;tt_adset_003;tt_ad_003;08.02.2024;804.5766;36571;548;169;149;2024-02-08 10:02:39 UTC
tiktok;tt_camp_002;tt_adset_003;tt_ad_003;08.02.2024;807.3319;36696;550;170;149;2024-02-08 16:56:19 UTC
tiktok;tt_camp_002;tt_adset_003;tt_ad_003;08.02.2024;810.0873;36822;552;171;150;2024-02-09 00:10:59 UTC
tiktok;tt_camp_002;tt_adset_003;tt_ad_003;09.02.2024;814.1759;37007;554;171;150;2024-02-09 00:32:00 UTC
tiktok;tt_camp_002;tt_adset_003;tt_ad_003;09.02.2024;818.2644;37193;557;172;151;2024-02-09 12:19:29 UTC
tiktok;tt_camp_002;tt_adset_003;tt_ad_003;09.02.2024;822.353;37379;560;173;152;2024-02-10 00:08:59 UTC
tiktok;tt_camp_002;tt_adset_003;tt_ad_003;10.02.2024;823.237;37419;560;173;152;2024-02-10 00:41:00 UTC
tiktok;tt_camp_002;tt_adset_003;tt_ad_003;10.02.2024;824.121;37459;561;173;152;2024-02-10 05:31:59 UTC
tiktok;tt_camp_002;tt_adset_003;tt_ad_003;10.02.2024;825.005;37499;562;173;152;2024-02-10 10:02:59 UTC
tiktok;tt_camp_002;tt_adset_003;tt_ad_003;10.02.2024;825.8889;37539;562;173;152;2024-02-10 14:41:59 UTC
tiktok;tt_camp_002;tt_adset_003;tt_ad_003;10.02.2024;826.7729;37579;563;173;152;2024-02-10 19:27:59 UTC
tiktok;tt_camp_002;tt_adset_003;tt_ad_003;10.02.2024;827.6569;37620;564;174;153;2024-02-11 00:13:59 UTC
tiktok;tt_camp_002;tt_adset_003;tt_ad_003;11.02.2024;829.0897;37685;565;174;153;2024-02-11 02:50:00 UTC
tiktok;tt_camp_002;tt_adset_003;tt_ad_003;11.02.2024;830.5226;37750;566;174;153;2024-02-11 06:54:47 UTC
tiktok;tt_camp_002;tt_adset_003;tt_ad_003;11.02.2024;831.9554;37815;567;175;154;2024-02-11 11:24:35 UTC
tiktok;tt_camp_002;tt_adset_003;tt_ad_003;11.02.2024;833.3882;37880;568;175;154;2024-02-11 15:35:23 UTC
tiktok;tt_camp_002;tt_adset_003;tt_ad_003;11.02.2024;834.8211;37945;569;175;154;2024-02-11 19:58:11 UTC
tiktok;tt_camp_002;tt_adset_003;tt_ad_003;11.02.2024;836.2539;38011;570;176;155;2024-02-12 00:00:59 UTC
tiktok;tt_camp_002;tt_adset_003;tt_ad_003;12.02.2024;846.8231;38491;577;178;157;2024-02-12 02:11:00 UTC
tiktok;tt_camp_002;tt_adset_003;tt_ad_003;12.02.2024;857.3923;38972;584;180;159;2024-02-12 09:29:59 UTC
tiktok;tt_camp_002;tt_adset_003;tt_ad_003;12.02.2024;867.9614;39452;591;182;161;2024-02-12 16:53:59 UTC
tiktok;tt_camp_002;tt_adset_003;tt_ad_003;12.02.2024;878.5306;39933;598;185;163;2024-02-13 00:09:59 UTC
tiktok;tt_camp_002;tt_adset_003;tt_ad_003;13.02.2024;883.4356;40155;601;186;163;2024-02-13 02:17:00 UTC
tiktok;tt_camp_002;tt_adset_003;tt_ad_003;13.02.2024;888.3406;40378;605;187;164;2024-02-13 06:27:35 UTC
tiktok;tt_camp_002;tt_adset_003;tt_ad_003;13.02.2024;893.2456;40601;608;188;165;2024-02-13 11:00:11 UTC
tiktok;tt_camp_002;tt_adset_003;tt_ad_003;13.02.2024;898.1507;40824;612;189;166;2024-02-13 15:27:47 UTC
tiktok;tt_camp_002;tt_adset_003;tt_ad_003;13.02.2024;903.0557;41047;615;190;167;2024-02-13 19:41:23 UTC
tiktok;tt_camp_002;tt_adset_003;tt_ad_003;13.02.2024;907.9607;41270;619;191;168;2024-02-14 00:14:59 UTC
tiktok;tt_camp_002;tt_adset_003;tt_ad_003;14.02.2024;915.835;41628;624;192;169;2024-02-14 02:13:00 UTC
tiktok;tt_camp_002;tt_adset_003;tt_ad_003;14.02.2024;923.7092;41986;629;194;171;2024-02-14 13:05:29 UTC
tiktok;tt_camp_002;tt_adset_003;tt_ad_003;14.02.2024;931.5835;42344;635;196;173;2024-02-15 00:00:59 UTC
tiktok;tt_camp_002;tt_adset_003;tt_ad_003;15.02.2024;934.7522;42488;637;196;173;2024-02-15 02:02:00 UTC
tiktok;tt_camp_002;tt_adset_003;tt_ad_003;15.02.2024;937.921;42632;639;197;174;2024-02-15 09:23:59 UTC
tiktok;tt_camp_002;tt_adset_003;tt_ad_003;15.02.2024;941.0897;42776;641;198;174;2024-02-15 16:49:59 UTC
tiktok;tt_camp_002;tt_adset_003;tt_ad_003;15.02.2024;944.2584;42920;643;199;175;2024-02-16 00:06:59 UTC
tiktok;tt_camp_002;tt_adset_003;tt_ad_003;16.02.2024;951.7725;43261;648;200;176;2024-02-16 02:20:00 UTC
tiktok;tt_camp_002;tt_adset_003;tt_ad_003;16.02.2024;959.2867;43603;653;202;177;2024-02-16 13:08:59 UTC
tiktok;tt_camp_002;tt_adset_003;tt_ad_003;16.02.2024;966.8008;43945;659;204;179;2024-02-17 00:09:59 UTC
tiktok;tt_camp_002;tt_adset_003;tt_ad_003;17.02.2024;974.2652;44284;664;205;180;2024-02-17 02:37:00 UTC
tiktok;tt_camp_002;tt_adset_003;tt_ad_003;17.02.2024;981.7297;44623;669;207;181;2024-02-17 06:55:11 UTC
tiktok;tt_camp_002;tt_adset_003;tt_ad_003;17.02.2024;989.1941;44963;674;208;183;2024-02-17 11:05:23 UTC
tiktok;tt_camp_002;tt_adset_003;tt_ad_003;17.02.2024;996.6585;45302;679;210;184;2024-02-17 15:34:35 UTC
tiktok;tt_camp_002;tt_adset_003;tt_ad_003;17.02.2024;1004.123;45641;684;211;185;2024-02-17 19:52:47 UTC
tiktok;tt_camp_002;tt_adset_003;tt_ad_003;17.02.2024;1011.5874;45981;689;213;187;2024-02-18 00:11:59 UTC
tiktok;tt_camp_002;tt_adset_003;tt_ad_003;18.02.2024;1015.3408;46151;691;214;188;2024-02-18 02:05:00 UTC
tiktok;tt_camp_002;tt_adset_003;tt_ad_003;18.02.2024;1019.0943;46321;694;215;189;2024-02-18 13:08:29 UTC
tiktok;tt_camp_002;tt_adset_003;tt_ad_003;18.02.2024;1022.8477;46492;697;216;190;2024-02-19 00:03:59 UTC
tiktok;tt_camp_002;tt_adset_003;tt_ad_003;19.02.2024;1029.5103;46795;701;217;191;2024-02-19 02:51:00 UTC
tiktok;tt_camp_002;tt_adset_003;tt_ad_003;19.02.2024;1036.1729;47098;706;218;192;2024-02-19 13:28:59 UTC
tiktok;tt_camp_002;tt_adset_003;tt_ad_003;19.02.2024;1042.8355;47401;711;220;193;2024-02-20 00:09:59 UTC
tiktok;tt_camp_002;tt_adset_003;tt_ad_003;20.02.2024;1053.4283;47882;718;222;195;2024-02-20 02:12:00 UTC
tiktok;tt_camp_002;tt_adset_003;tt_ad_003;20.02.2024;1064.0212;48364;725;224;197;2024-02-20 06:29:47 UTC
tiktok;tt_camp_002;tt_adset_003;tt_ad_003;20.02.2024;1074.614;48845;732;226;199;2024-02-20 11:01:35 UTC
tiktok;tt_camp_002;tt_adset_003;tt_ad_003;20.02.2024;1085.2068;49327;739;228;201;2024-02-20 15:20:23 UTC
tiktok;tt_camp_002;tt_adset_003;tt_ad_003;20.02.2024;1095.7997;49808;746;230;203;2024-02-20 19:44:11 UTC
tiktok;tt_camp_002;tt_adset_003;tt_ad_003;20.02.2024;1106.3925;50290;754;233;205;2024-02-21 00:03:59 UTC
tiktok;tt_camp_002;tt_adset_003;tt_ad_003;21.02.2024;1113.189;50599;758;234;206;2024-02-21 03:30:00 UTC
tiktok;tt_camp_002;tt_adset_003;tt_ad_003;21.02.2024;1119.9855;50908;763;235;207;2024-02-21 08:46:14 UTC
tiktok;tt_camp_002;tt_adset_003;tt_ad_003;21.02.2024;1126.7821;51217;767;237;208;2024-02-21 13:53:29 UTC
tiktok;tt_camp_002;tt_adset_003;tt_ad_003;21.02.2024;1133.5786;51526;772;238;209;2024-02-21 19:02:44 UTC
tiktok;tt_camp_002;tt_adset_003;tt_ad_003;21.02.2024;1140.3751;51835;777;240;211;2024-02-22 00:06:59 UTC
tiktok;tt_camp_002;tt_adset_003;tt_ad_003;22.02.2024;1144.6509;52029;780;241;212;2024-02-22 02:55:00 UTC
tiktok;tt_camp_002;tt_adset_003;tt_ad_003;22.02.2024;1148.9267;52223;783;242;213;2024-02-22 13:37:29 UTC
tiktok;tt_camp_002;tt_adset_003;tt_ad_003;22.02.2024;1153.2025;52418;786;243;214;2024-02-23 00:01:59 UTC
tiktok;tt_camp_002;tt_adset_003;tt_ad_003;23.02.2024;1163.9044;52904;793;245;216;2024-02-23 02:16:00 UTC
tiktok;tt_camp_002;tt_adset_003;tt_ad_003;23.02.2024;1174.6063;53390;800;247;218;2024-02-23 13:16:29 UTC
tiktok;tt_camp_002;tt_adset_003;tt_ad_003;23.02.2024;1185.3082;53877;808;250;220;2024-02-24 00:12:59 UTC
tiktok;tt_camp_002;tt_adset_003;tt_ad_003;24.02.2024;1186.3875;53926;808;250;220;2024-02-24 03:26:00 UTC
tiktok;tt_camp_002;tt_adset_003;tt_ad_003;24.02.2024;1187.4668;53975;809;250;220;2024-02-24 10:15:19 UTC
tiktok;tt_camp_002;tt_adset_003;tt_ad_003;24.02.2024;1188.546;54024;810;250;220;2024-02-24 17:08:39 UTC
tiktok;tt_camp_002;tt_adset_003;tt_ad_003;24.02.2024;1189.6253;54073;811;251;221;2024-02-25 00:00:59 UTC
tiktok;tt_camp_002;tt_adset_003;tt_ad_003;25.02.2024;1193.5009;54249;813;251;221;2024-02-25 03:36:00 UTC
tiktok;tt_camp_002;tt_adset_003;tt_ad_003;25.02.2024;1197.3764;54425;816;252;222;2024-02-25 08:37:14 UTC
tiktok;tt_camp_002;tt_adset_003;tt_ad_003;25.02.2024;1201.252;54601;818;253;222;2024-02-25 13:43:29 UTC
tiktok;tt_camp_002;tt_adset_003;tt_ad_003;25.02.2024;1205.1275;54777;821;254;223;2024-02-25 18:53:44 UTC
tiktok;tt_camp_002;tt_adset_003;tt_ad_003;25.02.2024;1209.0031;54954;824;255;224;2024-02-26 00:01:59 UTC
tiktok;tt_camp_002;tt_adset_003;tt_ad_003;26.02.2024;1217.0234;55318;829;256;225;2024-02-26 03:37:00 UTC
tiktok;tt_camp_002;tt_adset_003;tt_ad_003;26.02.2024;1225.0437;55683;835;258;227;2024-02-26 10:27:39 UTC
tiktok;tt_camp_002;tt_adset_003;tt_ad_003;26.02.2024;1233.0641;56047;840;260;228;2024-02-26 17:18:19 UTC
tiktok;tt_camp_002;tt_adset_003;tt_ad_003;26.02.2024;1241.0844;56412;846;262;230;2024-02-27 00:06:59 UTC
tiktok;tt_camp_002;tt_adset_003;tt_ad_003;27.02.2024;1250.1516;56824;852;263;231;2024-02-27 00:11:00 UTC
tiktok;tt_camp_002;tt_adset_003;tt_ad_003;27.02.2024;1259.2187;57236;858;265;233;2024-02-27 12:11:29 UTC
tiktok;tt_camp_002;tt_adset_003;tt_ad_003;27.02.2024;1268.2859;57649;864;267;235;2024-02-28 00:01:59 UTC
tiktok;tt_camp_002;tt_adset_003;tt_ad_003;28.02.2024;1274.659;57938;868;268;236;2024-02-28 03:05:00 UTC
tiktok;tt_camp_002;tt_adset_003;tt_ad_003;28.02.2024;1281.0322;58228;872;269;237;2024-02-28 08:21:59 UTC
tiktok;tt_camp_002;tt_adset_003;tt_ad_003;28.02.2024;1287.4053;58517;877;271;238;2024-02-28 13:36:59 UTC
tiktok;tt_camp_002;tt_adset_003;tt_ad_003;28.02.2024;1293.7785;58807;881;272;239;2024-02-28 18:57:59 UTC
tiktok;tt_camp_002;tt_adset_003;tt_ad_003;28.02.2024;1300.1516;59097;886;274;241;2024-02-29 00:01:59 UTC
tiktok;tt_camp_002;tt_adset_003;tt_ad_003;29.02.2024;1309.3688;59516;892;276;242;2024-02-29 01:50:00 UTC
tiktok;tt_camp_002;tt_adset_003;tt_ad_003;29.02.2024;1318.586;59935;898;278;244;2024-02-29 09:11:39 UTC
tiktok;tt_camp_002;tt_adset_003;tt_ad_003;29.02.2024;1327.8032;60354;904;280;246;2024-02-29 16:37:19 UTC
tiktok;tt_camp_002;tt_adset_003;tt_ad_003;29.02.2024;1337.0204;60773;911;282;248;2024-03-01 00:04:59 UTC
tiktok;tt_camp_002;tt_adset_003;tt_ad_003;01.03.2024;1342.7694;61034;915;283;249;2024-03-01 02:34:00 UTC
tiktok;tt_camp_002;tt_adset_003;tt_ad_003;01.03.2024;1348.5185;61295;919;284;250;2024-03-01 07:55:14 UTC
tiktok;tt_camp_002;tt_adset_003;tt_ad_003;01.03.2024;1354.2675;61557;923;285;251;2024-03-01 13:18:29 UTC
tiktok;tt_camp_002;tt_adset_003;tt_ad_003;01.03.2024;1360.0166;61818;927;286;252;2024-03-01 18:44:44 UTC
tiktok;tt_camp_002;tt_adset_003;tt_ad_003;01.03.2024;1365.7656;62080;931;288;253;2024-03-02 00:04:59 UTC
tiktok;tt_camp_002;tt_adset_003;tt_ad_003;02.03.2024;1370.4591;62293;934;289;253;2024-03-02 02:43:00 UTC
tiktok;tt_camp_002;tt_adset_003;tt_ad_003;02.03.2024;1375.1525;62506;937;290;254;2024-03-02 06:49:59 UTC
tiktok;tt_camp_002;tt_adset_003;tt_ad_003;02.03.2024;1379.846;62720;940;291;255;2024-03-02 11:11:59 UTC
tiktok;tt_camp_002;tt_adset_003;tt_ad_003;02.03.2024;1384.5395;62933;943;292;256;2024-03-02 15:28:59 UTC
tiktok;tt_camp_002;tt_adset_003;tt_ad_003;02.03.2024;1389.2329;63146;946;293;257;2024-03-02 19:45:59 UTC
tiktok;tt_camp_002;tt_adset_003;tt_ad_003;02.03.2024;1393.9264;63360;950;294;258;2024-03-03 00:11:59 UTC
tiktok;tt_camp_002;tt_adset_003;tt_ad_003;03.03.2024;1397.9304;63542;952;294;258;2024-03-03 01:31:00 UTC
tiktok;tt_camp_002;tt_adset_003;tt_ad_003;03.03.2024;1401.9344;63724;955;295;259;2024-03-03 06:02:11 UTC
tiktok;tt_camp_002;tt_adset_003;tt_ad_003;03.03.2024;1405.9385;63906;958;296;260;2024-03-03 10:34:23 UTC
tiktok;tt_camp_002;tt_adset_003;tt_ad_003;03.03.2024;1409.9425;64088;960;297;261;2024-03-03 15:00:35 UTC
tiktok;tt_camp_002;tt_adset_003;tt_ad_003;03.03.2024;1413.9465;64270;963;298;262;2024-03-03 19:36:47 UTC
tiktok;tt_camp_002;tt_adset_003;tt_ad_003;03.03.2024;1417.9505;64452;966;299;263;2024-03-04 00:05:59 UTC
tiktok;tt_camp_002;tt_adset_003;tt_ad_003;04.03.2024;1419.2329;64510;967;299;263;2024-03-04 02:34:00 UTC
tiktok;tt_camp_002;tt_adset_003;tt_ad_003;04.03.2024;1420.5152;64568;968;299;263;2024-03-04 06:53:23 UTC
tiktok;tt_camp_002;tt_adset_003;tt_ad_003;04.03.2024;1421.7976;64626;969;300;263;2024-03-04 11:18:47 UTC
tiktok;tt_camp_002;tt_adset_003;tt_ad_003;04.03.2024;1423.08;64684;970;300;263;2024-03-04 15:37:11 UTC
tiktok;tt_camp_002;tt_adset_003;tt_ad_003;04.03.2024;1424.3623;64742;971;300;263;2024-03-04 19:55:35 UTC
tiktok;tt_camp_002;tt_adset_003;tt_ad_003;04.03.2024;1425.6447;64801;972;301;264;2024-03-05 00:10:59 UTC
tiktok;tt_camp_002;tt_adset_003;tt_ad_003;05.03.2024;1436.2107;65281;979;303;266;2024-03-05 02:30:00 UTC
tiktok;tt_camp_002;tt_adset_003;tt_ad_003;05.03.2024;1446.7768;65761;986;305;268;2024-03-05 09:45:19 UTC
tiktok;tt_camp_002;tt_adset_003;tt_ad_003;05.03.2024;1457.3428;66241;993;307;270;2024-03-05 16:50:39 UTC
tiktok;tt_camp_002;tt_adset_003;tt_ad_003;05.03.2024;1467.9088;66722;1000;310;272;2024-03-06 00:07:59 UTC
tiktok;tt_camp_002;tt_adset_003;tt_ad_003;06.03.2024;1471.8921;66903;1002;310;272;2024-03-06 01:31:00 UTC
tiktok;tt_camp_002;tt_adset_003;tt_ad_003;06.03.2024;1475.8754;67084;1005;311;273;2024-03-06 07:08:44 UTC
tiktok;tt_camp_002;tt_adset_003;tt_ad_003;06.03.2024;1479.8587;67265;1008;312;274;2024-03-06 12:54:29 UTC
tiktok;tt_camp_002;tt_adset_003;tt_ad_003;06.03.2024;1483.842;67446;1011;313;275;2024-03-06 18:33:14 UTC
tiktok;tt_camp_002;tt_adset_003;tt_ad_003;06.03.2024;1487.8253;67628;1014;314;276;2024-03-07 00:10:59 UTC
tiktok;tt_camp_002;tt_adset_003;tt_ad_003;07.03.2024;1493.3923;67881;1017;315;277;2024-03-07 01:27:00 UTC
tiktok;tt_camp_002;tt_adset_003;tt_ad_003;07.03.2024;1498.9592;68134;1021;316;278;2024-03-07 05:56:59 UTC
tiktok;tt_camp_002;tt_adset_003;tt_ad_003;07.03.2024;1504.5262;68387;1025;317;279;2024-03-07 10:37:59 UTC
tiktok;tt_camp_002;tt_adset_003;tt_ad_003;07.03.2024;1510.0932;68640;1029;318;280;2024-03-07 15:08:59 UTC
tiktok;tt_camp_002;tt_adset_003;tt_ad_003;07.03.2024;1515.6601;68893;1033;319;281;2024-03-07 19:34:59 UTC
tiktok;tt_camp_002;tt_adset_003;tt_ad_003;07.03.2024;1521.2271;69146;1037;321;282;2024-03-08 00:05:59 UTC
tiktok;tt_camp_002;tt_adset_003;tt_ad_003;08.03.2024;1534.3524;69742;1046;323;284;2024-03-08 01:46:00 UTC
tiktok;tt_camp_002;tt_adset_003;tt_ad_003;08.03.2024;1547.4776;70339;1055;326;286;2024-03-08 12:51:29 UTC
tiktok;tt_camp_002;tt_adset_003;tt_ad_003;08.03.2024;1560.6029;70936;1064;329;289;2024-03-09 00:10:59 UTC
tiktok;tt_camp_002;tt_adset_003;tt_ad_003;09.03.2024;1565.0611;71138;1067;330;290;2024-03-09 03:49:00 UTC
tiktok;tt_camp_002;tt_adset_003;tt_ad_003;09.03.2024;1569.5194;71341;1070;331;291;2024-03-09 14:00:29 UTC
tiktok;tt_camp_002;tt_adset_003;tt_ad_003;09.03.2024;1573.9776;71544;1073;332;292;2024-03-10 00:12:59 UTC
tiktok;tt_camp_002;tt_adset_003;tt_ad_003;10.03.2024;1576.8522;71674;1074;332;292;2024-03-10 01:06:00 UTC
tiktok;tt_camp_002;tt_adset_003;tt_ad_003;10.03.2024;1579.7269;71805;1076;333;293;2024-03-10 06:51:59 UTC
tiktok;tt_camp_002;tt_adset_003;tt_ad_003;10.03.2024;1582.6015;71935;1078;333;293;2024-03-10 12:38:59 UTC
tiktok;tt_camp_002;tt_adset_003;tt_ad_003;10.03.2024;1585.4762;72066;1080;334;294;2024-03-10 18:19:59 UTC
tiktok;tt_camp_002;tt_adset_003;tt_ad_003;10.03.2024;1588.3508;72197;1082;335;295;2024-03-11 00:10:59 UTC
tiktok;tt_camp_002;tt_adset_003;tt_ad_003;11.03.2024;1591.0179;72318;1083;335;295;2024-03-11 01:45:00 UTC
tiktok;tt_camp_002;tt_adset_003;tt_ad_003;11.03.2024;1593.6851;72439;1085;336;296;2024-03-11 06:11:59 UTC
tiktok;tt_camp_002;tt_adset_003;tt_ad_003;11.03.2024;1596.3522;72560;1087;336;296;2024-03-11 10:40:59 UTC
tiktok;tt_camp_002;tt_adset_003;tt_ad_003;11.03.2024;1599.0193;72681;1089;337;297;2024-03-11 15:14:59 UTC
tiktok;tt_camp_002;tt_adset_003;tt_ad_003;11.03.2024;1601.6865;72802;1091;337;297;2024-03-11 19:34:59 UTC
tiktok;tt_camp_002;tt_adset_003;tt_ad_003;11.03.2024;1604.3536;72924;1093;338;298;2024-03-12 00:11:59 UTC
tiktok;tt_camp_002;tt_adset_003;tt_ad_003;12.03.2024;1612.303;73285;1098;339;299;2024-03-12 03:12:00 UTC
tiktok;tt_camp_002;tt_adset_003;tt_ad_003;12.03.2024;1620.2523;73646;1104;341;300;2024-03-12 07:25:11 UTC
tiktok;tt_camp_002;tt_adset_003;tt_ad_003;12.03.2024;1628.2017;74008;1109;343;302;2024-03-12 11:34:23 UTC
tiktok;tt_camp_002;tt_adset_003;tt_ad_003;12.03.2024;1636.1511;74369;1115;344;303;2024-03-12 15:47:35 UTC
tiktok;tt_camp_002;tt_adset_003;tt_ad_003;12.03.2024;1644.1004;74730;1120;346;304;2024-03-12 19:55:47 UTC
tiktok;tt_camp_002;tt_adset_003;tt_ad_003;12.03.2024;1652.0498;75092;1126;348;306;2024-03-13 00:08:59 UTC
tiktok;tt_camp_002;tt_adset_003;tt_ad_003;13.03.2024;1653.6066;75162;1127;348;306;2024-03-13 00:56:00 UTC
tiktok;tt_camp_002;tt_adset_003;tt_ad_003;13.03.2024;1655.1634;75233;1128;348;306;2024-03-13 05:39:59 UTC
tiktok;tt_camp_002;tt_adset_003;tt_ad_003;13.03.2024;1656.7202;75304;1129;349;307;2024-03-13 10:20:59 UTC
tiktok;tt_camp_002;tt_adset_003;tt_ad_003;13.03.2024;1658.2771;75375;1130;349;307;2024-03-13 14:56:59 UTC
tiktok;tt_camp_002;tt_adset_003;tt_ad_003;13.03.2024;1659.8339;75446;1131;349;307;2024-03-13 19:30:59 UTC
tiktok;tt_camp_002;tt_adset_003;tt_ad_003;13.03.2024;1661.3907;75517;1132;350;308;2024-03-14 00:09:59 UTC
tiktok;tt_camp_002;tt_adset_003;tt_ad_003;14.03.2024;1679.1349;76323;1144;354;311;2024-03-14 00:53:00 UTC
tiktok;tt_camp_002;tt_adset_003;tt_ad_003;14.03.2024;1696.8791;77130;1156;358;314;2024-03-14 12:35:29 UTC
tiktok;tt_camp_002;tt_adset_003;tt_ad_003;14.03.2024;1714.6233;77937;1169;362;318;2024-03-15 00:10:59 UTC
tiktok;tt_camp_002;tt_adset_003;tt_ad_003;15.03.2024;1719.3889;78153;1172;363;319;2024-03-15 01:51:00 UTC
tiktok;tt_camp_002;tt_adset_003;tt_ad_003;15.03.2024;1724.1545;78370;1175;364;320;2024-03-15 07:16:44 UTC
tiktok;tt_camp_002;tt_adset_003;tt_ad_003;15.03.2024;1728.9201;78586;1178;365;321;2024-03-15 13:00:29 UTC
tiktok;tt_camp_002;tt_adset_003;tt_ad_003;15.03.2024;1733.6857;78803;1181;366;322;2024-03-15 18:36:14 UTC
tiktok;tt_camp_002;tt_adset_003;tt_ad_003;15.03.2024;1738.4513;79020;1185;367;323;2024-03-16 00:10:59 UTC
tiktok;tt_camp_002;tt_adset_003;tt_ad_003;16.03.2024;1742.6326;79210;1187;367;323;2024-03-16 02:57:00 UTC
tiktok;tt_camp_002;tt_adset_003;tt_ad_003;16.03.2024;1746.8139;79400;1190;368;324;2024-03-16 07:05:59 UTC
tiktok;tt_camp_002;tt_adset_003;tt_ad_003;16.03.2024;1750.9952;79590;1193;369;325;2024-03-16 11:18:59 UTC
tiktok;tt_camp_002;tt_adset_003;tt_ad_003;16.03.2024;1755.1765;79780;1196;370;325;2024-03-16 15:33:59 UTC
tiktok;tt_camp_002;tt_adset_003;tt_ad_003;16.03.2024;1759.3578;79970;1199;371;326;2024-03-16 19:50:59 UTC
tiktok;tt_camp_002;tt_adset_003;tt_ad_003;16.03.2024;1763.5391;80160;1202;372;327;2024-03-17 00:03:59 UTC
tiktok;tt_camp_002;tt_adset_003;tt_ad_003;17.03.2024;1773.0874;80594;1208;374;328;2024-03-17 03:30:00 UTC
tiktok;tt_camp_002;tt_adset_003;tt_ad_003;17.03.2024;1782.6358;81028;1215;376;330;2024-03-17 10:23:19 UTC
tiktok;tt_camp_002;tt_adset_003;tt_ad_003;17.03.2024;1792.1842;81462;1221;378;332;2024-03-17 17:20:39 UTC
tiktok;tt_camp_002;tt_adset_003;tt_ad_003;17.03.2024;1801.7325;81896;1228;380;334;2024-03-18 00:10:59 UTC
tiktok;tt_camp_002;tt_adset_003;tt_ad_003;18.03.2024;1807.2016;82144;1231;381;335;2024-03-18 02:09:00 UTC
tiktok;tt_camp_002;tt_adset_003;tt_ad_003;18.03.2024;1812.6708;82393;1235;382;336;2024-03-18 09:22:39 UTC
tiktok;tt_camp_002;tt_adset_003;tt_ad_003;18.03.2024;1818.14;82642;1239;383;337;2024-03-18 16:45:19 UTC
tiktok;tt_camp_002;tt_adset_003;tt_ad_003;18.03.2024;1823.6091;82891;1243;385;338;2024-03-19 00:06:59 UTC
tiktok;tt_camp_002;tt_adset_003;tt_ad_003;19.03.2024;1837.8031;83536;1252;388;340;2024-03-19 01:05:00 UTC
tiktok;tt_camp_002;tt_adset_003;tt_ad_003;19.03.2024;1851.9972;84181;1262;391;343;2024-03-19 12:29:29 UTC
tiktok;tt_camp_002;tt_adset_003;tt_ad_003;19.03.2024;1866.1912;84826;1272;394;346;2024-03-20 00:05:59 UTC
tiktok;tt_camp_002;tt_adset_003;tt_ad_003;20.03.2024;1868.8632;84947;1273;394;346;2024-03-20 02:42:00 UTC
tiktok;tt_camp_002;tt_adset_003;tt_ad_003;20.03.2024;1871.5351;85068;1275;394;347;2024-03-20 07:55:44 UTC
tiktok;tt_camp_002;tt_adset_003;tt_ad_003;20.03.2024;1874.2071;85190;1277;395;347;2024-03-20 13:23:29 UTC
tiktok;tt_camp_002;tt_adset_003;tt_ad_003;20.03.2024;1876.879;85311;1279;395;348;2024-03-20 18:45:14 UTC
tiktok;tt_camp_002;tt_adset_003;tt_ad_003;20.03.2024;1879.551;85433;1281;396;349;2024-03-21 00:05:59 UTC
tiktok;tt_camp_002;tt_adset_003;tt_ad_003;21.03.2024;1888.2362;85827;1287;397;350;2024-03-21 00:40:00 UTC
tiktok;tt_camp_002;tt_adset_003;tt_ad_003;21.03.2024;1896.9213;86222;1293;399;352;2024-03-21 05:22:23 UTC
tiktok;tt_camp_002;tt_adset_003;tt_ad_003;21.03.2024;1905.6064;86617;1299;401;353;2024-03-21 10:00:47 UTC
tiktok;tt_camp_002;tt_adset_003;tt_ad_003;21.03.2024;1914.2916;87012;1305;403;355;2024-03-21 14:41:11 UTC
tiktok;tt_camp_002;tt_adset_003;tt_ad_003;21.03.2024;1922.9768;87407;1311;405;356;2024-03-21 19:19:35 UTC
tiktok;tt_camp_002;tt_adset_003;tt_ad_003;21.03.2024;1931.6619;87802;1317;407;358;2024-03-22 00:04:59 UTC
tiktok;tt_camp_002;tt_adset_003;tt_ad_003;22.03.2024;1936.4071;88017;1320;408;359;2024-03-22 00:15:00 UTC
tiktok;tt_camp_002;tt_adset_003;tt_ad_003;22.03.2024;1941.1523;88233;1323;409;360;2024-03-22 12:06:29 UTC
tiktok;tt_camp_002;tt_adset_003;tt_ad_003;22.03.2024;1945.8975;88449;1326;410;361;2024-03-23 00:10:59 UTC
tiktok;tt_camp_002;tt_adset_003;tt_ad_003;23.03.2024;1963.7059;89258;1338;414;364;2024-03-23 02:11:00 UTC
tiktok;tt_camp_002;tt_adset_003;tt_ad_003;23.03.2024;1981.5142;90068;1350;418;367;2024-03-23 13:03:29 UTC
tiktok;tt_camp_002;tt_adset_003;tt_ad_003;23.03.2024;1999.3226;90878;1363;422;371;2024-03-24 00:08:59 UTC
tiktok;tt_camp_002;tt_adset_003;tt_ad_003;24.03.2024;2002.961;91043;1365;422;371;2024-03-24 01:30:00 UTC
tiktok;tt_camp_002;tt_adset_003;tt_ad_003;24.03.2024;2006.5993;91208;1368;423;372;2024-03-24 09:00:59 UTC
tiktok;tt_camp_002;tt_adset_003;tt_ad_003;24.03.2024;2010.2376;91373;1370;424;373;2024-03-24 16:34:59 UTC
tiktok;tt_camp_002;tt_adset_003;tt_ad_003;24.03.2024;2013.876;91539;1373;425;374;2024-03-25 00:03:59 UTC
tiktok;tt_camp_002;tt_adset_003;tt_ad_003;25.03.2024;2016.6051;91663;1374;425;374;2024-03-25 01:22:00 UTC
tiktok;tt_camp_002;tt_adset_003;tt_ad_003;25.03.2024;2019.3342;91787;1376;426;375;2024-03-25 05:55:47 UTC
tiktok;tt_camp_002;tt_adset_003;tt_ad_003;25.03.2024;2022.0633;91911;1378;426;375;2024-03-25 10:25:35 UTC
tiktok;tt_camp_002;tt_adset_003;tt_ad_003;25.03.2024;2024.7924;92035;1380;427;376;2024-03-25 14:59:23 UTC
tiktok;tt_camp_002;tt_adset_003;tt_ad_003;25.03.2024;2027.5215;92159;1382;427;376;2024-03-25 19:27:11 UTC
tiktok;tt_camp_002;tt_adset_003;tt_ad_003;25.03.2024;2030.2506;92283;1384;428;377;2024-03-26 00:11:59 UTC
tiktok;tt_camp_002;tt_adset_003;tt_ad_003;26.03.2024;2032.3376;92378;1385;428;377;2024-03-26 03:44:00 UTC
tiktok;tt_camp_002;tt_adset_003;tt_ad_003;26.03.2024;2034.4245;92473;1386;429;377;2024-03-26 10:31:39 UTC
tiktok;tt_camp_002;tt_adset_003;tt_ad_003;26.03.2024;2036.5114;92568;1387;429;377;2024-03-26 17:13:19 UTC
tiktok;tt_camp_002;tt_adset_003;tt_ad_003;26.03.2024;2038.5984;92663;1389;430;378;2024-03-27 00:11:59 UTC
tiktok;tt_camp_002;tt_adset_003;tt_ad_003;27.03.2024;2041.2448;92783;1391;430;378;2024-03-27 01:30:00 UTC
tiktok;tt_camp_002;tt_adset_003;tt_ad_003;27.03.2024;2043.8912;92903;1393;431;379;2024-03-27 09:03:19 UTC
tiktok;tt_camp_002;tt_adset_003;tt_ad_003;27.03.2024;2046.5376;93023;1395;431;379;2024-03-27 16:38:39 UTC
tiktok;tt_camp_002;tt_adset_003;tt_ad_003;27.03.2024;2049.184;93144;1397;432;380;2024-03-28 00:12:59 UTC
tiktok;tt_camp_002;tt_adset_003;tt_ad_003;28.03.2024;2055.8482;93447;1401;433;381;2024-03-28 01:05:00 UTC
tiktok;tt_camp_002;tt_adset_003;tt_ad_003;28.03.2024;2062.5123;93750;1405;435;382;2024-03-28 12:34:29 UTC
tiktok;tt_camp_002;tt_adset_003;tt_ad_003;28.03.2024;2069.1765;94053;1410;437;384;2024-03-29 00:02:59 UTC
tiktok;tt_camp_002;tt_adset_003;tt_ad_003;29.03.2024;2074.0756;94275;1413;438;385;2024-03-29 02:20:00 UTC
tiktok;tt_camp_002;tt_adset_003;tt_ad_003;29.03.2024;2078.9748;94498;1416;439;386;2024-03-29 07:40:59 UTC
tiktok;tt_camp_002;tt_adset_003;tt_ad_003;29.03.2024;2083.8739;94720;1420;440;387;2024-03-29 13:10:59 UTC
tiktok;tt_camp_002;tt_adset_003;tt_ad_003;29.03.2024;2088.7731;94943;1423;441;388;2024-03-29 18:43:59 UTC
tiktok;tt_camp_002;tt_adset_003;tt_ad_003;29.03.2024;2093.6722;95166;1427;442;389;2024-03-30 00:13:59 UTC
tiktok;tt_camp_002;tt_adset_003;tt_ad_003;30.03.2024;2100.425;95473;1431;443;390;2024-03-30 02:45:00 UTC
tiktok;tt_camp_002;tt_adset_003;tt_ad_003;30.03.2024;2107.1779;95780;1436;444;391;2024-03-30 07:04:23 UTC
tiktok;tt_camp_002;tt_adset_003;tt_ad_003;30.03.2024;2113.9307;96087;1441;446;392;2024-03-30 11:17:47 UTC
tiktok;tt_camp_002;tt_adset_003;tt_ad_003;30.03.2024;2120.6835;96394;1445;447;393;2024-03-30 15:37:11 UTC
tiktok;tt_camp_002;tt_adset_003;tt_ad_003;30.03.2024;2127.4364;96701;1450;448;394;2024-03-30 19:45:35 UTC
tiktok;tt_camp_002;tt_adset_003;tt_ad_003;30.03.2024;2134.1892;97008;1455;450;396;2024-03-31 00:05:59 UTC
tiktok;tt_camp_002;tt_adset_003;tt_ad_003;31.03.2024;2137.6531;97165;1457;450;396;2024-03-31 03:42:00 UTC
tiktok;tt_camp_002;tt_adset_003;tt_ad_003;31.03.2024;2141.117;97322;1459;451;397;2024-03-31 08:58:14 UTC
tiktok;tt_camp_002;tt_adset_003;tt_ad_003;31.03.2024;2144.581;97480;1461;452;397;2024-03-31 14:00:29 UTC
tiktok;tt_camp_002;tt_adset_003;tt_ad_003;31.03.2024;2148.0449;97637;1463;453;398;2024-03-31 19:06:44 UTC
tiktok;tt_camp_002;tt_adset_003;tt_ad_003;31.03.2024;2151.5088;97795;1466;454;399;2024-04-01 00:12:59 UTC
tiktok;tt_camp_002;tt_adset_003;tt_ad_003;01.04.2024;2156.9576;98042;1469;455;400;2024-04-01 00:46:00 UTC
tiktok;tt_camp_002;tt_adset_003;tt_ad_003;01.04.2024;2162.4064;98290;1473;456;401;2024-04-01 06:38:14 UTC
tiktok;tt_camp_002;tt_adset_003;tt_ad_003;01.04.2024;2167.8552;98537;1477;457;402;2024-04-01 12:23:29 UTC
tiktok;tt_camp_002;tt_adset_003;tt_ad_003;01.04.2024;2173.304;98785;1481;458;403;2024-04-01 18:14:44 UTC
tiktok;tt_camp_002;tt_adset_003;tt_ad_003;01.04.2024;2178.7528;99033;1485;460;404;2024-04-02 00:04:59 UTC
tiktok;tt_camp_002;tt_adset_003;tt_ad_003;02.04.2024;2186.5205;99386;1490;461;405;2024-04-02 01:35:00 UTC
tiktok;tt_camp_002;tt_adset_003;tt_ad_003;02.04.2024;2194.2882;99739;1495;463;407;2024-04-02 12:44:29 UTC
tiktok;tt_camp_002;tt_adset_003;tt_ad_003;02.04.2024;2202.0559;100093;1501;465;409;2024-04-03 00:08:59 UTC
tiktok;tt_camp_002;tt_adset_003;tt_ad_003;03.04.2024;2206.958;100315;1504;466;409;2024-04-03 03:41:00 UTC
tiktok;tt_camp_002;tt_adset_003;tt_ad_003;03.04.2024;2211.8601;100538;1507;467;410;2024-04-03 07:52:23 UTC
tiktok;tt_camp_002;tt_adset_003;tt_ad_003;03.04.2024;2216.7622;100761;1511;468;411;2024-04-03 11:53:47 UTC
tiktok;tt_camp_002;tt_adset_003;tt_ad_003;03.04.2024;2221.6644;100984;1514;469;412;2024-04-03 15:58:11 UTC
tiktok;tt_camp_002;tt_adset_003;tt_ad_003;03.04.2024;2226.5665;101207;1517;470;413;2024-04-03 19:58:35 UTC
tiktok;tt_camp_002;tt_adset_003;tt_ad_003;03.04.2024;2231.4686;101430;1521;471;414;2024-04-04 00:07:59 UTC
tiktok;tt_camp_002;tt_adset_003;tt_ad_003;04.04.2024;2234.4616;101566;1523;471;414;2024-04-04 01:36:00 UTC
tiktok;tt_camp_002;tt_adset_003;tt_ad_003;04.04.2024;2237.4546;101702;1525;472;415;2024-04-04 09:03:39 UTC
tiktok;tt_camp_002;tt_adset_003;tt_ad_003;04.04.2024;2240.4477;101838;1527;472;415;2024-04-04 16:33:19 UTC
tiktok;tt_camp_002;tt_adset_003;tt_ad_003;04.04.2024;2243.4407;101974;1529;473;416;2024-04-05 00:05:59 UTC
tiktok;tt_camp_002;tt_adset_003;tt_ad_003;05.04.2024;2245.6402;102074;1530;473;416;2024-04-05 01:01:00 UTC
tiktok;tt_camp_002;tt_adset_003;tt_ad_003;05.04.2024;2247.8396;102174;1532;474;417;2024-04-05 05:32:59 UTC
tiktok;tt_camp_002;tt_adset_003;tt_ad_003;05.04.2024;2250.0391;102274;1533;474;417;2024-04-05 10:16:59 UTC
tiktok;tt_camp_002;tt_adset_003;tt_ad_003;05.04.2024;2252.2386;102374;1535;475;418;2024-04-05 14:48:59 UTC
tiktok;tt_camp_002;tt_adset_003;tt_ad_003;05.04.2024;2254.438;102474;1536;475;418;2024-04-05 19:26:59 UTC
tiktok;tt_camp_002;tt_adset_003;tt_ad_003;05.04.2024;2256.6375;102574;1538;476;419;2024-04-06 00:13:59 UTC
tiktok;tt_camp_002;tt_adset_003;tt_ad_003;06.04.2024;2258.6335;102664;1539;476;419;2024-04-06 03:37:00 UTC
tiktok;tt_camp_002;tt_adset_003;tt_ad_003;06.04.2024;2260.6295;102755;1540;477;419;2024-04-06 07:40:47 UTC
tiktok;tt_camp_002;tt_adset_003;tt_ad_003;06.04.2024;2262.6255;102846;1542;477;420;2024-04-06 11:46:35 UTC
tiktok;tt_camp_002;tt_adset_003;tt_ad_003;06.04.2024;2264.6215;102936;1543;478;420;2024-04-06 15:58:23 UTC
tiktok;tt_camp_002;tt_adset_003;tt_ad_003;06.04.2024;2266.6175;103027;1544;478;420;2024-04-06 20:07:11 UTC
tiktok;tt_camp_002;tt_adset_003;tt_ad_003;06.04.2024;2268.6135;103118;1546;479;421;2024-04-07 00:07:59 UTC
tiktok;tt_camp_002;tt_adset_003;tt_ad_003;07.04.2024;2276.2566;103465;1551;480;422;2024-04-07 01:15:00 UTC
tiktok;tt_camp_002;tt_adset_003;tt_ad_003;07.04.2024;2283.8996;103812;1556;482;424;2024-04-07 05:40:59 UTC
tiktok;tt_camp_002;tt_adset_003;tt_ad_003;07.04.2024;2291.5427;104160;1562;483;425;2024-04-07 10:27:59 UTC
tiktok;tt_camp_002;tt_adset_003;tt_ad_003;07.04.2024;2299.1858;104507;1567;485;427;2024-04-07 15:02:59 UTC
tiktok;tt_camp_002;tt_adset_003;tt_ad_003;07.04.2024;2306.8288;104854;1572;486;428;2024-04-07 19:28:59 UTC
tiktok;tt_camp_002;tt_adset_003;tt_ad_003;07.04.2024;2314.4719;105202;1578;488;430;2024-04-08 00:04:59 UTC
tiktok;tt_camp_002;tt_adset_003;tt_ad_003;08.04.2024;2331.9525;105996;1589;491;433;2024-04-08 02:23:00 UTC
tiktok;tt_camp_002;tt_adset_003;tt_ad_003;08.04.2024;2349.4331;106791;1601;495;436;2024-04-08 13:11:59 UTC
tiktok;tt_camp_002;tt_adset_003;tt_ad_003;08.04.2024;2366.9137;107586;1613;499;439;2024-04-09 00:02:59 UTC
tiktok;tt_camp_002;tt_adset_003;tt_ad_003;09.04.2024;2369.0356;107682;1614;499;439;2024-04-09 03:44:00 UTC
tiktok;tt_camp_002;tt_adset_003;tt_ad_003;09.04.2024;2371.1575;107779;1616;500;440;2024-04-09 07:41:59 UTC
tiktok;tt_camp_002;tt_adset_003;tt_ad_003;09.04.2024;2373.2794;107875;1617;500;440;2024-04-09 11:54:59 UTC
tiktok;tt_camp_002;tt_adset_003;tt_ad_003;09.04.2024;2375.4013;107972;1619;501;441;2024-04-09 15:51:59 UTC
tiktok;tt_camp_002;tt_adset_003;tt_ad_003;09.04.2024;2377.5232;108068;1620;501;441;2024-04-09 19:59:59 UTC
tiktok;tt_camp_002;tt_adset_003;tt_ad_003;09.04.2024;2379.6451;108165;1622;502;442;2024-04-10 00:12:59 UTC
tiktok;tt_camp_002;tt_adset_003;tt_ad_003;10.04.2024;2382.2345;108282;1623;502;442;2024-04-10 01:00:00 UTC
tiktok;tt_camp_002;tt_adset_003;tt_ad_003;10.04.2024;2384.8238;108400;1625;503;442;2024-04-10 06:43:59 UTC
tiktok;tt_camp_002;tt_adset_003;tt_ad_003;10.04.2024;2387.4132;108517;1627;503;443;2024-04-10 12:32:59 UTC
tiktok;tt_camp_002;tt_adset_003;tt_ad_003;10.04.2024;2390.0025;108635;1629;504;443;2024-04-10 18:15:59 UTC
tiktok;tt_camp_002;tt_adset_003;tt_ad_003;10.04.2024;2392.5919;108753;1631;505;444;2024-04-11 00:06:59 UTC
tiktok;tt_camp_002;tt_adset_003;tt_ad_003;11.04.2024;2403.3734;109243;1638;507;446;2024-04-11 01:33:00 UTC
tiktok;tt_camp_002;tt_adset_003;tt_ad_003;11.04.2024;2414.155;109733;1645;509;448;2024-04-11 12:40:29 UTC
tiktok;tt_camp_002;tt_adset_003;tt_ad_003;11.04.2024;2424.9365;110224;1653;512;450;2024-04-12 00:07:59 UTC
tiktok;tt_camp_002;tt_adset_003;tt_ad_003;12.04.2024;2436.198;110735;1660;514;452;2024-04-12 03:09:00 UTC
tiktok;tt_camp_002;tt_adset_003;tt_ad_003;12.04.2024;2447.4595;111247;1668;516;454;2024-04-12 08:13:14 UTC
tiktok;tt_camp_002;tt_adset_003;tt_ad_003;12.04.2024;2458.7211;111759;1675;519;456;2024-04-12 13:35:29 UTC
tiktok;tt_camp_002;tt_adset_003;tt_ad_003;12.04.2024;2469.9826;112271;1683;521;458;2024-04-12 18:57:44 UTC
tiktok;tt_camp_002;tt_adset_003;tt_ad_003;12.04.2024;2481.2441;112783;1691;524;461;2024-04-13 00:01:59 UTC
tiktok;tt_camp_002;tt_adset_003;tt_ad_003;13.04.2024;2497.3461;113515;1702;527;463;2024-04-13 02:03:00 UTC
tiktok;tt_camp_002;tt_adset_003;tt_ad_003;13.04.2024;2513.448;114247;1713;530;466;2024-04-13 09:23:59 UTC
tiktok;tt_camp_002;tt_adset_003;tt_ad_003;13.04.2024;2529.55;114979;1724;533;469;2024-04-13 16:48:59 UTC
tiktok;tt_camp_002;tt_adset_003;tt_ad_003;13.04.2024;2545.652;115711;1735;537;472;2024-04-14 00:05:59 UTC
tiktok;tt_camp_002;tt_adset_003;tt_ad_003;14.04.2024;2547.6939;115803;1736;537;472;2024-04-14 01:42:00 UTC
tiktok;tt_camp_002;tt_adset_003;tt_ad_003;14.04.2024;2549.7358;115896;1737;538;473;2024-04-14 06:20:11 UTC
tiktok;tt_camp_002;tt_adset_003;tt_ad_003;14.04.2024;2551.7776;115989;1739;538;473;2024-04-14 10:39:23 UTC
tiktok;tt_camp_002;tt_adset_003;tt_ad_003;14.04.2024;2553.8195;116081;1740;539;474;2024-04-14 15:17:35 UTC
tiktok;tt_camp_002;tt_adset_003;tt_ad_003;14.04.2024;2555.8614;116174;1741;539;474;2024-04-14 19:35:47 UTC
tiktok;tt_camp_002;tt_adset_003;tt_ad_003;14.04.2024;2557.9033;116267;1743;540;475;2024-04-15 00:12:59 UTC
tiktok;tt_camp_002;tt_adset_003;tt_ad_003;15.04.2024;2562.8927;116494;1746;541;476;2024-04-15 02:39:00 UTC
tiktok;tt_camp_002;tt_adset_003;tt_ad_003;15.04.2024;2567.882;116721;1750;542;477;2024-04-15 13:26:59 UTC
tiktok;tt_camp_002;tt_adset_003;tt_ad_003;15.04.2024;2572.8714;116948;1754;543;478;2024-04-16 00:08:59 UTC
tiktok;tt_camp_002;tt_adset_003;tt_ad_003;16.04.2024;2579.2292;117237;1758;544;479;2024-04-16 02:50:00 UTC
tiktok;tt_camp_002;tt_adset_003;tt_ad_003;16.04.2024;2585.5871;117526;1762;545;480;2024-04-16 09:54:59 UTC
tiktok;tt_camp_002;tt_adset_003;tt_ad_003;16.04.2024;2591.945;117815;1766;546;481;2024-04-16 17:04:59 UTC
tiktok;tt_camp_002;tt_adset_003;tt_ad_003;16.04.2024;2598.3028;118104;1771;548;482;2024-04-17 00:04:59 UTC
tiktok;tt_camp_002;tt_adset_003;tt_ad_003;17.04.2024;2607.0806;118503;1777;550;483;2024-04-17 02:01:00 UTC
tiktok;tt_camp_002;tt_adset_003;tt_ad_003;17.04.2024;2615.8583;118902;1783;552;485;2024-04-17 13:00:59 UTC
tiktok;tt_camp_002;tt_adset_003;tt_ad_003;17.04.2024;2624.6361;119301;1789;554;487;2024-04-18 00:14:59 UTC
tiktok;tt_camp_002;tt_adset_003;tt_ad_003;18.04.2024;2630.5864;119571;1793;555;488;2024-04-18 03:06:00 UTC
tiktok;tt_camp_002;tt_adset_003;tt_ad_003;18.04.2024;2636.5368;119841;1797;556;489;2024-04-18 13:30:29 UTC
tiktok;tt_camp_002;tt_adset_003;tt_ad_003;18.04.2024;2642.4871;120112;1801;558;490;2024-04-19 00:11:59 UTC
tiktok;tt_camp_002;tt_adset_003;tt_ad_003;19.04.2024;2645.0563;120228;1802;558;490;2024-04-19 01:21:00 UTC
tiktok;tt_camp_002;tt_adset_003;tt_ad_003;19.04.2024;2647.6254;120345;1804;559;491;2024-04-19 08:51:59 UTC
tiktok;tt_camp_002;tt_adset_003;tt_ad_003;19.04.2024;2650.1946;120462;1806;559;491;2024-04-19 16:36:59 UTC
tiktok;tt_camp_002;tt_adset_003;tt_ad_003;19.04.2024;2652.7638;120579;1808;560;492;2024-04-20 00:03:59 UTC
tiktok;tt_camp_002;tt_adset_003;tt_ad_003;20.04.2024;2656.1;120730;1810;560;492;2024-04-20 03:19:00 UTC
tiktok;tt_camp_002;tt_adset_003;tt_ad_003;20.04.2024;2659.4361;120882;1812;561;493;2024-04-20 07:30:11 UTC
tiktok;tt_camp_002;tt_adset_003;tt_ad_003;20.04.2024;2662.7722;121034;1815;562;494;2024-04-20 11:34:23 UTC
tiktok;tt_camp_002;tt_adset_003;tt_ad_003;20.04.2024;2666.1084;121185;1817;562;494;2024-04-20 15:50:35 UTC
tiktok;tt_camp_002;tt_adset_003;tt_ad_003;20.04.2024;2669.4445;121337;1819;563;495;2024-04-20 19:56:47 UTC
tiktok;tt_camp_002;tt_adset_003;tt_ad_003;20.04.2024;2672.7807;121489;1822;564;496;2024-04-21 00:06:59 UTC
tiktok;tt_camp_002;tt_adset_003;tt_ad_003;21.04.2024;2683.5078;121976;1829;566;498;2024-04-21 00:53:00 UTC
tiktok;tt_camp_002;tt_adset_003;tt_ad_003;21.04.2024;2694.235;122464;1836;568;500;2024-04-21 05:34:59 UTC
tiktok;tt_camp_002;tt_adset_003;tt_ad_003;21.04.2024;2704.9622;122952;1844;571;502;2024-04-21 10:12:59 UTC
tiktok;tt_camp_002;tt_adset_003;tt_ad_003;21.04.2024;2715.6893;123439;1851;573;504;2024-04-21 14:41:59 UTC
tiktok;tt_camp_002;tt_adset_003;tt_ad_003;21.04.2024;2726.4164;123927;1858;575;506;2024-04-21 19:26:59 UTC
tiktok;tt_camp_002;tt_adset_003;tt_ad_003;21.04.2024;2737.1436;124415;1866;578;508;2024-04-22 00:08:59 UTC
tiktok;tt_camp_002;tt_adset_003;tt_ad_003;22.04.2024;2739.8148;124536;1867;578;508;2024-04-22 02:37:00 UTC
tiktok;tt_camp_002;tt_adset_003;tt_ad_003;22.04.2024;2742.486;124657;1869;578;509;2024-04-22 07:57:44 UTC
tiktok;tt_camp_002;tt_adset_003;tt_ad_003;22.04.2024;2745.1571;124779;1871;579;509;2024-04-22 13:24:29 UTC
tiktok;tt_camp_002;tt_adset_003;tt_ad_003;22.04.2024;2747.8283;124900;1873;579;510;2024-04-22 18:38:14 UTC
tiktok;tt_camp_002;tt_adset_003;tt_ad_003;22.04.2024;2750.4995;125022;1875;580;511;2024-04-23 00:13:59 UTC
tiktok;tt_camp_002;tt_adset_003;tt_ad_003;23.04.2024;2758.6027;125390;1880;582;512;2024-04-23 03:51:00 UTC
tiktok;tt_camp_002;tt_adset_003;tt_ad_003;23.04.2024;2766.7059;125758;1885;584;513;2024-04-23 14:01:59 UTC
tiktok;tt_camp_002;tt_adset_003;tt_ad_003;23.04.2024;2774.8091;126127;1891;586;515;2024-04-24 00:05:59 UTC
tiktok;tt_camp_002;tt_adset_003;tt_ad_003;24.04.2024;2805.7016;127531;1912;592;520;2024-04-24 03:20:00 UTC
tiktok;tt_camp_002;tt_adset_003;tt_ad_003;24.04.2024;2836.5942;128935;1933;598;526;2024-04-24 13:50:29 UTC
tiktok;tt_camp_002;tt_adset_003;tt_ad_003;24.04.2024;2867.4867;130339;1955;605;532;2024-04-25 00:03:59 UTC
tiktok;tt_camp_002;tt_adset_003;tt_ad_003;25.04.2024;2869.6864;130439;1956;605;532;2024-04-25 02:34:00 UTC
tiktok;tt_camp_002;tt_adset_003;tt_ad_003;25.04.2024;2871.8861;130539;1958;606;533;2024-04-25 06:44:59 UTC
tiktok;tt_camp_002;tt_adset_003;tt_ad_003;25.04.2024;2874.0858;130639;1959;606;533;2024-04-25 11:05:59 UTC
tiktok;tt_camp_002;tt_adset_003;tt_ad_003;25.04.2024;2876.2855;130739;1961;607;534;2024-04-25 15:28:59 UTC
tiktok;tt_camp_002;tt_adset_003;tt_ad_003;25.04.2024;2878.4852;130839;1962;607;534;2024-04-25 19:49:59 UTC
tiktok;tt_camp_002;tt_adset_003;tt_ad_003;25.04.2024;2880.6849;130939;1964;608;535;2024-04-26 00:02:59 UTC
tiktok;tt_camp_002;tt_adset_003;tt_ad_003;26.04.2024;2886.2533;131192;1967;609;536;2024-04-26 03:08:00 UTC
tiktok;tt_camp_002;tt_adset_003;tt_ad_003;26.04.2024;2891.8217;131445;1971;610;537;2024-04-26 07:22:35 UTC
tiktok;tt_camp_002;tt_adset_003;tt_ad_003;26.04.2024;2897.39;131698;1975;611;538;2024-04-26 11:23:11 UTC
tiktok;tt_camp_002;tt_adset_003;tt_ad_003;26.04.2024;2902.9584;131951;1978;612;539;2024-04-26 15:35:47 UTC
tiktok;tt_camp_002;tt_adset_003;tt_ad_003;26.04.2024;2908.5268;132204;1982;613;540;2024-04-26 19:49:23 UTC
tiktok;tt_camp_002;tt_adset_003;tt_ad_003;26.04.2024;2914.0952;132458;1986;615;541;2024-04-27 00:10:59 UTC
tiktok;tt_camp_002;tt_adset_003;tt_ad_003;27.04.2024;2925.1212;132959;1993;617;543;2024-04-27 00:22:00 UTC
tiktok;tt_camp_002;tt_adset_003;tt_ad_003;27.04.2024;2936.1472;133460;2001;619;545;2024-04-27 05:07:35 UTC
tiktok;tt_camp_002;tt_adset_003;tt_ad_003;27.04.2024;2947.1732;133961;2008;622;547;2024-04-27 09:43:11 UTC
tiktok;tt_camp_002;tt_adset_003;tt_ad_003;27.04.2024;2958.1993;134462;2016;624;549;2024-04-27 14:34:47 UTC
tiktok;tt_camp_002;tt_adset_003;tt_ad_003;27.04.2024;2969.2253;134963;2023;626;551;2024-04-27 19:21:23 UTC
tiktok;tt_camp_002;tt_adset_003;tt_ad_003;27.04.2024;2980.2513;135465;2031;629;553;2024-04-28 00:00:59 UTC
tiktok;tt_camp_002;tt_adset_003;tt_ad_003;28.04.2024;2985.4917;135703;2034;630;554;2024-04-28 01:59:00 UTC
tiktok;tt_camp_002;tt_adset_003;tt_ad_003;28.04.2024;2990.7322;135941;2038;631;555;2024-04-28 06:14:11 UTC
tiktok;tt_camp_002;tt_adset_003;tt_ad_003;28.04.2024;2995.9726;136179;2042;632;556;2024-04-28 10:53:23 UTC
tiktok;tt_camp_002;tt_adset_003;tt_ad_003;28.04.2024;3001.213;136417;2045;633;557;2024-04-28 15:16:35 UTC
tiktok;tt_camp_002;tt_adset_003;tt_ad_003;28.04.2024;3006.4535;136655;2049;634;558;2024-04-28 19:37:47 UTC
tiktok;tt_camp_002;tt_adset_003;tt_ad_003;28.04.2024;3011.6939;136894;2053;636;559;2024-04-29 00:02:59 UTC
tiktok;tt_camp_002;tt_adset_003;tt_ad_003;29.04.2024;3020.4359;137291;2059;637;560;2024-04-29 00:47:00 UTC
tiktok;tt_camp_002;tt_adset_003;tt_ad_003;29.04.2024;3029.1779;137688;2065;639;562;2024-04-29 06:35:44 UTC
tiktok;tt_camp_002;tt_adset_003;tt_ad_003;29.04.2024;3037.9199;138086;2071;641;563;2024-04-29 12:22:29 UTC
tiktok;tt_camp_002;tt_adset_003;tt_ad_003;29.04.2024;3046.6619;138483;2077;643;565;2024-04-29 18:16:14 UTC
tiktok;tt_camp_002;tt_adset_003;tt_ad_003;29.04.2024;3055.4039;138881;2083;645;567;2024-04-30 00:10:59 UTC
tiktok;tt_camp_002;tt_adset_003;tt_ad_003;30.04.2024;3064.5424;139296;2089;647;568;2024-04-30 00:36:00 UTC
tiktok;tt_camp_002;tt_adset_003;tt_ad_003;30.04.2024;3073.6808;139712;2095;649;570;2024-04-30 08:21:39 UTC
tiktok;tt_camp_002;tt_adset_003;tt_ad_003;30.04.2024;3082.8193;140127;2101;651;572;2024-04-30 16:20:19 UTC
tiktok;tt_camp_002;tt_adset_003;tt_ad_003;30.04.2024;3091.9578;140543;2108;653;574;2024-05-01 00:11:59 UTC
tiktok;tt_camp_002;tt_adset_003;tt_ad_003;01.05.2024;3099.3861;140880;2113;654;575;2024-05-01 03:43:00 UTC
tiktok;tt_camp_002;tt_adset_003;tt_ad_003;01.05.2024;3106.8144;141218;2118;656;577;2024-05-01 10:39:19 UTC
tiktok;tt_camp_002;tt_adset_003;tt_ad_003;01.05.2024;3114.2427;141555;2123;657;578;2024-05-01 17:15:39 UTC
tiktok;tt_camp_002;tt_adset_003;tt_ad_003;01.05.2024;3121.671;141893;2128;659;580;2024-05-02 00:00:59 UTC
tiktok;tt_camp_002;tt_adset_003;tt_ad_003;02.05.2024;3134.4986;142476;2136;661;582;2024-05-02 03:07:00 UTC
tiktok;tt_camp_002;tt_adset_003;tt_ad_003;02.05.2024;3147.3262;143059;2145;664;584;2024-05-02 10:12:39 UTC
tiktok;tt_camp_002;tt_adset_003;tt_ad_003;02.05.2024;3160.1538;143642;2154;667;586;2024-05-02 17:05:19 UTC
tiktok;tt_camp_002;tt_adset_003;tt_ad_003;02.05.2024;3172.9814;144225;2163;670;589;2024-05-03 00:08:59 UTC
tiktok;tt_camp_002;tt_adset_003;tt_ad_003;03.05.2024;3178.429;144472;2166;671;590;2024-05-03 00:12:00 UTC
tiktok;tt_camp_002;tt_adset_003;tt_ad_003;03.05.2024;3183.8766;144720;2170;672;591;2024-05-03 04:53:59 UTC
tiktok;tt_camp_002;tt_adset_003;tt_ad_003;03.05.2024;3189.3242;144968;2174;673;592;2024-05-03 09:49:59 UTC
tiktok;tt_camp_002;tt_adset_003;tt_ad_003;03.05.2024;3194.7717;145215;2177;674;593;2024-05-03 14:25:59 UTC
tiktok;tt_camp_002;tt_adset_003;tt_ad_003;03.05.2024;3200.2193;145463;2181;675;594;2024-05-03 19:25:59 UTC
tiktok;tt_camp_002;tt_adset_003;tt_ad_003;03.05.2024;3205.6669;145711;2185;677;595;2024-05-04 00:06:59 UTC
tiktok;tt_camp_002;tt_adset_003;tt_ad_003;04.05.2024;3210.1653;145915;2188;677;595;2024-05-04 03:08:00 UTC
tiktok;tt_camp_002;tt_adset_003;tt_ad_003;04.05.2024;3214.6638;146120;2191;678;596;2024-05-04 10:09:39 UTC
tiktok;tt_camp_002;tt_adset_003;tt_ad_003;04.05.2024;3219.1622;146324;2194;679;597;2024-05-04 17:03:19 UTC
tiktok;tt_camp_002;tt_adset_003;tt_ad_003;04.05.2024;3223.6606;146529;2197;680;598;2024-05-05 00:11:59 UTC
tiktok;tt_camp_002;tt_adset_003;tt_ad_003;05.05.2024;3231.315;146877;2202;681;599;2024-05-05 00:26:00 UTC
tiktok;tt_camp_002;tt_adset_003;tt_ad_003;05.05.2024;3238.9694;147225;2207;683;601;2024-05-05 12:24:59 UTC
tiktok;tt_camp_002;tt_adset_003;tt_ad_003;05.05.2024;3246.6238;147573;2213;685;603;2024-05-06 00:04:59 UTC
tiktok;tt_camp_002;tt_adset_003;tt_ad_003;06.05.2024;3253.369;147879;2217;686;604;2024-05-06 04:03:00 UTC
tiktok;tt_camp_002;tt_adset_003;tt_ad_003;06.05.2024;3260.1143;148186;2222;688;605;2024-05-06 10:45:39 UTC
tiktok;tt_camp_002;tt_adset_003;tt_ad_003;06.05.2024;3266.8596;148492;2226;689;606;2024-05-06 17:30:19 UTC
tiktok;tt_camp_002;tt_adset_003;tt_ad_003;06.05.2024;3273.6048;148799;2231;691;608;2024-05-07 00:02:59 UTC
tiktok;tt_camp_002;tt_adset_003;tt_ad_003;07.05.2024;3277.3287;148968;2233;691;608;2024-05-07 00:43:00 UTC
tiktok;tt_camp_002;tt_adset_003;tt_ad_003;07.05.2024;3281.0526;149137;2236;692;609;2024-05-07 08:22:59 UTC
tiktok;tt_camp_002;tt_adset_003;tt_ad_003;07.05.2024;3284.7765;149306;2239;693;610;2024-05-07 16:20:59 UTC
tiktok;tt_camp_002;tt_adset_003;tt_ad_003;07.05.2024;3288.5004;149476;2242;694;611;2024-05-08 00:10:59 UTC
tiktok;tt_camp_002;tt_adset_003;tt_ad_003;08.05.2024;3294.4334;149745;2246;695;612;2024-05-08 03:34:00 UTC
tiktok;tt_camp_002;tt_adset_003;tt_ad_003;08.05.2024;3300.3665;150015;2250;696;613;2024-05-08 10:18:39 UTC
tiktok;tt_camp_002;tt_adset_003;tt_ad_003;08.05.2024;3306.2995;150285;2254;697;614;2024-05-08 17:18:19 UTC
tiktok;tt_camp_002;tt_adset_003;tt_ad_003;08.05.2024;3312.2326;150555;2258;699;615;2024-05-09 00:11:59 UTC
tiktok;tt_camp_002;tt_adset_003;tt_ad_003;09.05.2024;3317.5544;150797;2261;700;616;2024-05-09 03:50:00 UTC
tiktok;tt_camp_002;tt_adset_003;tt_ad_003;09.05.2024;3322.8762;151039;2265;701;617;2024-05-09 10:33:59 UTC
tiktok;tt_camp_002;tt_adset_003;tt_ad_003;09.05.2024;3328.198;151281;2268;702;618;2024-05-09 17:26:59 UTC
tiktok;tt_camp_002;tt_adset_003;tt_ad_003;09.05.2024;3333.5198;151523;2272;704;619;2024-05-10 00:03:59 UTC
tiktok;tt_camp_002;tt_adset_003;tt_ad_003;10.05.2024;3344.3917;152017;2279;706;621;2024-05-10 00:21:00 UTC
tiktok;tt_camp_002;tt_adset_003;tt_ad_003;10.05.2024;3355.2635;152511;2287;708;623;2024-05-10 12:05:59 UTC
tiktok;tt_camp_002;tt_adset_003;tt_ad_003;10.05.2024;3366.1354;153005;2295;710;625;2024-05-11 00:09:59 UTC
tiktok;tt_camp_002;tt_adset_003;tt_ad_003;11.05.2024;3379.0952;153594;2303;712;627;2024-05-11 02:33:00 UTC
tiktok;tt_camp_002;tt_adset_003;tt_ad_003;11.05.2024;3392.0551;154183;2312;715;629;2024-05-11 06:58:35 UTC
tiktok;tt_camp_002;tt_adset_003;tt_ad_003;11.05.2024;3405.0149;154772;2321;718;632;2024-05-11 11:07:11 UTC
tiktok;tt_camp_002;tt_adset_003;tt_ad_003;11.05.2024;3417.9747;155361;2330;721;634;2024-05-11 15:26:47 UTC
tiktok;tt_camp_002;tt_adset_003;tt_ad_003;11.05.2024;3430.9346;155950;2339;724;636;2024-05-11 19:46:23 UTC
tiktok;tt_camp_002;tt_adset_003;tt_ad_003;11.05.2024;3443.8944;156540;2348;727;639;2024-05-12 00:10:59 UTC
tiktok;tt_camp_002;tt_adset_003;tt_ad_003;12.05.2024;3452.1504;156915;2353;728;640;2024-05-12 01:45:00 UTC
tiktok;tt_camp_002;tt_adset_003;tt_ad_003;12.05.2024;3460.4065;157290;2358;730;642;2024-05-12 12:57:29 UTC
tiktok;tt_camp_002;tt_adset_003;tt_ad_003;12.05.2024;3468.6625;157665;2364;732;644;2024-05-13 00:11:59 UTC
tiktok;tt_camp_002;tt_adset_003;tt_ad_003;13.05.2024;3480.1117;158185;2371;734;646;2024-05-13 01:08:00 UTC
tiktok;tt_camp_002;tt_adset_003;tt_ad_003;13.05.2024;3491.5609;158706;2379;736;648;2024-05-13 06:51:29 UTC
tiktok;tt_camp_002;tt_adset_003;tt_ad_003;13.05.2024;3503.0101;159226;2387;739;650;2024-05-13 12:41:59 UTC
tiktok;tt_camp_002;tt_adset_003;tt_ad_003;13.05.2024;3514.4593;159747;2395;741;652;2024-05-13 18:18:29 UTC
tiktok;tt_camp_002;tt_adset_003;tt_ad_003;13.05.2024;3525.9085;160268;2403;744;655;2024-05-14 00:03:59 UTC
tiktok;tt_camp_002;tt_adset_003;tt_ad_003;14.05.2024;3533.8606;160629;2408;745;656;2024-05-14 03:29:00 UTC
tiktok;tt_camp_002;tt_adset_003;tt_ad_003;14.05.2024;3541.8127;160990;2414;747;658;2024-05-14 10:12:59 UTC
tiktok;tt_camp_002;tt_adset_003;tt_ad_003;14.05.2024;3549.7648;161351;2419;749;659;2024-05-14 17:18:59 UTC
tiktok;tt_camp_002;tt_adset_003;tt_ad_003;14.05.2024;3557.7169;161713;2425;751;661;2024-05-15 00:14:59 UTC
tiktok;tt_camp_002;tt_adset_003;tt_ad_003;15.05.2024;3563.6303;161982;2429;752;662;2024-05-15 03:26:00 UTC
tiktok;tt_camp_002;tt_adset_003;tt_ad_003;15.05.2024;3569.5438;162251;2433;753;663;2024-05-15 10:19:59 UTC
tiktok;tt_camp_002;tt_adset_003;tt_ad_003;15.05.2024;3575.4572;162520;2437;754;664;2024-05-15 17:15:59 UTC
tiktok;tt_camp_002;tt_adset_003;tt_ad_003;15.05.2024;3581.3706;162789;2441;756;665;2024-05-16 00:10:59 UTC
tiktok;tt_camp_002;tt_adset_003;tt_ad_003;16.05.2024;3586.112;163004;2444;757;666;2024-05-16 00:38:00 UTC
tiktok;tt_camp_002;tt_adset_003;tt_ad_003;16.05.2024;3590.8533;163219;2447;758;667;2024-05-16 12:17:29 UTC
tiktok;tt_camp_002;tt_adset_003;tt_ad_003;16.05.2024;3595.5947;163435;2451;759;668;2024-05-17 00:02:59 UTC
tiktok;tt_camp_002;tt_adset_003;tt_ad_003;17.05.2024;3599.5588;163615;2453;759;668;2024-05-17 03:32:00 UTC
tiktok;tt_camp_002;tt_adset_003;tt_ad_003;17.05.2024;3603.5229;163795;2456;760;669;2024-05-17 07:41:23 UTC
tiktok;tt_camp_002;tt_adset_003;tt_ad_003;17.05.2024;3607.487;163975;2459;761;670;2024-05-17 11:40:47 UTC
tiktok;tt_camp_002;tt_adset_003;tt_ad_003;17.05.2024;3611.4512;164155;2461;762;670;2024-05-17 15:58:11 UTC
tiktok;tt_camp_002;tt_adset_003;tt_ad_003;17.05.2024;3615.4153;164335;2464;763;671;2024-05-17 20:00:35 UTC
tiktok;tt_camp_002;tt_adset_003;tt_ad_003;17.05.2024;3619.3794;164516;2467;764;672;2024-05-18 00:12:59 UTC
tiktok;tt_camp_002;tt_adset_003;tt_ad_003;18.05.2024;3626.9555;164860;2472;765;673;2024-05-18 00:39:00 UTC
tiktok;tt_camp_002;tt_adset_003;tt_ad_003;18.05.2024;3634.5317;165204;2477;767;674;2024-05-18 12:19:29 UTC
tiktok;tt_camp_002;tt_adset_003;tt_ad_003;18.05.2024;3642.1078;165549;2483;769;676;2024-05-19 00:04:59 UTC
tiktok;tt_camp_002;tt_adset_003;tt_ad_003;19.05.2024;3644.931;165677;2484;769;676;2024-05-19 01:00:00 UTC
tiktok;tt_camp_002;tt_adset_003;tt_ad_003;19.05.2024;3647.7542;165806;2486;770;677;2024-05-19 08:52:19 UTC
tiktok;tt_camp_002;tt_adset_003;tt_ad_003;19.05.2024;3650.5775;165934;2488;770;677;2024-05-19 16:26:39 UTC
tiktok;tt_camp_002;tt_adset_003;tt_ad_003;19.05.2024;3653.4007;166063;2490;771;678;2024-05-20 00:08:59 UTC
tiktok;tt_camp_002;tt_adset_003;tt_ad_003;20.05.2024;3655.9744;166180;2491;771;678;2024-05-20 03:39:00 UTC
tiktok;tt_camp_002;tt_adset_003;tt_ad_003;20.05.2024;3658.5482;166297;2493;772;679;2024-05-20 08:42:14 UTC
tiktok;tt_camp_002;tt_adset_003;tt_ad_003;20.05.2024;3661.1219;166414;2495;772;679;2024-05-20 13:45:29 UTC
tiktok;tt_camp_002;tt_adset_003;tt_ad_003;20.05.2024;3663.6957;166531;2497;773;680;2024-05-20 19:02:44 UTC
tiktok;tt_camp_002;tt_adset_003;tt_ad_003;20.05.2024;3666.2694;166648;2499;774;681;2024-05-21 00:08:59 UTC
tiktok;tt_camp_002;tt_adset_003;tt_ad_003;21.05.2024;3673.0555;166956;2503;775;682;2024-05-21 02:10:00 UTC
tiktok;tt_camp_002;tt_adset_003;tt_ad_003;21.05.2024;3679.8416;167264;2508;777;683;2024-05-21 09:25:19 UTC
tiktok;tt_camp_002;tt_adset_003;tt_ad_003;21.05.2024;3686.6276;167572;2513;778;684;2024-05-21 16:50:39 UTC
tiktok;tt_camp_002;tt_adset_003;tt_ad_003;21.05.2024;3693.4137;167881;2518;780;686;2024-05-22 00:14:59 UTC
tiktok;tt_camp_002;tt_adset_003;tt_ad_003;22.05.2024;3707.6314;168527;2527;783;688;2024-05-22 01:40:00 UTC
tiktok;tt_camp_002;tt_adset_003;tt_ad_003;22.05.2024;3721.8492;169173;2537;786;691;2024-05-22 09:09:39 UTC
tiktok;tt_camp_002;tt_adset_003;tt_ad_003;22.05.2024;3736.067;169819;2546;789;693;2024-05-22 16:41:19 UTC
tiktok;tt_camp_002;tt_adset_003;tt_ad_003;22.05.2024;3750.2847;170466;2556;792;696;2024-05-23 00:10:59 UTC
tiktok;tt_camp_002;tt_adset_003;tt_ad_003;23.05.2024;3756.7884;170761;2560;793;697;2024-05-23 02:51:00 UTC
tiktok;tt_camp_002;tt_adset_003;tt_ad_003;23.05.2024;3763.292;171057;2565;794;698;2024-05-23 13:33:59 UTC
tiktok;tt_camp_002;tt_adset_003;tt_ad_003;23.05.2024;3769.7957;171353;2570;796;700;2024-05-24 00:13:59 UTC
tiktok;tt_camp_002;tt_adset_003;tt_ad_003;24.05.2024;3771.0561;171410;2570;796;700;2024-05-24 00:17:00 UTC
tiktok;tt_camp_002;tt_adset_003;tt_ad_003;24.05.2024;3772.3166;171467;2571;796;700;2024-05-24 08:24:59 UTC
tiktok;tt_camp_002;tt_adset_003;tt_ad_003;24.05.2024;3773.577;171524;2572;796;700;2024-05-24 16:11:59 UTC
tiktok;tt_camp_002;tt_adset_003;tt_ad_003;24.05.2024;3774.8374;171582;2573;797;701;2024-05-25 00:01:59 UTC
tiktok;tt_camp_002;tt_adset_003;tt_ad_003;25.05.2024;3776.204;171644;2574;797;701;2024-05-25 00:30:00 UTC
tiktok;tt_camp_002;tt_adset_003;tt_ad_003;25.05.2024;3777.5705;171706;2575;797;701;2024-05-25 05:15:11 UTC
tiktok;tt_camp_002;tt_adset_003;tt_ad_003;25.05.2024;3778.9371;171768;2576;797;701;2024-05-25 09:58:23 UTC
tiktok;tt_camp_002;tt_adset_003;tt_ad_003;25.05.2024;3780.3037;171830;2577;797;701;2024-05-25 14:43:35 UTC
tiktok;tt_camp_002;tt_adset_003;tt_ad_003;25.05.2024;3781.6702;171892;2578;797;701;2024-05-25 19:18:47 UTC
tiktok;tt_camp_002;tt_adset_003;tt_ad_003;25.05.2024;3783.0368;171955;2579;798;702;2024-05-26 00:01:59 UTC
tiktok;tt_camp_002;tt_adset_003;tt_ad_003;26.05.2024;3794.3689;172470;2586;800;704;2024-05-26 01:45:00 UTC
tiktok;tt_camp_002;tt_adset_003;tt_ad_003;26.05.2024;3805.7009;172985;2594;803;706;2024-05-26 12:54:59 UTC
tiktok;tt_camp_002;tt_adset_003;tt_ad_003;26.05.2024;3817.033;173500;2602;806;709;2024-05-27 00:07:59 UTC
tiktok;tt_camp_002;tt_adset_003;tt_ad_003;27.05.2024;3818.2653;173556;2602;806;709;2024-05-27 02:16:00 UTC
tiktok;tt_camp_002;tt_adset_003;tt_ad_003;27.05.2024;3819.4976;173612;2603;806;709;2024-05-27 07:40:29 UTC
tiktok;tt_camp_002;tt_adset_003;tt_ad_003;27.05.2024;3820.73;173668;2604;806;709;2024-05-27 13:16:59 UTC
tiktok;tt_camp_002;tt_adset_003;tt_ad_003;27.05.2024;3821.9623;173724;2605;806;709;2024-05-27 18:45:29 UTC
tiktok;tt_camp_002;tt_adset_003;tt_ad_003;27.05.2024;3823.1946;173781;2606;807;710;2024-05-28 00:13:59 UTC
tiktok;tt_camp_002;tt_adset_003;tt_ad_003;28.05.2024;3830.7509;174124;2611;808;711;2024-05-28 01:04:00 UTC
tiktok;tt_camp_002;tt_adset_003;tt_ad_003;28.05.2024;3838.3073;174467;2616;810;712;2024-05-28 06:37:44 UTC
tiktok;tt_camp_002;tt_adset_003;tt_ad_003;28.05.2024;3845.8636;174811;2621;811;714;2024-05-28 12:30:29 UTC
tiktok;tt_camp_002;tt_adset_003;tt_ad_003;28.05.2024;3853.42;175154;2626;813;715;2024-05-28 18:25:14 UTC
tiktok;tt_camp_002;tt_adset_003;tt_ad_003;28.05.2024;3860.9763;175498;2632;815;717;2024-05-29 00:06:59 UTC
tiktok;tt_camp_002;tt_adset_003;tt_ad_003;29.05.2024;3867.5199;175795;2636;816;718;2024-05-29 00:28:00 UTC
tiktok;tt_camp_002;tt_adset_003;tt_ad_003;29.05.2024;3874.0635;176092;2640;817;719;2024-05-29 06:21:59 UTC
tiktok;tt_camp_002;tt_adset_003;tt_ad_003;29.05.2024;3880.607;176390;2645;819;720;2024-05-29 12:18:59 UTC
tiktok;tt_camp_002;tt_adset_003;tt_ad_003;29.05.2024;3887.1506;176687;2649;820;721;2024-05-29 18:05:59 UTC
tiktok;tt_camp_002;tt_adset_003;tt_ad_003;29.05.2024;3893.6942;176985;2654;822;723;2024-05-30 00:07:59 UTC
tiktok;tt_camp_002;tt_adset_003;tt_ad_003;30.05.2024;3896.8611;177129;2656;822;723;2024-05-30 02:11:00 UTC
tiktok;tt_camp_002;tt_adset_003;tt_ad_003;30.05.2024;3900.0281;177273;2658;823;724;2024-05-30 06:40:23 UTC
tiktok;tt_camp_002;tt_adset_003;tt_ad_003;30.05.2024;3903.195;177417;2660;824;724;2024-05-30 10:59:47 UTC
tiktok;tt_camp_002;tt_adset_003;tt_ad_003;30.05.2024;3906.3619;177561;2662;824;725;2024-05-30 15:16:11 UTC
tiktok;tt_camp_002;tt_adset_003;tt_ad_003;30.05.2024;3909.5289;177705;2664;825;725;2024-05-30 19:42:35 UTC
tiktok;tt_camp_002;tt_adset_003;tt_ad_003;30.05.2024;3912.6958;177849;2667;826;726;2024-05-31 00:02:59 UTC
tiktok;tt_camp_002;tt_adset_003;tt_ad_003;31.05.2024;3914.972;177952;2668;826;726;2024-05-31 01:07:00 UTC
tiktok;tt_camp_002;tt_adset_003;tt_ad_003;31.05.2024;3917.2481;178055;2670;826;727;2024-05-31 06:53:44 UTC
tiktok;tt_camp_002;tt_adset_003;tt_ad_003;31.05.2024;3919.5243;178159;2671;827;727;2024-05-31 12:40:29 UTC
tiktok;tt_camp_002;tt_adset_003;tt_ad_003;31.05.2024;3921.8004;178262;2673;827;728;2024-05-31 18:16:14 UTC
tiktok;tt_camp_002;tt_adset_003;tt_ad_003;31.05.2024;3924.0766;178366;2675;828;729;2024-06-01 00:03:59 UTC
tiktok;tt_camp_002;tt_adset_003;tt_ad_003;01.06.2024;3929.7218;178622;2678;829;730;2024-06-01 01:08:00 UTC
tiktok;tt_camp_002;tt_adset_003;tt_ad_003;01.06.2024;3935.367;178879;2682;830;731;2024-06-01 12:27:59 UTC
tiktok;tt_camp_002;tt_adset_003;tt_ad_003;01.06.2024;3941.0122;179136;2686;832;732;2024-06-02 00:03:59 UTC
tiktok;tt_camp_002;tt_adset_003;tt_ad_003;02.06.2024;3949.9006;179540;2692;833;733;2024-06-02 03:30:00 UTC
tiktok;tt_camp_002;tt_adset_003;tt_ad_003;02.06.2024;3958.7889;179944;2698;835;735;2024-06-02 13:56:29 UTC
tiktok;tt_camp_002;tt_adset_003;tt_ad_003;02.06.2024;3967.6773;180348;2705;837;737;2024-06-03 00:02:59 UTC
tiktok;tt_camp_002;tt_adset_003;tt_ad_003;03.06.2024;3969.2696;180420;2706;837;737;2024-06-03 00:48:00 UTC
tiktok;tt_camp_002;tt_adset_003;tt_ad_003;03.06.2024;3970.8618;180492;2707;838;737;2024-06-03 08:38:19 UTC
tiktok;tt_camp_002;tt_adset_003;tt_ad_003;03.06.2024;3972.454;180564;2708;838;737;2024-06-03 16:23:39 UTC
tiktok;tt_camp_002;tt_adset_003;tt_ad_003;03.06.2024;3974.0463;180637;2709;839;738;2024-06-04 00:11:59 UTC
tiktok;tt_camp_002;tt_adset_003;tt_ad_003;04.06.2024;3982.9023;181039;2715;840;739;2024-06-04 01:24:00 UTC
tiktok;tt_camp_002;tt_adset_003;tt_ad_003;04.06.2024;3991.7584;181442;2721;842;741;2024-06-04 05:58:59 UTC
tiktok;tt_camp_002;tt_adset_003;tt_ad_003;04.06.2024;4000.6144;181845;2727;844;743;2024-06-04 10:38:59 UTC
tiktok;tt_camp_002;tt_adset_003;tt_ad_003;04.06.2024;4009.4704;182247;2733;846;744;2024-06-04 15:07:59 UTC
tiktok;tt_camp_002;tt_adset_003;tt_ad_003;04.06.2024;4018.3265;182650;2739;848;746;2024-06-04 19:33:59 UTC
tiktok;tt_camp_002;tt_adset_003;tt_ad_003;04.06.2024;4027.1825;183053;2745;850;748;2024-06-05 00:04:59 UTC
tiktok;tt_camp_002;tt_adset_003;tt_ad_003;05.06.2024;4036.0121;183454;2751;852;749;2024-06-05 02:16:00 UTC
tiktok;tt_camp_002;tt_adset_003;tt_ad_003;05.06.2024;4044.8418;183855;2757;854;751;2024-06-05 13:14:29 UTC
tiktok;tt_camp_002;tt_adset_003;tt_ad_003;05.06.2024;4053.6714;184257;2763;856;753;2024-06-06 00:14:59 UTC
tiktok;tt_camp_002;tt_adset_003;tt_ad_003;06.06.2024;4063.237;184691;2769;858;754;2024-06-06 01:27:00 UTC
tiktok;tt_camp_002;tt_adset_003;tt_ad_003;06.06.2024;4072.8027;185126;2776;860;756;2024-06-06 12:45:59 UTC
tiktok;tt_camp_002;tt_adset_003;tt_ad_003;06.06.2024;4082.3683;185561;2783;862;758;2024-06-07 00:00:59 UTC
tiktok;tt_camp_002;tt_adset_003;tt_ad_003;07.06.2024;4087.7943;185807;2786;863;759;2024-06-07 01:04:00 UTC
tiktok;tt_camp_002;tt_adset_003;tt_ad_003;07.06.2024;4093.2203;186054;2790;864;760;2024-06-07 05:46:47 UTC
tiktok;tt_camp_002;tt_adset_003;tt_ad_003;07.06.2024;4098.6462;186301;2794;865;761;2024-06-07 10:14:35 UTC
tiktok;tt_camp_002;tt_adset_003;tt_ad_003;07.06.2024;4104.0722;186547;2797;866;762;2024-06-07 14:59:23 UTC
tiktok;tt_camp_002;tt_adset_003;tt_ad_003;07.06.2024;4109.4982;186794;2801;867;763;2024-06-07 19:37:11 UTC
tiktok;tt_camp_002;tt_adset_003;tt_ad_003;07.06.2024;4114.9242;187041;2805;869;764;2024-06-08 00:04:59 UTC
tiktok;tt_camp_002;tt_adset_003;tt_ad_003;08.06.2024;4124.8789;187493;2811;871;765;2024-06-08 00:43:00 UTC
tiktok;tt_camp_002;tt_adset_003;tt_ad_003;08.06.2024;4134.8335;187945;2818;873;767;2024-06-08 06:27:14 UTC
tiktok;tt_camp_002;tt_adset_003;tt_ad_003;08.06.2024;4144.7882;188398;2825;875;769;2024-06-08 12:23:29 UTC
tiktok;tt_camp_002;tt_adset_003;tt_ad_003;08.06.2024;4154.7428;188850;2832;877;771;2024-06-08 18:12:44 UTC
tiktok;tt_camp_002;tt_adset_003;tt_ad_003;08.06.2024;4164.6975;189303;2839;879;773;2024-06-09 00:04:59 UTC
tiktok;tt_camp_002;tt_adset_003;tt_ad_003;09.06.2024;4169.463;189519;2842;880;774;2024-06-09 01:35:00 UTC
tiktok;tt_camp_002;tt_adset_003;tt_ad_003;09.06.2024;4174.2285;189736;2845;881;775;2024-06-09 07:16:44 UTC
tiktok;tt_camp_002;tt_adset_003;tt_ad_003;09.06.2024;4178.9939;189952;2848;882;776;2024-06-09 12:52:29 UTC
tiktok;tt_camp_002;tt_adset_003;tt_ad_003;09.06.2024;4183.7594;190169;2851;883;777;2024-06-09 18:35:14 UTC
tiktok;tt_camp_002;tt_adset_003;tt_ad_003;09.06.2024;4188.5249;190386;2855;884;778;2024-06-10 00:12:59 UTC
tiktok;tt_camp_002;tt_adset_003;tt_ad_003;10.06.2024;4197.0275;190772;2860;885;779;2024-06-10 01:10:00 UTC
tiktok;tt_camp_002;tt_adset_003;tt_ad_003;10.06.2024;4205.5302;191159;2866;887;781;2024-06-10 09:00:59 UTC
tiktok;tt_camp_002;tt_adset_003;tt_ad_003;10.06.2024;4214.0328;191545;2872;889;782;2024-06-10 16:29:59 UTC
tiktok;tt_camp_002;tt_adset_003;tt_ad_003;10.06.2024;4222.5354;191932;2878;891;784;2024-06-11 00:00:59 UTC
tiktok;tt_camp_002;tt_adset_003;tt_ad_003;11.06.2024;4225.4224;192063;2880;891;784;2024-06-11 02:54:00 UTC
tiktok;tt_camp_002;tt_adset_003;tt_ad_003;11.06.2024;4228.3095;192194;2882;892;785;2024-06-11 09:58:39 UTC
tiktok;tt_camp_002;tt_adset_003;tt_ad_003;11.06.2024;4231.1966;192325;2884;893;785;2024-06-11 17:08:19 UTC
tiktok;tt_camp_002;tt_adset_003;tt_ad_003;11.06.2024;4234.0836;192457;2886;894;786;2024-06-12 00:00:59 UTC
tiktok;tt_camp_002;tt_adset_003;tt_ad_003;12.06.2024;4246.9997;193044;2894;896;788;2024-06-12 00:59:00 UTC
tiktok;tt_camp_002;tt_adset_003;tt_ad_003;12.06.2024;4259.9159;193631;2903;899;790;2024-06-12 06:42:59 UTC
tiktok;tt_camp_002;tt_adset_003;tt_ad_003;12.06.2024;4272.832;194218;2912;901;793;2024-06-12 12:37:59 UTC
tiktok;tt_camp_002;tt_adset_003;tt_ad_003;12.06.2024;4285.7482;194805;2921;904;795;2024-06-12 18:23:59 UTC
tiktok;tt_camp_002;tt_adset_003;tt_ad_003;12.06.2024;4298.6643;195393;2930;907;798;2024-06-13 00:11:59 UTC
tiktok;tt_camp_002;tt_adset_003;tt_ad_003;13.06.2024;4303.1934;195598;2933;908;798;2024-06-13 00:22:00 UTC
tiktok;tt_camp_002;tt_adset_003;tt_ad_003;13.06.2024;4307.7226;195804;2936;909;799;2024-06-13 06:13:44 UTC
tiktok;tt_camp_002;tt_adset_003;tt_ad_003;13.06.2024;4312.2517;196010;2939;910;800;2024-06-13 12:13:29 UTC
tiktok;tt_camp_002;tt_adset_003;tt_ad_003;13.06.2024;4316.7809;196216;2942;911;801;2024-06-13 18:11:14 UTC
tiktok;tt_camp_002;tt_adset_003;tt_ad_003;13.06.2024;4321.31;196422;2946;912;802;2024-06-14 00:00:59 UTC
tiktok;tt_camp_002;tt_adset_003;tt_ad_003;14.06.2024;4324.1844;196552;2948;912;802;2024-06-14 02:06:00 UTC
tiktok;tt_camp_002;tt_adset_003;tt_ad_003;14.06.2024;4327.0588;196683;2950;913;803;2024-06-14 09:38:19 UTC
tiktok;tt_camp_002;tt_adset_003;tt_ad_003;14.06.2024;4329.9333;196814;2952;914;804;2024-06-14 16:45:39 UTC
tiktok;tt_camp_002;tt_adset_003;tt_ad_003;14.06.2024;4332.8077;196945;2954;915;805;2024-06-15 00:14:59 UTC
tiktok;tt_camp_002;tt_adset_003;tt_ad_003;15.06.2024;4335.1789;197052;2955;915;805;2024-06-15 02:41:00 UTC
tiktok;tt_camp_002;tt_adset_003;tt_ad_003;15.06.2024;4337.5501;197160;2957;916;805;2024-06-15 06:49:11 UTC
tiktok;tt_camp_002;tt_adset_003;tt_ad_003;15.06.2024;4339.9213;197268;2958;916;806;2024-06-15 11:15:23 UTC
tiktok;tt_camp_002;tt_adset_003;tt_ad_003;15.06.2024;4342.2925;197375;2960;917;806;2024-06-15 15:25:35 UTC
tiktok;tt_camp_002;tt_adset_003;tt_ad_003;15.06.2024;4344.6637;197483;2961;917;806;2024-06-15 19:50:47 UTC
tiktok;tt_camp_002;tt_adset_003;tt_ad_003;15.06.2024;4347.0349;197591;2963;918;807;2024-06-16 00:02:59 UTC
tiktok;tt_camp_002;tt_adset_003;tt_ad_003;16.06.2024;4347.4947;197612;2963;918;807;2024-06-16 00:47:00 UTC
tiktok;tt_camp_002;tt_adset_003;tt_ad_003;16.06.2024;4347.9545;197633;2963;918;807;2024-06-16 05:18:35 UTC
tiktok;tt_camp_002;tt_adset_003;tt_ad_003;16.06.2024;4348.4142;197654;2964;918;807;2024-06-16 10:05:11 UTC
tiktok;tt_camp_002;tt_adset_003;tt_ad_003;16.06.2024;4348.874;197675;2964;918;807;2024-06-16 14:49:47 UTC
tiktok;tt_camp_002;tt_adset_003;tt_ad_003;16.06.2024;4349.3338;197696;2964;918;807;2024-06-16 19:22:23 UTC
tiktok;tt_camp_002;tt_adset_003;tt_ad_003;16.06.2024;4349.7936;197717;2965;918;808;2024-06-17 00:03:59 UTC
tiktok;tt_camp_002;tt_adset_003;tt_ad_003;17.06.2024;4352.6238;197845;2967;918;808;2024-06-17 03:00:00 UTC
tiktok;tt_camp_002;tt_adset_003;tt_ad_003;17.06.2024;4355.454;197974;2969;919;808;2024-06-17 08:25:29 UTC
tiktok;tt_camp_002;tt_adset_003;tt_ad_003;17.06.2024;4358.2842;198102;2971;919;809;2024-06-17 13:39:59 UTC
tiktok;tt_camp_002;tt_adset_003;tt_ad_003;17.06.2024;4361.1144;198231;2973;920;809;2024-06-17 18:50:29 UTC
tiktok;tt_camp_002;tt_adset_003;tt_ad_003;17.06.2024;4363.9446;198360;2975;921;810;2024-06-18 00:11:59 UTC
tiktok;tt_camp_002;tt_adset_003;tt_ad_003;18.06.2024;4364.1598;198369;2975;921;810;2024-06-18 02:33:00 UTC
tiktok;tt_camp_002;tt_adset_003;tt_ad_003;18.06.2024;4364.375;198379;2975;921;810;2024-06-18 07:54:59 UTC
tiktok;tt_camp_002;tt_adset_003;tt_ad_003;18.06.2024;4364.5901;198389;2975;921;810;2024-06-18 13:15:59 UTC
tiktok;tt_camp_002;tt_adset_003;tt_ad_003;18.06.2024;4364.8053;198399;2975;921;810;2024-06-18 18:40:59 UTC
tiktok;tt_camp_002;tt_adset_003;tt_ad_003;18.06.2024;4365.0205;198409;2976;921;811;2024-06-19 00:02:59 UTC
tiktok;tt_camp_002;tt_adset_003;tt_ad_003;19.06.2024;4376.937;198950;2984;923;813;2024-06-19 01:09:00 UTC
tiktok;tt_camp_002;tt_adset_003;tt_ad_003;19.06.2024;4388.8534;199492;2992;926;815;2024-06-19 12:40:59 UTC
tiktok;tt_camp_002;tt_adset_003;tt_ad_003;19.06.2024;4400.7699;200034;3000;929;817;2024-06-20 00:07:59 UTC
tiktok;tt_camp_002;tt_adset_003;tt_ad_003;20.06.2024;4406.3857;200289;3003;930;818;2024-06-20 03:16:00 UTC
tiktok;tt_camp_002;tt_adset_003;tt_ad_003;20.06.2024;4412.0016;200544;3007;931;819;2024-06-20 08:26:14 UTC
tiktok;tt_camp_002;tt_adset_003;tt_ad_003;20.06.2024;4417.6174;200799;3011;932;820;2024-06-20 13:46:29 UTC
tiktok;tt_camp_002;tt_adset_003;tt_ad_003;20.06.2024;4423.2333;201054;3015;933;821;2024-06-20 18:50:44 UTC
tiktok;tt_camp_002;tt_adset_003;tt_ad_003;20.06.2024;4428.8491;201310;3019;935;822;2024-06-21 00:07:59 UTC
tiktok;tt_camp_002;tt_adset_003;tt_ad_003;21.06.2024;4430.5844;201389;3020;935;822;2024-06-21 03:30:00 UTC
tiktok;tt_camp_002;tt_adset_003;tt_ad_003;21.06.2024;4432.3197;201468;3021;935;822;2024-06-21 08:28:59 UTC
tiktok;tt_camp_002;tt_adset_003;tt_ad_003;21.06.2024;4434.055;201547;3022;936;823;2024-06-21 13:39:59 UTC
tiktok;tt_camp_002;tt_adset_003;tt_ad_003;21.06.2024;4435.7903;201626;3023;936;823;2024-06-21 18:51:59 UTC
tiktok;tt_camp_002;tt_adset_003;tt_ad_003;21.06.2024;4437.5256;201705;3025;937;824;2024-06-22 00:12:59 UTC
tiktok;tt_camp_002;tt_adset_003;tt_ad_003;22.06.2024;4441.4835;201884;3027;937;824;2024-06-22 00:27:00 UTC
tiktok;tt_camp_002;tt_adset_003;tt_ad_003;22.06.2024;4445.4415;202064;3030;938;825;2024-06-22 06:23:44 UTC
tiktok;tt_camp_002;tt_adset_003;tt_ad_003;22.06.2024;4449.3994;202244;3032;939;826;2024-06-22 12:12:29 UTC
tiktok;tt_camp_002;tt_adset_003;tt_ad_003;22.06.2024;4453.3574;202424;3035;940;827;2024-06-22 18:06:14 UTC
tiktok;tt_camp_002;tt_adset_003;tt_ad_003;22.06.2024;4457.3153;202604;3038;941;828;2024-06-23 00:01:59 UTC
tiktok;tt_camp_002;tt_adset_003;tt_ad_003;23.06.2024;4462.4358;202836;3041;942;828;2024-06-23 02:34:00 UTC
tiktok;tt_camp_002;tt_adset_003;tt_ad_003;23.06.2024;4467.5564;203069;3045;943;829;2024-06-23 09:37:39 UTC
tiktok;tt_camp_002;tt_adset_003;tt_ad_003;23.06.2024;4472.6769;203302;3048;944;830;2024-06-23 16:59:19 UTC
tiktok;tt_camp_002;tt_adset_003;tt_ad_003;23.06.2024;4477.7974;203535;3052;945;831;2024-06-24 00:04:59 UTC
tiktok;tt_camp_002;tt_adset_003;tt_ad_003;24.06.2024;4479.2119;203599;3053;945;831;2024-06-24 01:08:00 UTC
tiktok;tt_camp_002;tt_adset_003;tt_ad_003;24.06.2024;4480.6264;203663;3054;945;831;2024-06-24 06:59:44 UTC
tiktok;tt_camp_002;tt_adset_003;tt_ad_003;24.06.2024;4482.041;203728;3055;946;832;2024-06-24 12:38:29 UTC
tiktok;tt_camp_002;tt_adset_003;tt_ad_003;24.06.2024;4483.4555;203792;3056;946;832;2024-06-24 18:24:14 UTC
tiktok;tt_camp_002;tt_adset_003;tt_ad_003;24.06.2024;4484.87;203857;3057;947;833;2024-06-25 00:11:59 UTC
tiktok;tt_camp_002;tt_adset_003;tt_ad_003;25.06.2024;4489.1752;204052;3060;947;833;2024-06-25 00:31:00 UTC
tiktok;tt_camp_002;tt_adset_003;tt_ad_003;25.06.2024;4493.4804;204248;3063;948;834;2024-06-25 08:32:19 UTC
tiktok;tt_camp_002;tt_adset_003;tt_ad_003;25.06.2024;4497.7855;204443;3066;949;835;2024-06-25 16:22:39 UTC
tiktok;tt_camp_002;tt_adset_003;tt_ad_003;25.06.2024;4502.0907;204639;3069;950;836;2024-06-26 00:02:59 UTC
tiktok;tt_camp_002;tt_adset_003;tt_ad_003;26.06.2024;4509.0808;204957;3073;951;837;2024-06-26 00:17:00 UTC
tiktok;tt_camp_002;tt_adset_003;tt_ad_003;26.06.2024;4516.0708;205275;3078;953;838;2024-06-26 12:14:29 UTC
tiktok;tt_camp_002;tt_adset_003;tt_ad_003;26.06.2024;4523.0609;205593;3083;955;840;2024-06-27 00:03:59 UTC
tiktok;tt_camp_002;tt_adset_003;tt_ad_003;27.06.2024;4527.274;205784;3086;955;840;2024-06-27 01:59:00 UTC
tiktok;tt_camp_002;tt_adset_003;tt_ad_003;27.06.2024;4531.4872;205976;3089;956;841;2024-06-27 09:20:39 UTC
tiktok;tt_camp_002;tt_adset_003;tt_ad_003;27.06.2024;4535.7004;206167;3092;957;842;2024-06-27 16:48:19 UTC
tiktok;tt_camp_002;tt_adset_003;tt_ad_003;27.06.2024;4539.9135;206359;3095;958;843;2024-06-28 00:10:59 UTC
tiktok;tt_camp_002;tt_adset_003;tt_ad_003;28.06.2024;4543.7427;206533;3097;959;843;2024-06-28 03:12:00 UTC
tiktok;tt_camp_002;tt_adset_003;tt_ad_003;28.06.2024;4547.5719;206707;3100;960;844;2024-06-28 13:30:59 UTC
tiktok;tt_camp_002;tt_adset_003;tt_ad_003;28.06.2024;4551.4011;206881;3103;961;845;2024-06-29 00:00:59 UTC
tiktok;tt_camp_002;tt_adset_003;tt_ad_003;29.06.2024;4554.1911;207007;3104;961;845;2024-06-29 02:08:00 UTC
tiktok;tt_camp_002;tt_adset_003;tt_ad_003;29.06.2024;4556.981;207134;3106;962;846;2024-06-29 13:06:29 UTC
tiktok;tt_camp_002;tt_adset_003;tt_ad_003;29.06.2024;4559.771;207261;3108;963;847;2024-06-30 00:12:59 UTC
tiktok;tt_camp_002;tt_adset_003;tt_ad_003;30.06.2024;4563.867;207447;3111;963;847;2024-06-30 01:11:00 UTC
tiktok;tt_camp_002;tt_adset_003;tt_ad_003;30.06.2024;4567.963;207633;3114;964;848;2024-06-30 08:51:59 UTC
tiktok;tt_camp_002;tt_adset_003;tt_ad_003;30.06.2024;4572.0589;207819;3117;965;849;2024-06-30 16:31:59 UTC
tiktok;tt_camp_002;tt_adset_003;tt_ad_003;30.06.2024;4576.1549;208006;3120;966;850;2024-07-01 00:05:59 UTC
tiktok;tt_camp_002;tt_adset_003;tt_ad_003;01.07.2024;4580.397;208198;3122;967;850;2024-07-01 00:30:00 UTC
tiktok;tt_camp_002;tt_adset_003;tt_ad_003;01.07.2024;4584.6392;208391;3125;968;851;2024-07-01 12:17:29 UTC
tiktok;tt_camp_002;tt_adset_003;tt_ad_003;01.07.2024;4588.8813;208584;3128;969;852;2024-07-02 00:14:59 UTC
tiktok;tt_camp_002;tt_adset_003;tt_ad_003;02.07.2024;4594.0584;208819;3131;970;853;2024-07-02 03:32:00 UTC
tiktok;tt_camp_002;tt_adset_003;tt_ad_003;02.07.2024;4599.2354;209054;3135;971;854;2024-07-02 07:43:47 UTC
tiktok;tt_camp_002;tt_adset_003;tt_ad_003;02.07.2024;4604.4124;209290;3138;972;855;2024-07-02 11:53:35 UTC
tiktok;tt_camp_002;tt_adset_003;tt_ad_003;02.07.2024;4609.5895;209525;3142;973;856;2024-07-02 15:55:23 UTC
tiktok;tt_camp_002;tt_adset_003;tt_ad_003;02.07.2024;4614.7665;209760;3145;974;857;2024-07-02 19:57:11 UTC
tiktok;tt_camp_002;tt_adset_003;tt_ad_003;02.07.2024;4619.9436;209996;3149;975;858;2024-07-03 00:05:59 UTC
tiktok;tt_camp_002;tt_adset_003;tt_ad_003;03.07.2024;4632.8975;210585;3158;977;860;2024-07-03 01:22:00 UTC
tiktok;tt_camp_002;tt_adset_003;tt_ad_003;03.07.2024;4645.8514;211174;3167;980;863;2024-07-03 08:59:19 UTC
tiktok;tt_camp_002;tt_adset_003;tt_ad_003;03.07.2024;4658.8054;211763;3176;983;865;2024-07-03 16:40:39 UTC
tiktok;tt_camp_002;tt_adset_003;tt_ad_003;03.07.2024;4671.7593;212352;3185;986;868;2024-07-04 00:02:59 UTC
tiktok;tt_camp_002;tt_adset_003;tt_ad_003;04.07.2024;4684.7732;212943;3193;988;870;2024-07-04 01:46:00 UTC
tiktok;tt_camp_002;tt_adset_003;tt_ad_003;04.07.2024;4697.7871;213534;3202;991;872;2024-07-04 12:58:29 UTC
tiktok;tt_camp_002;tt_adset_003;tt_ad_003;04.07.2024;4710.801;214126;3211;994;875;2024-07-05 00:06:59 UTC
tiktok;tt_camp_002;tt_adset_003;tt_ad_003;05.07.2024;4714.3848;214289;3213;994;875;2024-07-05 00:10:00 UTC
tiktok;tt_camp_002;tt_adset_003;tt_ad_003;05.07.2024;4717.9686;214452;3216;995;876;2024-07-05 04:58:59 UTC
tiktok;tt_camp_002;tt_adset_003;tt_ad_003;05.07.2024;4721.5524;214615;3218;996;877;2024-07-05 09:41:59 UTC
tiktok;tt_camp_002;tt_adset_003;tt_ad_003;05.07.2024;4725.1362;214778;3221;997;877;2024-07-05 14:32:59 UTC
tiktok;tt_camp_002;tt_adset_003;tt_ad_003;05.07.2024;4728.72;214941;3223;998;878;2024-07-05 19:16:59 UTC
tiktok;tt_camp_002;tt_adset_003;tt_ad_003;05.07.2024;4732.3038;215104;3226;999;879;2024-07-06 00:10:59 UTC
tiktok;tt_camp_002;tt_adset_003;tt_ad_003;06.07.2024;4735.2714;215238;3228;999;879;2024-07-06 00:37:00 UTC
tiktok;tt_camp_002;tt_adset_003;tt_ad_003;06.07.2024;4738.239;215373;3230;1000;880;2024-07-06 08:27:59 UTC
tiktok;tt_camp_002;tt_adset_003;tt_ad_003;06.07.2024;4741.2066;215508;3232;1000;880;2024-07-06 16:13:59 UTC
tiktok;tt_camp_002;tt_adset_003;tt_ad_003;06.07.2024;4744.1742;215643;3234;1001;881;2024-07-07 00:07:59 UTC
tiktok;tt_camp_002;tt_adset_003;tt_ad_003;07.07.2024;4750.5621;215933;3238;1002;882;2024-07-07 03:08:00 UTC
tiktok;tt_camp_002;tt_adset_003;tt_ad_003;07.07.2024;4756.95;216223;3242;1004;883;2024-07-07 07:19:23 UTC
tiktok;tt_camp_002;tt_adset_003;tt_ad_003;07.07.2024;4763.3378;216514;3247;1005;884;2024-07-07 11:28:47 UTC
tiktok;tt_camp_002;tt_adset_003;tt_ad_003;07.07.2024;4769.7257;216804;3251;1007;885;2024-07-07 15:42:11 UTC
tiktok;tt_camp_002;tt_adset_003;tt_ad_003;07.07.2024;4776.1136;217094;3255;1008;886;2024-07-07 19:52:35 UTC
tiktok;tt_camp_002;tt_adset_003;tt_ad_003;07.07.2024;4782.5015;217385;3260;1010;888;2024-07-08 00:02:59 UTC
tiktok;tt_camp_002;tt_adset_003;tt_ad_003;08.07.2024;4793.2991;217876;3267;1012;890;2024-07-08 02:42:00 UTC
tiktok;tt_camp_002;tt_adset_003;tt_ad_003;08.07.2024;4804.0967;218367;3274;1014;892;2024-07-08 13:19:59 UTC
tiktok;tt_camp_002;tt_adset_003;tt_ad_003;08.07.2024;4814.8943;218858;3282;1016;894;2024-07-09 00:14:59 UTC
tiktok;tt_camp_002;tt_adset_003;tt_ad_003;09.07.2024;4824.7816;219307;3288;1018;895;2024-07-09 00:59:00 UTC
tiktok;tt_camp_002;tt_adset_003;tt_ad_003;09.07.2024;4834.6689;219756;3295;1020;897;2024-07-09 06:47:14 UTC
tiktok;tt_camp_002;tt_adset_003;tt_ad_003;09.07.2024;4844.5563;220206;3302;1022;899;2024-07-09 12:31:29 UTC
tiktok;tt_camp_002;tt_adset_003;tt_ad_003;09.07.2024;4854.4436;220655;3309;1024;901;2024-07-09 18:25:44 UTC
tiktok;tt_camp_002;tt_adset_003;tt_ad_003;09.07.2024;4864.3309;221105;3316;1027;903;2024-07-10 00:09:59 UTC
tiktok;tt_camp_002;tt_adset_003;tt_ad_003;10.07.2024;4870.2925;221376;3320;1028;904;2024-07-10 01:10:00 UTC
tiktok;tt_camp_002;tt_adset_003;tt_ad_003;10.07.2024;4876.2541;221647;3324;1029;905;2024-07-10 08:54:59 UTC
tiktok;tt_camp_002;tt_adset_003;tt_ad_003;10.07.2024;4882.2157;221918;3328;1030;906;2024-07-10 16:25:59 UTC
tiktok;tt_camp_002;tt_adset_003;tt_ad_003;10.07.2024;4888.1773;222189;3332;1032;908;2024-07-11 00:04:59 UTC
tiktok;tt_camp_002;tt_adset_003;tt_ad_003;11.07.2024;4908.973;223134;3346;1036;911;2024-07-11 01:50:00 UTC
tiktok;tt_camp_002;tt_adset_003;tt_ad_003;11.07.2024;4929.7688;224079;3360;1040;915;2024-07-11 13:00:59 UTC
tiktok;tt_camp_002;tt_adset_003;tt_ad_003;11.07.2024;4950.5645;225024;3375;1045;919;2024-07-12 00:06:59 UTC
tiktok;tt_camp_002;tt_adset_003;tt_ad_003;12.07.2024;4955.3349;225241;3378;1046;920;2024-07-12 01:15:00 UTC
tiktok;tt_camp_002;tt_adset_003;tt_ad_003;12.07.2024;4960.1052;225458;3381;1047;921;2024-07-12 07:03:14 UTC
tiktok;tt_camp_002;tt_adset_003;tt_ad_003;12.07.2024;4964.8756;225675;3384;1048;922;2024-07-12 12:41:29 UTC
tiktok;tt_camp_002;tt_adset_003;tt_ad_003;12.07.2024;4969.6459;225892;3387;1049;923;2024-07-12 18:30:44 UTC
tiktok;tt_camp_002;tt_adset_003;tt_ad_003;12.07.2024;4974.4163;226109;3391;1050;924;2024-07-13 00:11:59 UTC
tiktok;tt_camp_002;tt_adset_003;tt_ad_003;13.07.2024;4976.7805;226216;3392;1050;924;2024-07-13 00:57:00 UTC
tiktok;tt_camp_002;tt_adset_003;tt_ad_003;13.07.2024;4979.1447;226323;3394;1051;924;2024-07-13 06:39:44 UTC
tiktok;tt_camp_002;tt_adset_003;tt_ad_003;13.07.2024;4981.5089;226431;3395;1051;925;2024-07-13 12:32:29 UTC
tiktok;tt_camp_002;tt_adset_003;tt_ad_003;13.07.2024;4983.8731;226538;3397;1052;925;2024-07-13 18:21:14 UTC
tiktok;tt_camp_002;tt_adset_003;tt_ad_003;13.07.2024;4986.2373;226646;3399;1053;926;2024-07-14 00:02:59 UTC
tiktok;tt_camp_002;tt_adset_003;tt_ad_003;14.07.2024;4989.678;226802;3401;1053;926;2024-07-14 03:39:00 UTC
tiktok;tt_camp_002;tt_adset_003;tt_ad_003;14.07.2024;4993.1186;226959;3404;1054;927;2024-07-14 07:22:51 UTC
tiktok;tt_camp_002;tt_adset_003;tt_ad_003;14.07.2024;4996.5593;227115;3406;1055;928;2024-07-14 11:13:42 UTC
tiktok;tt_camp_002;tt_adset_003;tt_ad_003;14.07.2024;5000.0;227272;3409;1056;929;2024-07-14 14:51:34 UTC
